status,private pool,propertyType,street,baths,homeFacts,fireplace,city,schools,sqft,zipcode,beds,state,stories,mls-id,PrivatePool,MlsId,target
Active,,Single Family Home,240 Heather Ln,3.5,"{'atAGlanceFacts': [{'factValue': '2019', 'factLabel': 'Year built'}, {'factValue': '', 'factLabel': 'Remodeled year'}, {'factValue': 'Central A/C, Heat Pump', 'factLabel': 'Heating'}, {'factValue': '', 'factLabel': 'Cooling'}, {'factValue': '', 'factLabel': 'Parking'}, {'factValue': None, 'factLabel': 'lotsize'}, {'factValue': '$144', 'factLabel': 'Price/sqft'}]}",Gas Logs,Southern Pines,"[{'rating': ['4', '4', '7', 'NR', '4', '7', 'NR', 'NR'], 'data': {'Distance': ['2.7 mi', '3.6 mi', '5.1 mi', '4.0 mi', '10.5 mi', '12.6 mi', '2.7 mi', '3.1 mi'], 'Grades': ['3–5', '6–8', '9–12', 'PK–2', '6–8', '9–12', 'PK–5', 'K–12']}, 'name': ['Southern Pines Elementary School', 'Southern Middle School', 'Pinecrest High School', 'Southern Pines Primary School', ""Crain's Creek Middle School"", 'Union Pines High School', 'Episcopal Day Private School', 'Calvary Christian Private School']}]",2900,28387,4,NC,,,,611019,"$418,000"
for sale,,single-family home,12911 E Heroy Ave,3 Baths,"{'atAGlanceFacts': [{'factValue': '2019', 'factLabel': 'Year built'}, {'factValue': '', 'factLabel': 'Remodeled year'}, {'factValue': '', 'factLabel': 'Heating'}, {'factValue': '', 'factLabel': 'Cooling'}, {'factValue': '', 'factLabel': 'Parking'}, {'factValue': '5828 sqft', 'factLabel': 'lotsize'}, {'factValue': '$159/sqft', 'factLabel': 'Price/sqft'}]}",,Spokane Valley,"[{'rating': ['4/10', 'None/10', '4/10'], 'data': {'Distance': ['1.65mi', '1.32mi', '1.01mi'], 'Grades': ['9-12', '3-8', 'PK-8']}, 'name': ['East Valley High School&Extension', 'Eastvalley Middle School', 'Trentwood Elementary School']}]","1,947 sqft",99216,3 Beds,WA,2.0,,,201916904,"$310,000"
for sale,,single-family home,2005 Westridge Rd,2 Baths,"{'atAGlanceFacts': [{'factValue': '1961', 'factLabel': 'Year built'}, {'factValue': '1967', 'factLabel': 'Remodeled year'}, {'factValue': 'Forced Air', 'factLabel': 'Heating'}, {'factValue': 'Central', 'factLabel': 'Cooling'}, {'factValue': 'Attached Garage', 'factLabel': 'Parking'}, {'factValue': '8,626 sqft', 'factLabel': 'lotsize'}, {'factValue': '$965/sqft', 'factLabel': 'Price/sqft'}]}",yes,Los Angeles,"[{'rating': ['8/10', '4/10', '8/10'], 'data': {'Distance': ['1.19mi', '2.06mi', '2.63mi'], 'Grades': ['6-8', 'K-5', '9-12']}, 'name': ['Paul Revere Middle School', 'Brentwood Science School', 'Palisades Charter High School']}]","3,000 sqft",90049,3 Beds,CA,1.0,,yes,FR19221027,"$2,895,000"
for sale,,single-family home,4311 Livingston Ave,8 Baths,"{'atAGlanceFacts': [{'factValue': '2006', 'factLabel': 'Year built'}, {'factValue': '2006', 'factLabel': 'Remodeled year'}, {'factValue': 'Forced Air', 'factLabel': 'Heating'}, {'factValue': 'Central', 'factLabel': 'Cooling'}, {'factValue': 'Detached Garage', 'factLabel': 'Parking'}, {'factValue': '8,220 sqft', 'factLabel': 'lotsize'}, {'factValue': '$371/sqft', 'factLabel': 'Price/sqft'}]}",yes,Dallas,"[{'rating': ['9/10', '9/10', '10/10', '9/10'], 'data': {'Distance': ['1.05mi', '0.1mi', '1.05mi', '0.81mi'], 'Grades': ['5-6', 'PK-4', '7-8', '9-12']}, 'name': ['Mcculloch Intermediate School', 'Bradfield Elementary School', 'Highland Park Middle School', 'Highland Park High School']}]","6,457 sqft",75205,5 Beds,TX,3.0,,,14191809,"$2,395,000"
for sale,,lot/land,1524 Kiscoe St,,"{'atAGlanceFacts': [{'factValue': '', 'factLabel': 'Year built'}, {'factValue': '', 'factLabel': 'Remodeled year'}, {'factValue': '', 'factLabel': 'Heating'}, {'factValue': '', 'factLabel': 'Cooling'}, {'factValue': '', 'factLabel': 'Parking'}, {'factValue': '10,019 sqft', 'factLabel': 'lotsize'}, {'factValue': None, 'factLabel': 'Price/sqft'}]}",,Palm Bay,"[{'rating': ['4/10', '5/10', '5/10'], 'data': {'Distance': ['5.96mi', '3.25mi', '3.03mi'], 'Grades': ['7-8', '9-12', 'PK-6']}, 'name': ['Southwest Middle School', 'Bayside High School', 'Westside Elementary School']}]",,32908,,FL,,,,861745,"$5,000"
for sale,,townhouse,1624 S Newkirk St,,"{'atAGlanceFacts': [{'factValue': '1920', 'factLabel': 'Year built'}, {'factValue': '', 'factLabel': 'Remodeled year'}, {'factValue': 'Forced Air', 'factLabel': 'Heating'}, {'factValue': 'Central', 'factLabel': 'Cooling'}, {'factValue': '', 'factLabel': 'Parking'}, {'factValue': '680 sqft', 'factLabel': 'lotsize'}, {'factValue': '$233/sqft', 'factLabel': 'Price/sqft'}]}",,Philadelphia,"[{'rating': [], 'data': {'Distance': [], 'Grades': []}, 'name': []}]",897 sqft,19145,2 Beds,PA,2.0,,,PAPH847006,"$209,000"
Active,,Florida,552 Casanova Ct ,,"{'atAGlanceFacts': [{'factValue': '2006', 'factLabel': 'Year built'}, {'factValue': '2006', 'factLabel': 'Remodeled year'}, {'factValue': 'Electric, Heat Pump', 'factLabel': 'Heating'}, {'factValue': 'Central Air', 'factLabel': 'Cooling'}, {'factValue': '', 'factLabel': 'Parking'}, {'factValue': '4,996 Sq. Ft.', 'factLabel': 'lotsize'}, {'factValue': '$120 / Sq. Ft.', 'factLabel': 'Price/sqft'}]}",,POINCIANA,"[{'rating': ['3', '3', '1', 'NR'], 'data': {'Distance': ['0.8 mi', '8.3 mi', '4.2 mi', '2.0 mi'], 'Grades': ['Preschool to 4', 'Preschool to 12', '5 to 8', '1 to 12']}, 'name': ['Palmetto Elementary School', 'Haines City Senior High School', 'Lake Marion Creek Elementary School', 'Chosen Generation Christian Academy']}]","1,507",34759,,FL,One,,,S5026943,"181,500"
Active,,,6094 Mingle Dr ,,"{'atAGlanceFacts': [{'factValue': '1976', 'factLabel': 'Year built'}, {'factValue': '', 'factLabel': 'Remodeled year'}, {'factValue': '', 'factLabel': 'Heating'}, {'factValue': '', 'factLabel': 'Cooling'}, {'factValue': '', 'factLabel': 'Parking'}, {'factValue': '8,750 Sq. Ft.', 'factLabel': 'lotsize'}, {'factValue': '$57 / Sq. Ft.', 'factLabel': 'Price/sqft'}]}",,Memphis,"[{'rating': ['4', '2', '2'], 'data': {'Distance': ['0.7 mi', '0.4 mi', '2.2 mi'], 'Grades': ['Preschool to 5', '6 to 8', '9 to 12']}, 'name': ['Crump Elementary School', 'Hickory Ridge Middle School', 'Wooddale High School']}]",,38115,,TN,,,,10063506,"68,000"
Active,,Single Family Home,11182 Owl Ave,2,"{'atAGlanceFacts': [{'factValue': '1970', 'factLabel': 'Year built'}, {'factValue': '', 'factLabel': 'Remodeled year'}, {'factValue': 'Forced Air', 'factLabel': 'Heating'}, {'factValue': 'Central', 'factLabel': 'Cooling'}, {'factValue': '', 'factLabel': 'Parking'}, {'factValue': '124582', 'factLabel': 'lotsize'}, {'factValue': '$68', 'factLabel': 'Price/sqft'}]}",,Mason City,"[{'rating': ['2', '2', '4', '7', '4', 'NR'], 'data': {'Distance': ['5.6 mi', '5.6 mi', '6.8 mi', '6.5 mi', '6.8 mi', '6.8 mi'], 'Grades': ['PK–4', '5–6', '9–12', 'PK–4', '7–8', '9–12']}, 'name': ['Roosevelt Elementary School', 'Lincoln Intermediate School', 'Mason City High School', 'Jefferson Elementary School', 'John Adams Middle School', 'Alternative School']}]",3588,50401,3,IA,,,,190988,"$244,900"
,,Single Family,8612 Cedar Plains Ln,3,"{'atAGlanceFacts': [{'factValue': '2019', 'factLabel': 'Year built'}, {'factValue': None, 'factLabel': 'Remodeled year'}, {'factValue': 'Gas', 'factLabel': 'Heating'}, {'factValue': 'Central', 'factLabel': 'Cooling'}, {'factValue': 'Attached Garage', 'factLabel': 'Parking'}, {'factValue': '2,056 sqft', 'factLabel': 'lotsize'}, {'factValue': '$162', 'factLabel': 'Price/sqft'}]}",,Houston,"[{'rating': ['4/10', '3/10', '2/10'], 'data': {'Distance': ['0.7 mi', '0.6 mi', '1.9 mi'], 'Grades': ['PK-5', '5-8', '9-12']}, 'name': ['Edgewood Elementary School', 'Landrum Middle School', 'Northbrook High School']}]","1,930",77080,3,TX,2.0,,,73968331,"$311,995"
for sale,,coop,14205 Roosevelt Ave #512,2 Baths,"{'atAGlanceFacts': [{'factValue': '1965', 'factLabel': 'Year built'}, {'factValue': '', 'factLabel': 'Remodeled year'}, {'factValue': '', 'factLabel': 'Heating'}, {'factValue': '', 'factLabel': 'Cooling'}, {'factValue': 'Attached Garage', 'factLabel': 'Parking'}, {'factValue': '1.73 acres', 'factLabel': 'lotsize'}, {'factValue': '$515/sqft', 'factLabel': 'Price/sqft'}]}",,Flushing,"[{'rating': ['2/10', '8/10', '10/10'], 'data': {'Distance': ['0.3mi', '1.88mi', '2.37mi'], 'Grades': ['9-12', '6-8', 'PK-5']}, 'name': ['Flushing High School', 'Jhs 194 William Carr', 'Ps 193 Alfred J Kennedy']}]","1,300 sqft",11354,3 Beds,NY,,,,3087630,"$669,000"
Active,,English,4222 False Cypress Ln ,,"{'atAGlanceFacts': [{'factValue': '2015', 'factLabel': 'Year built'}, {'factValue': '2015', 'factLabel': 'Remodeled year'}, {'factValue': 'Central Electric', 'factLabel': 'Heating'}, {'factValue': 'Central Gas', 'factLabel': 'Cooling'}, {'factValue': '', 'factLabel': 'Parking'}, {'factValue': '5,715 Sq. Ft.', 'factLabel': 'lotsize'}, {'factValue': '$83 / Sq. Ft.', 'factLabel': 'Price/sqft'}]}",,Houston,"[{'rating': ['6', '3', '6', '1', '5'], 'data': {'Distance': ['0.4 mi', '0.4 mi', '3.0 mi', '3.2 mi', '7.4 mi'], 'Grades': ['Preschool to 5', '6 to 8', '6 to 8', '9 to 12', '9 to 12']}, 'name': ['Pat Reynolds Elementary School', 'Edwin M Wells Middle School', 'Edward Roberson Middle School', 'Westfield High School', 'Carl Wunsche Senior High School']}]","3,130",77068,,TX,2,,,5741322,"260,000"
for sale,,single-family home,16373 NW 16th St,3 Baths,"{'atAGlanceFacts': [{'factValue': '1996', 'factLabel': 'Year built'}, {'factValue': '1997', 'factLabel': 'Remodeled year'}, {'factValue': 'Forced Air', 'factLabel': 'Heating'}, {'factValue': 'Central', 'factLabel': 'Cooling'}, {'factValue': 'Carport, Attached Garage', 'factLabel': 'Parking'}, {'factValue': '10,270 sqft', 'factLabel': 'lotsize'}, {'factValue': '$185/sqft', 'factLabel': 'Price/sqft'}]}",,Pembroke Pines,"[{'rating': ['8/10', '7/10', '7/10'], 'data': {'Distance': ['2.66mi', '0.92mi', '2.54mi'], 'Grades': ['6-8', 'PK-5', '9-12']}, 'name': ['Walter C. Young Middle School', 'Silver Palms Elementary School', 'Charles W Flanagan High School']}]","2,839 sqft",33028,4 Beds,FL,1.0,,yes,A10767242,"$525,000"
New construction,,Single Family,1538 Umpqua Dr,Bathrooms: 2,"{'atAGlanceFacts': [{'factValue': '2019', 'factLabel': 'Year built'}, {'factValue': '2019', 'factLabel': 'Remodeled year'}, {'factValue': 'Forced air', 'factLabel': 'Heating'}, {'factValue': '', 'factLabel': 'Cooling'}, {'factValue': 'Attached Garage', 'factLabel': 'Parking'}, {'factValue': '7,000 sqft lot', 'factLabel': 'lotsize'}, {'factValue': '$275', 'factLabel': 'Price/sqft'}]}",,Eugene,"[{'rating': ['7/10', '7/10', '8/10'], 'data': {'Distance': ['1.2 mi', '1.1 mi', '1 mi'], 'Grades': ['K-5', '6-8', '9-12']}, 'name': ['Willagillespie Elementary School', 'Monroe Middle School', 'Sheldon High School']}]","Total interior livable area: 1,820 sqft",97401,3 bd,OR,1.0,19221142,,,"$499,900"
,,Single Family,15351 Falmouth Ave,3,"{'atAGlanceFacts': [{'factValue': '1982', 'factLabel': 'Year built'}, {'factValue': '1982', 'factLabel': 'Remodeled year'}, {'factValue': 'Other', 'factLabel': 'Heating'}, {'factValue': 'Central', 'factLabel': 'Cooling'}, {'factValue': '2 spaces', 'factLabel': 'Parking'}, {'factValue': '2,130 sqft', 'factLabel': 'lotsize'}, {'factValue': '$69', 'factLabel': 'Price/sqft'}]}",,Houston,"[{'rating': ['4/10', '5/10', '7/10'], 'data': {'Distance': ['0.7 mi', '0.6 mi', '2.9 mi'], 'Grades': ['PK-5', '6-8', '9-12']}, 'name': ['Horne Elementary School', 'Truitt Middle School', 'Cypress Falls High School']}]","2,454",77084,4,TX,2.0,,,65299510,"$168,800"
New,,2 Story,930 52nd St ,,"{'atAGlanceFacts': [{'factValue': '1905', 'factLabel': 'Year built'}, {'factValue': '1905', 'factLabel': 'Remodeled year'}, {'factValue': '', 'factLabel': 'Heating'}, {'factValue': 'Steam Heating', 'factLabel': 'Cooling'}, {'factValue': '', 'factLabel': 'Parking'}, {'factValue': '2,003 Sq. Ft.', 'factLabel': 'lotsize'}, {'factValue': None, 'factLabel': 'Price/sqft'}]}",,Brooklyn,"[{'rating': ['8', '8', '3'], 'data': {'Distance': ['0.2 mi', '0.2 mi', '1.5 mi'], 'Grades': ['K to 5', '6 to 8', '9 to 12']}, 'name': ['PS 160 William T Sampson', 'Junior High School 220 John J Pershing', 'Franklin Delano Roosevelt High School']}]",,11219,,NY,,,,3182740,"1,650,000"
Active,,,2402 NW 22nd Rd ,"1,750","{'atAGlanceFacts': [{'factValue': '2008', 'factLabel': 'Year built'}, {'factValue': '2009', 'factLabel': 'Remodeled year'}, {'factValue': '', 'factLabel': 'Heating'}, {'factValue': '', 'factLabel': 'Cooling'}, {'factValue': '', 'factLabel': 'Parking'}, {'factValue': '5,304 Sq. Ft.', 'factLabel': 'lotsize'}, {'factValue': '$152 / Sq. Ft.', 'factLabel': 'Price/sqft'}]}",,Fort Lauderdale,"[{'rating': ['4', 'NR', '3', 'NR'], 'data': {'Distance': ['0.5 mi', '0.7 mi', '0.5 mi', '1.1 mi'], 'Grades': ['Preschool to 5', 'Preschool to 8', '6 to 12', 'K to 12']}, 'name': ['Dillard Elementary School', 'Mount Olivet Seventh-Day Adventist School', 'Dillard High School', 'Hospital Homebound Services']}]","2,203",33311,Baths,FL,,,,F10207914,"335,000"
Active,,Townhouse,24 W 126th St ,,"{'atAGlanceFacts': [{'factValue': '1899', 'factLabel': 'Year built'}, {'factValue': '2007', 'factLabel': 'Remodeled year'}, {'factValue': '', 'factLabel': 'Heating'}, {'factValue': '', 'factLabel': 'Cooling'}, {'factValue': '', 'factLabel': 'Parking'}, {'factValue': '1,782 Sq. Ft.', 'factLabel': 'lotsize'}, {'factValue': '$797 / Sq. Ft.', 'factLabel': 'Price/sqft'}]}",,New York,"[{'rating': ['2', '5', '1', '2'], 'data': {'Distance': ['0.3 mi', '0.1 mi', '0.7 mi', '0.9 mi'], 'Grades': ['Preschool to 5', 'K to 12', '6 to 8', '6 to 8']}, 'name': ['PS 133 Fred R Moore', 'Harlem Village Academy West Charter', 'Knowledge And Power Prep Academy IV', 'IS 286 Renaissance Military Leadership Academy']}]","3,325",10027,,NY,,,,4975368,"2,650,000"
for sale,,single-family home,22702 Alderdale Ln,4 Baths,"{'atAGlanceFacts': [{'factValue': '2016', 'factLabel': 'Year built'}, {'factValue': '', 'factLabel': 'Remodeled year'}, {'factValue': 'Other', 'factLabel': 'Heating'}, {'factValue': 'Central', 'factLabel': 'Cooling'}, {'factValue': 'Attached Garage', 'factLabel': 'Parking'}, {'factValue': '10,424 sqft', 'factLabel': 'lotsize'}, {'factValue': '$119/sqft', 'factLabel': 'Price/sqft'}]}",yes,Tomball,"[{'rating': ['7/10', '7/10'], 'data': {'Distance': ['2.09mi', '1.78mi'], 'Grades': ['6-8', 'PK-5']}, 'name': ['Krimmel Intermed', 'Schultz Elementary School']}]","3,080 sqft",77375,4 Beds,TX,2.0,,,95301365,"$365,000"
for sale,,multi-family,1633 NE 15th St,4 Baths,"{'atAGlanceFacts': [{'factValue': '1954', 'factLabel': 'Year built'}, {'factValue': '', 'factLabel': 'Remodeled year'}, {'factValue': 'Forced Air', 'factLabel': 'Heating'}, {'factValue': 'Central', 'factLabel': 'Cooling'}, {'factValue': '', 'factLabel': 'Parking'}, {'factValue': '8,110 sqft', 'factLabel': 'lotsize'}, {'factValue': '$388/sqft', 'factLabel': 'Price/sqft'}]}",,Fort Lauderdale,"[{'rating': ['3/10', '7/10', '5/10'], 'data': {'Distance': ['0.19mi', '0.83mi', '0.27mi'], 'Grades': ['PK-5', '9-12', '6-8']}, 'name': ['Bennett Elementary School', 'Fort Lauderdale High School', 'Sunrise Middle School']}]","1,612 sqft",33304,4 Beds,FL,1.0,,yes,A10622323,"$626,000"
For sale,,Single Family,5930 E Avenue T2,2 ba,"{'atAGlanceFacts': [{'factValue': '1989', 'factLabel': 'Year built'}, {'factValue': '', 'factLabel': 'Remodeled year'}, {'factValue': 'Forced air', 'factLabel': 'Heating'}, {'factValue': 'Central, Evaporative', 'factLabel': 'Cooling'}, {'factValue': 'Attached Garage', 'factLabel': 'Parking'}, {'factValue': '1.18 acres', 'factLabel': 'lotsize'}, {'factValue': '$217', 'factLabel': 'Price/sqft'}]}",,Palmdale,"[{'rating': ['3/10', '5/10'], 'data': {'Distance': ['2.9 mi', '1.7 mi'], 'Grades': ['K-8', '9-12']}, 'name': ['Alpine Elementary School', 'William J. (Pete) Knight High School']}]","1,731 sqft",93552,4 bd,CA,,SR19195113,,,"$375,000"
For sale,,Single Family,61425 Gosney Rd,Bathrooms: 5,"{'atAGlanceFacts': [{'factValue': '2008', 'factLabel': 'Year built'}, {'factValue': '', 'factLabel': 'Remodeled year'}, {'factValue': 'Forced air, Heat pump', 'factLabel': 'Heating'}, {'factValue': 'Central', 'factLabel': 'Cooling'}, {'factValue': '4 spaces', 'factLabel': 'Parking'}, {'factValue': '15.32 acres lot', 'factLabel': 'lotsize'}, {'factValue': '$665', 'factLabel': 'Price/sqft'}]}",Yes,Bend,"[{'rating': ['8/10', '5/10', '6/10'], 'data': {'Distance': ['3.7 mi', '4.1 mi', '6.2 mi'], 'Grades': ['K-5', '6-8', '9-12']}, 'name': ['Buckingham Elementary School', 'High Desert Middle School', 'Bend Senior High School']}]","Total interior livable area: 5,266 sqft",97702,5 bd,OR,1.0,201909438,,,"$3,500,000"
Active,,"Penthouse, Split-Level",120 Jefferson Ave #12019 ,"1,000","{'atAGlanceFacts': [{'factValue': '1996', 'factLabel': 'Year built'}, {'factValue': '1996', 'factLabel': 'Remodeled year'}, {'factValue': 'Central Air', 'factLabel': 'Heating'}, {'factValue': 'Has Cooling', 'factLabel': 'Cooling'}, {'factValue': '', 'factLabel': 'Parking'}, {'factValue': '—', 'factLabel': 'lotsize'}, {'factValue': '$536 / Sq. Ft.', 'factLabel': 'Price/sqft'}]}",,Miami Beach,"[{'rating': ['7', '10', 'NR', '4', '4'], 'data': {'Distance': ['0.2 mi', '24.0 mi', '19.7 mi', '3.1 mi', '2.0 mi'], 'Grades': ['Preschool to 5', 'Preschool to 8', 'K to 9', '6 to 8', '9 to 12']}, 'name': ['South Pointe Elementary School', 'Air Base Elementary School', 'Robert Morgan Voc-Tech Institute', 'Nautilus Middle School', 'Miami Beach Senior High School']}]","1,080",33139,Baths,FL,Multi/Split,,,A10786027,"579,000"
for sale,,single-family home,4234 Orchard Pass Dr,4 Baths,"{'atAGlanceFacts': [{'factValue': '2019', 'factLabel': 'Year built'}, {'factValue': '', 'factLabel': 'Remodeled year'}, {'factValue': 'Electric', 'factLabel': 'Heating'}, {'factValue': 'Central', 'factLabel': 'Cooling'}, {'factValue': 'Attached Garage', 'factLabel': 'Parking'}, {'factValue': '7962 sqft', 'factLabel': 'lotsize'}, {'factValue': '$137/sqft', 'factLabel': 'Price/sqft'}]}",yes,Spring,"[{'rating': ['9/10', '8/10', '8/10'], 'data': {'Distance': ['1.47mi', '6.77mi', '1.4mi'], 'Grades': ['5-6', '9-12', '7-8']}, 'name': ['Cox Intermediate School', 'Oak Ridge High School', 'York J High School']}]","3,645 sqft",77386,4 Beds,TX,2.0,,,13624110,"$499,007"
for sale,,single-family home,703 W Gemini Ln,2 Baths,"{'atAGlanceFacts': [{'factValue': '2014', 'factLabel': 'Year built'}, {'factValue': '', 'factLabel': 'Remodeled year'}, {'factValue': 'Heat Pump', 'factLabel': 'Heating'}, {'factValue': 'Central', 'factLabel': 'Cooling'}, {'factValue': 'Attached Garage', 'factLabel': 'Parking'}, {'factValue': '8,120 sqft', 'factLabel': 'lotsize'}, {'factValue': '$93/sqft', 'factLabel': 'Price/sqft'}]}",yes,Killeen,"[{'rating': ['3/10', '6/10', '6/10'], 'data': {'Distance': ['1.36mi', '0.49mi', '1.51mi'], 'Grades': ['9-12', 'PK-5', '6-8']}, 'name': ['C E Ellison High School', 'Reeces Creek Elementary School', 'Charles E Patterson Middle School']}]","1,953 sqft",76542,4 Beds,TX,1.0,,,6208631,"$182,000"
for sale,,single-family home,1755 18th St NW,7 Baths,"{'atAGlanceFacts': [{'factValue': '1915', 'factLabel': 'Year built'}, {'factValue': '2009', 'factLabel': 'Remodeled year'}, {'factValue': 'Radiant', 'factLabel': 'Heating'}, {'factValue': 'Central', 'factLabel': 'Cooling'}, {'factValue': 'Off Street', 'factLabel': 'Parking'}, {'factValue': '2,080 sqft', 'factLabel': 'lotsize'}, {'factValue': '$647/sqft', 'factLabel': 'Price/sqft'}]}",yes,Washington,"[{'rating': ['10/10', '3/10'], 'data': {'Distance': ['0.14mi', '0.9mi'], 'Grades': ['PK-5', '6-12']}, 'name': ['Ross Elementary School', 'Cardozo Education Campus']}]","5,796 sqft",20009,8 Beds,DC,3.0,,,DCDC448770,"$3,749,000"
Active,,,5755 SW 123 Ave ,"1,000","{'atAGlanceFacts': [{'factValue': '', 'factLabel': 'Year built'}, {'factValue': '', 'factLabel': 'Remodeled year'}, {'factValue': '', 'factLabel': 'Heating'}, {'factValue': '', 'factLabel': 'Cooling'}, {'factValue': '', 'factLabel': 'Parking'}, {'factValue': '—', 'factLabel': 'lotsize'}, {'factValue': None, 'factLabel': 'Price/sqft'}]}",,Miami,"[{'rating': ['9', '10', 'NR', '6', '3'], 'data': {'Distance': ['1.0 mi', '13.7 mi', '7.9 mi', '0.9 mi', '1.2 mi'], 'Grades': ['Preschool to 5', 'Preschool to 8', 'K to 9', '6 to 8', '9 to 12']}, 'name': ['Royal Green Elementary School', 'Air Base Elementary School', 'Robert Morgan Voc-Tech Institute', 'Howard D. McMillan Middle School', 'Miami Sunset Senior High School']}]",,33183,Baths,FL,,,,A10787617,"799,000"
for sale,,single-family home,2104 Lou Ellen Ln #B,3 Baths,"{'atAGlanceFacts': [{'factValue': '', 'factLabel': 'Year built'}, {'factValue': '', 'factLabel': 'Remodeled year'}, {'factValue': '', 'factLabel': 'Heating'}, {'factValue': '', 'factLabel': 'Cooling'}, {'factValue': '', 'factLabel': 'Parking'}, {'factValue': '3828 sqft', 'factLabel': 'lotsize'}, {'factValue': '$194/sqft', 'factLabel': 'Price/sqft'}]}",,Houston,"[{'rating': ['6/10', '9/10', '3/10'], 'data': {'Distance': ['0.79mi', '0.66mi', '0.24mi'], 'Grades': ['6-8', 'PK-5', '9-12']}, 'name': ['Black Middle School', 'Oak Forest Elementary School', 'Waltrip High School']}]","2,575 sqft",77018,3 Beds,TX,,,,33856933,"$499,900"
for sale,,single-family home,9070 Southern Orchard Rd S,3 Baths,"{'atAGlanceFacts': [{'factValue': '1994', 'factLabel': 'Year built'}, {'factValue': '1995', 'factLabel': 'Remodeled year'}, {'factValue': 'Forced Air', 'factLabel': 'Heating'}, {'factValue': 'Central', 'factLabel': 'Cooling'}, {'factValue': 'Attached Garage', 'factLabel': 'Parking'}, {'factValue': '9,000 sqft', 'factLabel': 'lotsize'}, {'factValue': '$238/sqft', 'factLabel': 'Price/sqft'}]}",,Davie,"[{'rating': ['8/10', '8/10', '8/10'], 'data': {'Distance': ['4.04mi', '0.12mi', '2.04mi'], 'Grades': ['9-12', 'PK-5', '6-8']}, 'name': ['Western High School', 'Silver Ridge Elementary School', 'Indian Ridge Middle School']}]","2,349 sqft",33328,4 Beds,FL,1.0,,,A10782357,"$559,000"
for sale,,coop,430 Sterling Pl #1A,2 Baths,"{'atAGlanceFacts': [{'factValue': '1910', 'factLabel': 'Year built'}, {'factValue': '', 'factLabel': 'Remodeled year'}, {'factValue': 'Baseboard', 'factLabel': 'Heating'}, {'factValue': '', 'factLabel': 'Cooling'}, {'factValue': 'None', 'factLabel': 'Parking'}, {'factValue': '5,249 sqft', 'factLabel': 'lotsize'}, {'factValue': '$888/sqft', 'factLabel': 'Price/sqft'}]}",,Brooklyn,"[{'rating': ['6/10'], 'data': {'Distance': ['0.29mi'], 'Grades': ['PK-5']}, 'name': ['Ps 9 Teunis G Bergen']}]",935 sqft,11238,2 Beds,NY,4.0,,,,"$830,000"
Active,,Multi-Family Home,2620 Alsace Ave,2,"{'atAGlanceFacts': [{'factValue': '1923', 'factLabel': 'Year built'}, {'factValue': '', 'factLabel': 'Remodeled year'}, {'factValue': 'Baseboard', 'factLabel': 'Heating'}, {'factValue': 'Air Conditioning Unit(s), Ceiling Fan(s)', 'factLabel': 'Cooling'}, {'factValue': '0', 'factLabel': 'Parking'}, {'factValue': '4828', 'factLabel': 'lotsize'}, {'factValue': '$688', 'factLabel': 'Price/sqft'}]}",,Los Angeles,"[{'rating': ['5', '2', '1', '6', '5', 'NR', 'NR', 'NR'], 'data': {'Distance': ['0.1 mi', '1.8 mi', '0.8 mi', '0.6 mi', '0.2 mi', '0.8 mi', '0.1 mi', '0.6 mi'], 'Grades': ['K–5', '6–8', '9–12', 'K–5', '5–8', '9–12', 'PK–5', 'K–4']}, 'name': ['Cienega Elementary School', 'Johnnie Cochran, Jr., Middle School', 'Susan Miller Dorsey Senior High School', 'Marvin Elementary School', 'Stella Middle Charter Academy School', 'View Park Continuation School', 'Alpha Pre & Elementary Private School', 'Donna Ro Private School']}]",1736,90016,4,CA,,,,19-518208,"$1,195,000"
For sale,,Single Family,6712 N Glen Ave,Bathrooms: 2,"{'atAGlanceFacts': [{'factValue': '1960', 'factLabel': 'Year built'}, {'factValue': '1988', 'factLabel': 'Remodeled year'}, {'factValue': 'Forced air', 'factLabel': 'Heating'}, {'factValue': 'Central', 'factLabel': 'Cooling'}, {'factValue': '1 space', 'factLabel': 'Parking'}, {'factValue': '8,189 sqft lot', 'factLabel': 'lotsize'}, {'factValue': '$156', 'factLabel': 'Price/sqft'}]}",,Tampa,"[{'rating': ['5/10', '2/10', '4/10'], 'data': {'Distance': ['0 mi', '3 mi', '2.9 mi'], 'Grades': ['PK-5', '6-8', '9-12']}, 'name': ['Egypt Lake Elementary School', 'Memorial Middle School', 'Hillsborough High School']}]","Total interior livable area: 1,677 sqft",33614,4 bd,FL,0.0,T3159863,,,"$262,000"
for sale,,single-family home,2043 SE New York St,2 Baths,"{'atAGlanceFacts': [{'factValue': '1977', 'factLabel': 'Year built'}, {'factValue': '1988', 'factLabel': 'Remodeled year'}, {'factValue': 'Forced Air', 'factLabel': 'Heating'}, {'factValue': 'Central', 'factLabel': 'Cooling'}, {'factValue': 'Attached Garage', 'factLabel': 'Parking'}, {'factValue': '0.28 acres', 'factLabel': 'lotsize'}, {'factValue': '$174/sqft', 'factLabel': 'Price/sqft'}]}",,Pt Saint Lucie,"[{'rating': ['7/10', '5/10', '5/10', '4/10', '4/10', '5/10', '6/10', '5/10', '6/10', '6/10'], 'data': {'Distance': ['1.31mi', '1.15mi', '3.83mi', '5.75mi', '2.62mi', '1.22mi', '2.9mi', '4.93mi', '1.86mi', '6.01mi'], 'Grades': ['PK-5', 'PK-5', 'K-8', 'PK-5', '9-12', '6-8', 'PK-5', '6-8', 'PK-5', 'PK-5']}, 'name': ['Morningside Elementary School', 'Floresta Elementary School', 'Northport K-8 School', 'Parkway Elementary School', 'Port St. Lucie High School', 'Southport Middle School', 'Mariposa Elementary School', 'Southern Oaks Middle School', 'Savanna Ridge Elementary School', 'Rivers Edge Elementary School']}]","1,176 sqft",34952,3 Beds,FL,,,,F10174710,"$204,800"
,,Condo,3750 NE 170th St APT 407,2.0,"{'atAGlanceFacts': [{'factValue': '1972', 'factLabel': 'Year built'}, {'factValue': '1972', 'factLabel': 'Remodeled year'}, {'factValue': 'Forced air', 'factLabel': 'Heating'}, {'factValue': 'Central', 'factLabel': 'Cooling'}, {'factValue': 'No Data', 'factLabel': 'Parking'}, {'factValue': None, 'factLabel': 'lotsize'}, {'factValue': '$165', 'factLabel': 'Price/sqft'}]}",,North Miami Beach,"[{'rating': ['10/10', '6/10'], 'data': {'Distance': ['31.1 mi', '1.5 mi'], 'Grades': ['PK-8', '9-12']}, 'name': ['Air Base Elementary School', 'Alonzo And Tracy Mourning Senior High Biscayne Bay Campus']}]","1,085",33160,2,FL,0.0,,,A10775650,"$179,000"
for sale,,single-family home,7314 Melvin Cir N,2 Baths,"{'atAGlanceFacts': [{'factValue': '1963', 'factLabel': 'Year built'}, {'factValue': '', 'factLabel': 'Remodeled year'}, {'factValue': 'Forced Air', 'factLabel': 'Heating'}, {'factValue': 'Central', 'factLabel': 'Cooling'}, {'factValue': '', 'factLabel': 'Parking'}, {'factValue': '7,782 sqft', 'factLabel': 'lotsize'}, {'factValue': '$122/sqft', 'factLabel': 'Price/sqft'}]}",,Jacksonville,"[{'rating': ['2/10', '2/10', '4/10'], 'data': {'Distance': ['0.64mi', '0.49mi', '0.86mi'], 'Grades': ['K-5', '6-8', '9-12']}, 'name': ['Gregory Drive Elementary School', 'Jefferson Davis Middle School', 'Westside High School']}]",864 sqft,32210,3 Beds,FL,,,,1027438,"$105,000"
for sale,,condo,423 N Church St #13-A,,"{'atAGlanceFacts': [{'factValue': '1981', 'factLabel': 'Year built'}, {'factValue': '', 'factLabel': 'Remodeled year'}, {'factValue': '', 'factLabel': 'Heating'}, {'factValue': '', 'factLabel': 'Cooling'}, {'factValue': '', 'factLabel': 'Parking'}, {'factValue': '', 'factLabel': 'lotsize'}, {'factValue': '$289/sqft', 'factLabel': 'Price/sqft'}]}",,Charlotte,"[{'rating': ['7/10', '4/10', '8/10'], 'data': {'Distance': ['9.91mi', '0.48mi', '4.12mi'], 'Grades': ['6-8', 'K-5', '9-12']}, 'name': ['Crestdale Middle', 'First Ward Arts Elementary', 'Myers Park High']}]",900 sqft,28202,2 Beds,NC,,,,3554602,"$260,000"
For sale,,Single Family,2627 N Arthur Ave,3.0,"{'atAGlanceFacts': [{'factValue': '1949', 'factLabel': 'Year built'}, {'factValue': '1949', 'factLabel': 'Remodeled year'}, {'factValue': 'Forced air', 'factLabel': 'Heating'}, {'factValue': 'Central', 'factLabel': 'Cooling'}, {'factValue': 'Detached Garage', 'factLabel': 'Parking'}, {'factValue': '7,440 sqft', 'factLabel': 'lotsize'}, {'factValue': '$197', 'factLabel': 'Price/sqft'}]}",Yes,Fresno,"[{'rating': ['3/10', '4/10'], 'data': {'Distance': ['0.3 mi', '0.8 mi'], 'Grades': ['K-8', '9-12']}, 'name': ['Hamilton Elementary School', 'Fresno High School']}]","1,448 sqft",93705,3,CA,0,,,533746,"$284,900"
For sale,,Single Family,3360 SW 29th St,2,"{'atAGlanceFacts': [{'factValue': '1954', 'factLabel': 'Year built'}, {'factValue': '1954', 'factLabel': 'Remodeled year'}, {'factValue': 'Forced air', 'factLabel': 'Heating'}, {'factValue': 'Central', 'factLabel': 'Cooling'}, {'factValue': 'No Data', 'factLabel': 'Parking'}, {'factValue': '5,998 sqft', 'factLabel': 'lotsize'}, {'factValue': '$355', 'factLabel': 'Price/sqft'}]}",,Miami,"[{'rating': ['10/10', '5/10'], 'data': {'Distance': ['16.7 mi', '0.9 mi'], 'Grades': ['PK-8', '9-12']}, 'name': ['Air Base Elementary School', 'Coral Gables Senior High School']}]","1,396",33133,3,FL,0.0,,,A10743020,"$495,000"
For sale,,Single Family,5531 Eureka Springs Rd,Bathrooms: 1,"{'atAGlanceFacts': [{'factValue': '1930', 'factLabel': 'Year built'}, {'factValue': '1930', 'factLabel': 'Remodeled year'}, {'factValue': 'Other', 'factLabel': 'Heating'}, {'factValue': 'Central', 'factLabel': 'Cooling'}, {'factValue': '', 'factLabel': 'Parking'}, {'factValue': '2.14 acres lot', 'factLabel': 'lotsize'}, {'factValue': '$96', 'factLabel': 'Price/sqft'}]}",,Tampa,"[{'rating': ['1/10', '2/10', '3/10'], 'data': {'Distance': ['3.8 mi', '1.9 mi', '2.9 mi'], 'Grades': ['K-5', '6-8', '9-12']}, 'name': ['Mcdonald Elementary School', 'Jennings Middle School', 'Armwood High School']}]","Total interior livable area: 1,232 sqft",33610,2 bd,FL,0.0,T3204536,,,"$117,900"
for sale,,condo,316 N Henderson Ave #4,3 Baths,"{'atAGlanceFacts': [{'factValue': '2019', 'factLabel': 'Year built'}, {'factValue': '', 'factLabel': 'Remodeled year'}, {'factValue': 'Forced Air', 'factLabel': 'Heating'}, {'factValue': '', 'factLabel': 'Cooling'}, {'factValue': 'Attached Garage', 'factLabel': 'Parking'}, {'factValue': '', 'factLabel': 'lotsize'}, {'factValue': '$224/sqft', 'factLabel': 'Price/sqft'}]}",,Dallas,"[{'rating': ['5/10', '6/10', '5/10'], 'data': {'Distance': ['0.84mi', '0.54mi', '0.71mi'], 'Grades': ['6-8', 'PK-5', '9-12']}, 'name': ['J L Long Middle School', 'William Lipscomb Elementary School', 'Woodrow Wilson High School']}]","1,720 sqft",75214,2 Beds,TX,2.0,,,14150656,"$385,000"
Active,,,1104 Rotonda Cir ,,"{'atAGlanceFacts': [{'factValue': '', 'factLabel': 'Year built'}, {'factValue': '', 'factLabel': 'Remodeled year'}, {'factValue': '', 'factLabel': 'Heating'}, {'factValue': '', 'factLabel': 'Cooling'}, {'factValue': '', 'factLabel': 'Parking'}, {'factValue': '—', 'factLabel': 'lotsize'}, {'factValue': None, 'factLabel': 'Price/sqft'}]}",,ROTONDA WEST,"[{'rating': ['6', '6', '7'], 'data': {'Distance': ['3.1 mi', '3.2 mi', '5.6 mi'], 'Grades': ['Preschool to 5', '6 to 8', '9 to 12']}, 'name': ['Vineland Elementary School', 'L. A. Ainger Middle School', 'Lemon Bay High School']}]",,33947,,FL,,,,D6107075,"54,000"
for sale,,lot/land,9418 Camino Santa Fe #19,,"{'atAGlanceFacts': [{'factValue': '', 'factLabel': 'Year built'}, {'factValue': '', 'factLabel': 'Remodeled year'}, {'factValue': '', 'factLabel': 'Heating'}, {'factValue': '', 'factLabel': 'Cooling'}, {'factValue': '', 'factLabel': 'Parking'}, {'factValue': '9.25 acres', 'factLabel': 'lotsize'}, {'factValue': None, 'factLabel': 'Price/sqft'}]}",,San Diego,"[{'rating': ['9/10', '9/10', '9/10'], 'data': {'Distance': ['2.46mi', '0.97mi', '1.17mi'], 'Grades': ['6-8', 'K-5', '9-12']}, 'name': ['Oak Valley Middle School', 'Del Sur Elementary School', 'Del Norte High School']}]",,92127,,CA,,,,190057878,"$1,100,000"
Active,,,MLS #: STRI1057289,,"{'atAGlanceFacts': [{'factValue': '', 'factLabel': 'Year built'}, {'factValue': '2003', 'factLabel': 'Remodeled year'}, {'factValue': '', 'factLabel': 'Heating'}, {'factValue': '', 'factLabel': 'Cooling'}, {'factValue': '', 'factLabel': 'Parking'}, {'factValue': '—', 'factLabel': 'lotsize'}, {'factValue': None, 'factLabel': 'Price/sqft'}]}",,New York,"[{'rating': ['NR', 'NR', '9', '8', '8', '2', '8'], 'data': {'Distance': ['0.1 mi', '0.2 mi', '2.5 mi', '2.6 mi', '2.3 mi', '6.3 mi', '2.5 mi'], 'Grades': ['Preschool to 12', '1 to 7', '6 to 8', '6 to 8', '6 to 11', '6 to 12', '9 to 12']}, 'name': ['China Institute', 'Ivdu School', 'Nyc Lab Middle School For Collaborative Studies', 'Junior High School 104 Simon Baruch', 'Middle School 260 Clinton School Writers And Artists', 'Life Sciences Secondary School', 'Nyc Lab High School For Collaborative Studies']}]",,10006,,NY,,,,STRI1057289,"850,000"
for sale,,single-family home,2713 Oakmont Ct,3 Baths,"{'atAGlanceFacts': [{'factValue': '1991', 'factLabel': 'Year built'}, {'factValue': '2000', 'factLabel': 'Remodeled year'}, {'factValue': 'Forced Air', 'factLabel': 'Heating'}, {'factValue': 'Central', 'factLabel': 'Cooling'}, {'factValue': 'Attached Garage', 'factLabel': 'Parking'}, {'factValue': '0.25 acres', 'factLabel': 'lotsize'}, {'factValue': '$260/sqft', 'factLabel': 'Price/sqft'}]}",,Weston,"[{'rating': ['10/10', '9/10', '9/10'], 'data': {'Distance': ['1.7mi', '1.58mi', '1.19mi'], 'Grades': ['6-8', '9-12', 'K-5']}, 'name': ['Falcon Cove Middle School', 'Cypress Bay High School', 'Manatee Bay Elementary School']}]","2,388 sqft",33332,3 Beds,FL,,,yes,A10739627,"$620,000"
for sale,,condo,4504 W Lake Mead Blvd #201,2 Baths,"{'atAGlanceFacts': [{'factValue': '1994', 'factLabel': 'Year built'}, {'factValue': '1994', 'factLabel': 'Remodeled year'}, {'factValue': 'Forced Air', 'factLabel': 'Heating'}, {'factValue': 'Central', 'factLabel': 'Cooling'}, {'factValue': 'Carport', 'factLabel': 'Parking'}, {'factValue': '2,052 sqft', 'factLabel': 'lotsize'}, {'factValue': '$116/sqft', 'factLabel': 'Price/sqft'}]}",yes,Las Vegas,"[{'rating': ['1/10', 'None/10', '2/10'], 'data': {'Distance': ['1.06mi', '1.49mi', '1.48mi'], 'Grades': ['PK-5', '6-8', '9-12']}, 'name': ['Doris M Reed Elementary School', 'J  Harold Brinley Middle School', 'Western High School']}]","1,081 sqft",89108,2 Beds,NV,2.0,,,2160520,"$125,000"
Pending,,Single Family Home,11539 Kismet Ave,2,"{'atAGlanceFacts': [{'factValue': '1958', 'factLabel': 'Year built'}, {'factValue': '', 'factLabel': 'Remodeled year'}, {'factValue': 'Central Furnace', 'factLabel': 'Heating'}, {'factValue': 'Central A/C', 'factLabel': 'Cooling'}, {'factValue': '2', 'factLabel': 'Parking'}, {'factValue': '7497', 'factLabel': 'lotsize'}, {'factValue': '$453', 'factLabel': 'Price/sqft'}]}",,Sylmar,"[{'rating': ['4', '2', '1', 'NR', '6', '7', 'NR', 'NR'], 'data': {'Distance': ['0.2 mi', '1.2 mi', '0.2 mi', '1.0 mi', '0.3 mi', '0.3 mi', '1.3 mi', '1.3 mi'], 'Grades': ['K–5', '6–8', '7–12', 'K–2', '6–12', '6–12', 'PK–12', 'PK–12']}, 'name': ['Fenton Avenue Charter School', 'Charles Maclay Middle School', 'Phoenix Academy Residential Education Center School', 'Fenton Primary Center School', 'PUC CALS Middle School and Early College High', 'Puc Community Charter Middle School', 'Delphi Academy of Los Angeles Private School', 'Delphi Academy Of Los Angeles Private School']}]",1101,91342,3,CA,One Level,,,SR19267193,"$499,000"
For sale,,Single Family,4547 Cascades Shoreline Dr,Bathrooms: 5,"{'atAGlanceFacts': [{'factValue': '2005', 'factLabel': 'Year built'}, {'factValue': '2005', 'factLabel': 'Remodeled year'}, {'factValue': 'Other', 'factLabel': 'Heating'}, {'factValue': 'Central', 'factLabel': 'Cooling'}, {'factValue': '3 spaces', 'factLabel': 'Parking'}, {'factValue': '0.91 acres lot', 'factLabel': 'lotsize'}, {'factValue': '$267', 'factLabel': 'Price/sqft'}]}",Yes,Tyler,"[{'rating': ['4/10', '5/10', '2/10'], 'data': {'Distance': ['1.7 mi', '3.5 mi', '2.8 mi'], 'Grades': ['PK-5', '6-8', '9-12']}, 'name': ['Dixie Elementary School', 'Three Lakes Middle', 'John Tyler High School']}]","Total interior livable area: 5,358 sqft",75709,5 bd,TX,2.0,10114247,,,"$1,429,000"
for sale,,single-family home,Santa Rosa Plan in Twin Mills,2 Baths,"{'atAGlanceFacts': [{'factValue': '2017', 'factLabel': 'Year built'}, {'factValue': '', 'factLabel': 'Remodeled year'}, {'factValue': '', 'factLabel': 'Heating'}, {'factValue': '', 'factLabel': 'Cooling'}, {'factValue': '', 'factLabel': 'Parking'}, {'factValue': '7,218 sqft', 'factLabel': 'lotsize'}, {'factValue': '$139/sqft', 'factLabel': 'Price/sqft'}]}",,Fort Worth,"[{'rating': ['7/10', '6/10', '8/10'], 'data': {'Distance': ['0.55mi', '0.9mi', '0.44mi'], 'Grades': ['9-12', '6-8', 'PK-5']}, 'name': ['Boswell High School', 'Wayside Middle School', 'Lake Pointe Elementary School']}]","1,683 sqft",76179,3 Beds,TX,1,,,,"$233,990+"
Active,,,18b Sitton-Mills Pl ,,"{'atAGlanceFacts': [{'factValue': '', 'factLabel': 'Year built'}, {'factValue': '', 'factLabel': 'Remodeled year'}, {'factValue': '', 'factLabel': 'Heating'}, {'factValue': '', 'factLabel': 'Cooling'}, {'factValue': '', 'factLabel': 'Parking'}, {'factValue': '—', 'factLabel': 'lotsize'}, {'factValue': None, 'factLabel': 'Price/sqft'}]}",,Signal Mountain,"[{'rating': ['8', 'NR', '7', '4'], 'data': {'Distance': ['6.5 mi', '4.7 mi', '6.7 mi', '3.9 mi'], 'Grades': ['K to 5', 'Preschool to 12', '6 to 12', '6 to 12']}, 'name': ['Nolan Elementary School', 'New South Daisy Christian Academy', 'Signal Mountain Middle/high School', 'Ivy Academy Incorporated']}]",,37377,,TN,,,,1310212,"125,000"
Active,,Land,23443 N 65th Ave,,"{'atAGlanceFacts': [{'factValue': '', 'factLabel': 'Year built'}, {'factValue': '', 'factLabel': 'Remodeled year'}, {'factValue': '', 'factLabel': 'Heating'}, {'factValue': '', 'factLabel': 'Cooling'}, {'factValue': '', 'factLabel': 'Parking'}, {'factValue': '50530', 'factLabel': 'lotsize'}, {'factValue': None, 'factLabel': 'Price/sqft'}]}",,Glendale,"[{'rating': ['8', '9', '7', '8', '9', '7', 'NR', 'NR'], 'data': {'Distance': ['0.7 mi', '2.2 mi', '2.5 mi', '1.6 mi', '1.8 mi', '1.9 mi', '1.7 mi', '2.3 mi'], 'Grades': ['PK–6', '7–8', '9–12', 'PK–6', 'PK–8', '9–12', 'PK–8', 'PK–8']}, 'name': ['Las Brisas Elementary School', 'Hillcrest Middle School', ""Sandra Day O'connor High School"", 'Desert Sage Elementary School', 'Stetson Hills Elementary School', 'Mountain Ridge High School', 'Bayer Private School', 'Brite Future Academy Private School']}]",0,85310,,AZ,,,,5876037,"$275,000"
for sale,,lot/land,29 Sederholm Path,,"{'atAGlanceFacts': [{'factValue': '', 'factLabel': 'Year built'}, {'factValue': '', 'factLabel': 'Remodeled year'}, {'factValue': '', 'factLabel': 'Heating'}, {'factValue': '', 'factLabel': 'Cooling'}, {'factValue': '', 'factLabel': 'Parking'}, {'factValue': '10018 sqft', 'factLabel': 'lotsize'}, {'factValue': None, 'factLabel': 'Price/sqft'}]}",,Palm Coast,"[{'rating': ['4/10', '5/10', '4/10'], 'data': {'Distance': ['5.92mi', '4.01mi', '7.58mi'], 'Grades': ['PK-6', '9-12', '7-8']}, 'name': ['Bunnell Elementary School', 'Flagler-Palm Coast High School', 'Buddy Taylor Middle School']}]",,32164,,FL,,,,234684,"$27,000"
for sale,,condo,15405 Riverside Dr #2,2 Baths,"{'atAGlanceFacts': [{'factValue': '1982', 'factLabel': 'Year built'}, {'factValue': '', 'factLabel': 'Remodeled year'}, {'factValue': 'Other', 'factLabel': 'Heating'}, {'factValue': '', 'factLabel': 'Cooling'}, {'factValue': '', 'factLabel': 'Parking'}, {'factValue': '', 'factLabel': 'lotsize'}, {'factValue': '$498/sqft', 'factLabel': 'Price/sqft'}]}",,Beechhurst,"[{'rating': ['5/10', '8/10', '10/10'], 'data': {'Distance': ['2.11mi', '0.84mi', '0.28mi'], 'Grades': ['9-12', '6-8', 'PK-5']}, 'name': ['Bayside High School', 'Jhs 194 William Carr', 'Ps 193 Alfred J Kennedy']}]","1,200 sqft",11357,3 Beds,NY,1.0,,,3120965,"$598,000"
,,Condo,3131 NE 7th Ave UNIT 4801,4.0,"{'atAGlanceFacts': [{'factValue': '2018', 'factLabel': 'Year built'}, {'factValue': None, 'factLabel': 'Remodeled year'}, {'factValue': 'Forced air', 'factLabel': 'Heating'}, {'factValue': 'Central', 'factLabel': 'Cooling'}, {'factValue': 'No Data', 'factLabel': 'Parking'}, {'factValue': None, 'factLabel': 'lotsize'}, {'factValue': '$950', 'factLabel': 'Price/sqft'}]}",,Miami,"[{'rating': ['10/10', '2/10'], 'data': {'Distance': ['22.6 mi', '1.8 mi'], 'Grades': ['PK-8', '9-12']}, 'name': ['Air Base Elementary School', 'Booker T. Washington Senior High School']}]","1,873",33137,3,FL,,,,A10600332,"$1,780,000"
for sale,,single-family home,4625 SW Flower Pl,2.1 Baths,"{'atAGlanceFacts': [{'factValue': '1983', 'factLabel': 'Year built'}, {'factValue': '1983', 'factLabel': 'Remodeled year'}, {'factValue': 'Forced Air', 'factLabel': 'Heating'}, {'factValue': 'Central', 'factLabel': 'Cooling'}, {'factValue': 'Off Street', 'factLabel': 'Parking'}, {'factValue': '7,000 sqft', 'factLabel': 'lotsize'}, {'factValue': '$257/sqft', 'factLabel': 'Price/sqft'}]}",yes,Portland,"[{'rating': ['8/10', '7/10', '7/10'], 'data': {'Distance': ['1.12mi', '0.31mi', '1.72mi'], 'Grades': ['6-8', 'K-8', '9-12']}, 'name': ['Gray Middle School', 'Hayhurst Elementary School', 'Wilson High School']}]","1,908 sqft",97221,3 Beds,OR,2.0,,,19113987,"$490,000"
for sale,,single-family home,3216 Dogwood Dr,2 Baths,"{'atAGlanceFacts': [{'factValue': '1928', 'factLabel': 'Year built'}, {'factValue': '', 'factLabel': 'Remodeled year'}, {'factValue': 'Electric', 'factLabel': 'Heating'}, {'factValue': 'Central', 'factLabel': 'Cooling'}, {'factValue': 'Detached Garage', 'factLabel': 'Parking'}, {'factValue': '6,251 sqft', 'factLabel': 'lotsize'}, {'factValue': '$107/sqft', 'factLabel': 'Price/sqft'}]}",yes,Hapeville,"[{'rating': ['3/10', '1/10', '2/10'], 'data': {'Distance': ['0.41mi', '3.65mi', '2.05mi'], 'Grades': ['PK-5', '6-8', '9-12']}, 'name': ['Hapeville Elementary School', 'Paul D. West Middle School', 'Tri-Cities High School']}]","1,632 sqft",30354,4 Beds,GA,2.0,,,8688967,"$175,000"
P,,Single Family Home,22505 Woodway Park Rd,3.5,"{'atAGlanceFacts': [{'factValue': '1960', 'factLabel': 'Year built'}, {'factValue': '', 'factLabel': 'Remodeled year'}, {'factValue': '', 'factLabel': 'Heating'}, {'factValue': '', 'factLabel': 'Cooling'}, {'factValue': '', 'factLabel': 'Parking'}, {'factValue': '110207', 'factLabel': 'lotsize'}, {'factValue': '$642', 'factLabel': 'Price/sqft'}]}",2,Woodway,"[{'rating': ['6', '5', '6', 'NR', '7', 'NR', 'NR', 'NR'], 'data': {'Distance': ['0.5 mi', '2.5 mi', '2.2 mi', '0.9 mi', '1.4 mi', '0.9 mi', '0.9 mi', '1.3 mi'], 'Grades': ['K–6', '7–8', '9–12', 'K–12', 'PK–8', '9–12', 'PK–3', 'PK–3']}, 'name': ['Sherwood Elementary School', 'College Place Middle School', 'Edmonds Woodway High School', 'Edmonds Home Resource Center School', 'Madrona Nongraded School', 'Scriber Lake High School', 'Pacific Montessori Learning Ct Private School', 'Crescendo Artistic Environment Private Schools']}]",4339,98020,4,WA,,,,1541168,"$2,785,000"
Active/Contingent,,Condo/Townhome/Row Home/Co-Op,2014 Eastbourne Dr,2,"{'atAGlanceFacts': [{'factValue': '1998', 'factLabel': 'Year built'}, {'factValue': '', 'factLabel': 'Remodeled year'}, {'factValue': '', 'factLabel': 'Heating'}, {'factValue': '', 'factLabel': 'Cooling'}, {'factValue': '', 'factLabel': 'Parking'}, {'factValue': None, 'factLabel': 'lotsize'}, {'factValue': 'No Info', 'factLabel': 'Price/sqft'}]}",,Southern Pines,"[{'rating': ['NR', '4', '7', '4', '6', '7', 'NR', 'NR'], 'data': {'Distance': ['1.8 mi', '4.0 mi', '2.2 mi', '2.9 mi', '4.3 mi', '8.2 mi', '0.9 mi', '0.9 mi'], 'Grades': ['PK–2', '6–8', '9–12', '3–5', 'K–9', '9–12', 'K–12', 'PK–12']}, 'name': ['Southern Pines Primary School', 'Southern Middle School', 'Pinecrest High School', 'Southern Pines Elementary School', 'Sandhills Theatre Arts Renaissance School', 'Union Pines High School', 'Covenant Preparatory Private School', ""The O'Neal Private School""]}]",0,28387,2,NC,1,,,197219,"$166,500"
for sale,,townhouse,1134 Longitude Dr,2.5 Baths,"{'atAGlanceFacts': [{'factValue': '', 'factLabel': 'Year built'}, {'factValue': '', 'factLabel': 'Remodeled year'}, {'factValue': '', 'factLabel': 'Heating'}, {'factValue': '', 'factLabel': 'Cooling'}, {'factValue': '', 'factLabel': 'Parking'}, {'factValue': '', 'factLabel': 'lotsize'}, {'factValue': '$154/sqft', 'factLabel': 'Price/sqft'}]}",,Durham,"[{'rating': ['3/10', '4/10', '3/10'], 'data': {'Distance': ['3.27mi', '0.84mi', '2.98mi'], 'Grades': ['6-8', '9-12', 'PK-5']}, 'name': [""Lowe's Grove Middle"", 'Hillside High', 'Bethesda Elementary']}]","1,681 sqft",27713,3 Beds,NC,2.0,,,,"$259,658"
for sale,,single-family home,4146 Diaz Ct,4 Baths,"{'atAGlanceFacts': [{'factValue': '1997', 'factLabel': 'Year built'}, {'factValue': '2003', 'factLabel': 'Remodeled year'}, {'factValue': 'Heat Pump', 'factLabel': 'Heating'}, {'factValue': 'Central', 'factLabel': 'Cooling'}, {'factValue': 'Attached Garage', 'factLabel': 'Parking'}, {'factValue': '6,000 sqft', 'factLabel': 'lotsize'}, {'factValue': '$213/sqft', 'factLabel': 'Price/sqft'}]}",yes,Hernando Beach,"[{'rating': ['7/10', '4/10', '5/10'], 'data': {'Distance': ['3.14mi', '5.71mi', '10.03mi'], 'Grades': ['PK-5', '6-8', '9-12']}, 'name': ['Westside Elementary School', 'Fox Chapel Middle School', 'Weeki Wachee High School']}]","3,756 sqft",34607,4 Beds,FL,2.0,,,U8048113,"$799,000"
for sale,,single-family home,9027 Indigo Breeze Ct,2 Baths,"{'atAGlanceFacts': [{'factValue': '', 'factLabel': 'Year built'}, {'factValue': '', 'factLabel': 'Remodeled year'}, {'factValue': '', 'factLabel': 'Heating'}, {'factValue': '', 'factLabel': 'Cooling'}, {'factValue': '', 'factLabel': 'Parking'}, {'factValue': '', 'factLabel': 'lotsize'}, {'factValue': '$163/sqft', 'factLabel': 'Price/sqft'}]}",,Temple Terrace,"[{'rating': ['2/10', '3/10', '2/10'], 'data': {'Distance': ['2.69mi', '5.52mi', '3.28mi'], 'Grades': ['PK-5', '9-12', '6-8']}, 'name': ['Thonotosassa Elementary School', 'Armwood High School', 'Jennings Middle School']}]","1,504 sqft",33637,3 Beds,FL,1.0,,,,"$244,990"
,,Single Family,4761 NW 7th Dr,2.0,"{'atAGlanceFacts': [{'factValue': '1964', 'factLabel': 'Year built'}, {'factValue': '1965', 'factLabel': 'Remodeled year'}, {'factValue': 'No Data', 'factLabel': 'Heating'}, {'factValue': 'Central', 'factLabel': 'Cooling'}, {'factValue': '1 space', 'factLabel': 'Parking'}, {'factValue': '9,600 sqft', 'factLabel': 'lotsize'}, {'factValue': None, 'factLabel': 'Price/sqft'}]}",,Plantation,"[{'rating': ['3/10', '6/10', '5/10'], 'data': {'Distance': ['0.5 mi', '2.3 mi', '1.9 mi'], 'Grades': ['PK-5', '6-8', '9-12']}, 'name': ['Plantation Elementary School', 'Seminole Middle School', 'South Plantation High School']}]","2,088 sqft",33317,3,FL,1.0,,Yes,,"$333,543"
,,Single Family,7353 Boysenberry Ct,2.0,"{'atAGlanceFacts': [{'factValue': '1983', 'factLabel': 'Year built'}, {'factValue': '1983', 'factLabel': 'Remodeled year'}, {'factValue': 'Forced air', 'factLabel': 'Heating'}, {'factValue': 'Central', 'factLabel': 'Cooling'}, {'factValue': 'No Data', 'factLabel': 'Parking'}, {'factValue': '0.29 acres', 'factLabel': 'lotsize'}, {'factValue': None, 'factLabel': 'Price/sqft'}]}",Yes,Jacksonville,"[{'rating': ['7/10', '2/10', '4/10'], 'data': {'Distance': ['2.2 mi', '3.8 mi', '3.2 mi'], 'Grades': ['K-5', '6-8', '9-12']}, 'name': ['Chimney Lakes Elementary School', 'Jefferson Davis Middle School', 'Westside High School']}]","1,446 sqft",32244,3,FL,1,,,,
for sale,,lot/land,4851 Adams Rd,,"{'atAGlanceFacts': [{'factValue': '1974', 'factLabel': 'Year built'}, {'factValue': '', 'factLabel': 'Remodeled year'}, {'factValue': 'Electric', 'factLabel': 'Heating'}, {'factValue': '', 'factLabel': 'Cooling'}, {'factValue': '', 'factLabel': 'Parking'}, {'factValue': '1.7 acres', 'factLabel': 'lotsize'}, {'factValue': '$344/sqft', 'factLabel': 'Price/sqft'}]}",,Atlanta,"[{'rating': ['8/10', '6/10', '8/10'], 'data': {'Distance': ['0.93mi', '0.59mi', '0.41mi'], 'Grades': ['9-12', '6-8', 'PK-5']}, 'name': ['Dunwoody High School', 'Peachtree Middle School', 'Dunwoody Elementary School']}]","1,076 sqft",30338,,GA,2.0,,,8670120,"$369,900"
,,Single Family,938 Vista Placera,3.0,"{'atAGlanceFacts': [{'factValue': '2019', 'factLabel': 'Year built'}, {'factValue': None, 'factLabel': 'Remodeled year'}, {'factValue': 'No Data', 'factLabel': 'Heating'}, {'factValue': 'No Data', 'factLabel': 'Cooling'}, {'factValue': '3 spaces', 'factLabel': 'Parking'}, {'factValue': 'No Data', 'factLabel': 'lotsize'}, {'factValue': '$152', 'factLabel': 'Price/sqft'}]}",,San Antonio,"[{'rating': ['10/10', '9/10', '8/10'], 'data': {'Distance': ['2.5 mi', '11.9 mi', '10.6 mi'], 'Grades': ['PK-5', '6-8', '9-12']}, 'name': ['Timberwood Park Elementary School', 'Smithson Valley Middle School', 'Smithson Valley High School']}]","2,688",78260,3,TX,1.0,,,,"$409,069"
Active,,,107 Road 5110 ,,"{'atAGlanceFacts': [{'factValue': '', 'factLabel': 'Year built'}, {'factValue': '', 'factLabel': 'Remodeled year'}, {'factValue': '', 'factLabel': 'Heating'}, {'factValue': '', 'factLabel': 'Cooling'}, {'factValue': '', 'factLabel': 'Parking'}, {'factValue': '—', 'factLabel': 'lotsize'}, {'factValue': None, 'factLabel': 'Price/sqft'}]}",,Cleveland,"[{'rating': ['NR', '4', '6', '5', '2'], 'data': {'Distance': ['12.1 mi', '11.3 mi', '13.4 mi', '12.0 mi', '12.1 mi'], 'Grades': ['Preschool to 2', 'Preschool to 6', '3 to 4', '5 to 8', '9 to 12']}, 'name': ['Southside Primary School', 'Eastside Elementary School', 'Northside Elementary School', 'Cleveland Middle School', 'Cleveland High School']}]",,77327,,TX,,,,51744683,"50,000"
Active,,Single Family Home,8509 Findlay St,1,"{'atAGlanceFacts': [{'factValue': '1940', 'factLabel': 'Year built'}, {'factValue': '', 'factLabel': 'Remodeled year'}, {'factValue': '', 'factLabel': 'Heating'}, {'factValue': 'Central Electric', 'factLabel': 'Cooling'}, {'factValue': '', 'factLabel': 'Parking'}, {'factValue': '11920', 'factLabel': 'lotsize'}, {'factValue': '$115', 'factLabel': 'Price/sqft'}]}",,Houston,"[{'rating': ['9', '3', '1', '3', '2', 'NR', 'NR', 'NR'], 'data': {'Distance': ['0.3 mi', '2.2 mi', '0.9 mi', '0.8 mi', '1.1 mi', '1.1 mi', '0.5 mi', '0.8 mi'], 'Grades': ['PK–5', '6–8', '9–12', 'K–5', '6–8', 'K–12', 'PK–8', 'PK–2']}, 'name': ['Park Place Elementary School', 'Ortiz Middle School', 'Chavez High School', 'Raul Yzaguirre School For Success', 'Deady Middle School', 'Academic Behavior Center East School', 'St Christopher Catholic Private School', 'Busi Bodies Academy Private School']}]",1308,77017,2.0,TX,1,,,78774478,"$149,999"
for sale,,single-family home,7209 Shadyvilla Ln,2 Baths,"{'atAGlanceFacts': [{'factValue': '1965', 'factLabel': 'Year built'}, {'factValue': '1965', 'factLabel': 'Remodeled year'}, {'factValue': 'Other', 'factLabel': 'Heating'}, {'factValue': 'Central', 'factLabel': 'Cooling'}, {'factValue': '', 'factLabel': 'Parking'}, {'factValue': '4,696 sqft', 'factLabel': 'lotsize'}, {'factValue': '$136/sqft', 'factLabel': 'Price/sqft'}]}",,Houston,"[{'rating': ['3/10', '3/10', '2/10'], 'data': {'Distance': ['1.6mi', '0.42mi', '3.7mi'], 'Grades': ['5-8', 'PK-5', '9-12']}, 'name': ['Landrum Middle School', 'Housman Elementary School', 'Northbrook High School']}]","1,612 sqft",77055,,TX,2.0,,,6281543,"$220,000"
for sale,,condo,200 E Delaware Pl #25A,3 Baths,"{'atAGlanceFacts': [{'factValue': '1973', 'factLabel': 'Year built'}, {'factValue': '', 'factLabel': 'Remodeled year'}, {'factValue': 'Forced Air', 'factLabel': 'Heating'}, {'factValue': 'Central', 'factLabel': 'Cooling'}, {'factValue': 'Attached Garage', 'factLabel': 'Parking'}, {'factValue': '0.62 acres', 'factLabel': 'lotsize'}, {'factValue': '$340/sqft', 'factLabel': 'Price/sqft'}]}",,Chicago,"[{'rating': ['4/10', '7/10'], 'data': {'Distance': ['2.42mi', '0.4mi'], 'Grades': ['9-12', 'PK-8']}, 'name': ['Wells Community Academy High School', 'Ogden Elementary School']}]","2,200 sqft",60611,3 Beds,IL,9.0,,yes,10592240,"$749,000"
for sale,,single-family home,4165 Sheppard Dr,2 Baths,"{'atAGlanceFacts': [{'factValue': '1968', 'factLabel': 'Year built'}, {'factValue': '1968', 'factLabel': 'Remodeled year'}, {'factValue': 'Forced Air', 'factLabel': 'Heating'}, {'factValue': 'Central', 'factLabel': 'Cooling'}, {'factValue': 'Attached Garage', 'factLabel': 'Parking'}, {'factValue': '7,405 sqft', 'factLabel': 'lotsize'}, {'factValue': '$205/sqft', 'factLabel': 'Price/sqft'}]}",yes,Las Vegas,"[{'rating': ['None/10', '3/10', '5/10'], 'data': {'Distance': ['1.31mi', '1.19mi', '0.26mi'], 'Grades': ['6-8', '9-12', 'PK-5']}, 'name': ['C W Woodbury Middle School', 'Chaparral High School', 'William E  Ferron Elementary School']}]","1,244 sqft",89121,3 Beds,NV,1.0,,yes,2160820,"$255,000"
Active,,Single Family Home,26 Casco Ct,2,"{'atAGlanceFacts': [{'factValue': '1999', 'factLabel': 'Year built'}, {'factValue': '', 'factLabel': 'Remodeled year'}, {'factValue': 'Natural Gas', 'factLabel': 'Heating'}, {'factValue': '', 'factLabel': 'Cooling'}, {'factValue': 'Double Wide Drive, Oversized Drive', 'factLabel': 'Parking'}, {'factValue': '4983', 'factLabel': 'lotsize'}, {'factValue': '$118', 'factLabel': 'Price/sqft'}]}",,Lakewood,"[{'rating': ['4', '3', '2', 'NR', 'NR', 'NR', 'NR'], 'data': {'Distance': ['1.4 mi', '3.6 mi', '3.7 mi', '1.5 mi', '4.4 mi', '0.6 mi', '0.6 mi'], 'Grades': ['1–5', '6–8', '9–12', 'PK–1', '9–12', '9–12', 'K–12']}, 'name': ['Oak Street Elementary School', 'Lakewood Middle School', 'Lakewood High School', 'Spruce St Elementary School', 'Brick Center Vocational School', 'Yeshivas Ohr Yissochor Private School', 'Agape Academy Private School']}]",2272,8701,2.0,NJ,1.0,,,21947773,"$269,000"
for sale,,lot/land,Greenfield Drive Off St,,"{'atAGlanceFacts': [{'factValue': '', 'factLabel': 'Year built'}, {'factValue': '', 'factLabel': 'Remodeled year'}, {'factValue': '', 'factLabel': 'Heating'}, {'factValue': '', 'factLabel': 'Cooling'}, {'factValue': '', 'factLabel': 'Parking'}, {'factValue': '', 'factLabel': 'lotsize'}, {'factValue': None, 'factLabel': 'Price/sqft'}]}",,Waco,"[{'rating': ['3/10', '2/10', '2/10', '5/10'], 'data': {'Distance': ['1.59mi', '2.42mi', '1.47mi', '2.48mi'], 'Grades': ['9-12', '6-8', '4-5', '1-3']}, 'name': ['Connally High School', 'Connally J High School', 'Connally Elementary School', 'Connally Primary School']}]",,76705,,TX,,,,191410,"$10,000"
for sale,,single-family home,8451 24th Ave SW,,"{'atAGlanceFacts': [{'factValue': '1918', 'factLabel': 'Year built'}, {'factValue': '', 'factLabel': 'Remodeled year'}, {'factValue': 'Baseboard', 'factLabel': 'Heating'}, {'factValue': '', 'factLabel': 'Cooling'}, {'factValue': 'Off Street', 'factLabel': 'Parking'}, {'factValue': '7,680 sqft', 'factLabel': 'lotsize'}, {'factValue': '$617/sqft', 'factLabel': 'Price/sqft'}]}",,Seattle,"[{'rating': ['6/10', '3/10', '4/10'], 'data': {'Distance': ['0.33mi', '0.7mi', '0.18mi'], 'Grades': ['6-8', 'PK-5', '9-12']}, 'name': ['Denny Middle School', 'Roxhill Elementary School', 'Chief Sealth High School']}]",770 sqft,98106,2 Beds,WA,1.0,,,1496191,"$475,000"
Active,, ,151 Godfrey Ave NE ,,"{'atAGlanceFacts': [{'factValue': '1960', 'factLabel': 'Year built'}, {'factValue': '1993', 'factLabel': 'Remodeled year'}, {'factValue': 'Central, Electric', 'factLabel': 'Heating'}, {'factValue': 'Central Air', 'factLabel': 'Cooling'}, {'factValue': '', 'factLabel': 'Parking'}, {'factValue': '10,200 Sq. Ft.', 'factLabel': 'lotsize'}, {'factValue': '$190 / Sq. Ft.', 'factLabel': 'Price/sqft'}]}",,PORT CHARLOTTE,"[{'rating': ['4', '7', '7'], 'data': {'Distance': ['1.4 mi', '2.6 mi', '4.8 mi'], 'Grades': ['Preschool to 5', '6 to 8', '9 to 12']}, 'name': ['Peace River Elementary School', 'Port Charlotte Middle School', 'Charlotte High School']}]","1,160",33952,,FL,One,,,C7419616,"219,900"
for sale,,single-family home,1397 Roberts Rd,4 Baths,"{'atAGlanceFacts': [{'factValue': '1994', 'factLabel': 'Year built'}, {'factValue': '1999', 'factLabel': 'Remodeled year'}, {'factValue': 'Forced Air', 'factLabel': 'Heating'}, {'factValue': 'Central', 'factLabel': 'Cooling'}, {'factValue': 'Attached Garage, Detached Garage, Carport', 'factLabel': 'Parking'}, {'factValue': '25.41 acres', 'factLabel': 'lotsize'}, {'factValue': '$454/sqft', 'factLabel': 'Price/sqft'}]}",yes,Saint Johns,"[{'rating': ['10/10', '8/10', '9/10'], 'data': {'Distance': ['1.95mi', '0.62mi', '1.58mi'], 'Grades': ['6-8', 'PK-5', '9-12']}, 'name': ['Switzerland Point Middle School', 'Cunningham Creek Elementary School', 'Bartram Trail High School']}]","3,928 sqft",32259,4 Beds,FL,1.0,,yes,1007253,"$1,785,000"
For sale,,Single Family,19293 Marshmallow Pl,Bathrooms: 3,"{'atAGlanceFacts': [{'factValue': '2019', 'factLabel': 'Year built'}, {'factValue': '', 'factLabel': 'Remodeled year'}, {'factValue': 'Forced air', 'factLabel': 'Heating'}, {'factValue': 'Central', 'factLabel': 'Cooling'}, {'factValue': '', 'factLabel': 'Parking'}, {'factValue': '5,227 sqft lot', 'factLabel': 'lotsize'}, {'factValue': '$300', 'factLabel': 'Price/sqft'}]}",Yes,Bend,"[{'rating': ['NA', '7/10', '10/10'], 'data': {'Distance': ['2 mi', '1.5 mi', '2.2 mi'], 'Grades': ['K-5', '6-8', '9-12']}, 'name': ['William E Miller Elementary', 'Cascade Middle School', 'Summit High School']}]","Total interior livable area: 2,383 sqft",97702,4 bd,OR,,201908925,,,"$714,550"
Active,,Single Family Home,4106 Foxtail Ct,4.5,"{'atAGlanceFacts': [{'factValue': '2007', 'factLabel': 'Year built'}, {'factValue': '', 'factLabel': 'Remodeled year'}, {'factValue': '', 'factLabel': 'Heating'}, {'factValue': '', 'factLabel': 'Cooling'}, {'factValue': '', 'factLabel': 'Parking'}, {'factValue': '103237', 'factLabel': 'lotsize'}, {'factValue': '$81', 'factLabel': 'Price/sqft'}]}",,Kissimmee,"[{'rating': ['3', '5', 'NR', '4', '2', '7', 'NR', 'NR'], 'data': {'Distance': ['2.1 mi', '3.7 mi', '3.2 mi', '3.9 mi', '0.6 mi', '3.6 mi', '2.8 mi', '2.8 mi'], 'Grades': ['PK–12', '6–8', 'K–11', 'K–5', 'K–8', '9–12', 'PK–7', 'PK–8']}, 'name': ['Liberty High School', 'Horizon Middle School', 'Technical Education Center Osceola-Poinciana Campus School', 'Sunrise Elementary School', 'Avant Garde Academy K8 Osceola School', 'New Dimensions High School', 'Peace Lutheran Private School', 'Peace Lutheran Private School']}]",5131,34746,5,FL,2,,,O5827615,"$414,900"
for sale,,single-family home,5427 Stanford Ave,6 Baths,"{'atAGlanceFacts': [{'factValue': '2014', 'factLabel': 'Year built'}, {'factValue': '2014', 'factLabel': 'Remodeled year'}, {'factValue': 'Forced Air', 'factLabel': 'Heating'}, {'factValue': 'Central', 'factLabel': 'Cooling'}, {'factValue': 'Attached Garage', 'factLabel': 'Parking'}, {'factValue': '9,263 sqft', 'factLabel': 'lotsize'}, {'factValue': '$397/sqft', 'factLabel': 'Price/sqft'}]}",yes,Dallas,"[{'rating': ['3/10', '6/10', '3/10'], 'data': {'Distance': ['2.58mi', '1.03mi', '2.44mi'], 'Grades': ['6-8', 'PK-5', '9-12']}, 'name': ['Edward High Cary Middle School', 'K B Polk Center For Academically T', 'Thomas Jefferson High School']}]","4,520 sqft",75209,4 Beds,TX,2.0,,,14059831,"$1,795,000"
for sale,,condo,700 SE 14th St #E,3 Baths,"{'atAGlanceFacts': [{'factValue': '1984', 'factLabel': 'Year built'}, {'factValue': '', 'factLabel': 'Remodeled year'}, {'factValue': 'Forced Air', 'factLabel': 'Heating'}, {'factValue': 'Central', 'factLabel': 'Cooling'}, {'factValue': '', 'factLabel': 'Parking'}, {'factValue': '654 sqft', 'factLabel': 'lotsize'}, {'factValue': '$271/sqft', 'factLabel': 'Price/sqft'}]}",,Fort Lauderdale,"[{'rating': ['7/10', '5/10', '7/10'], 'data': {'Distance': ['3.09mi', '2.79mi', '0.22mi'], 'Grades': ['9-12', '6-8', 'PK-5']}, 'name': ['Fort Lauderdale High School', 'Sunrise Middle School', 'Harbordale Elementary School']}]","1,250 sqft",33316,2 Beds,FL,,,,A10774151,"$339,000"
for sale,,condo,340 W 2nd St #4,2 Baths,"{'atAGlanceFacts': [{'factValue': '2019', 'factLabel': 'Year built'}, {'factValue': '', 'factLabel': 'Remodeled year'}, {'factValue': 'Forced Air', 'factLabel': 'Heating'}, {'factValue': 'Central', 'factLabel': 'Cooling'}, {'factValue': '', 'factLabel': 'Parking'}, {'factValue': '', 'factLabel': 'lotsize'}, {'factValue': '$865/sqft', 'factLabel': 'Price/sqft'}]}",,Boston,"[{'rating': [], 'data': {'Distance': [], 'Grades': []}, 'name': []}]","1,060 sqft",2127,2 Beds,MA,,,,72570155,"$916,900"
Active,,,4391 Collins Ave #1217 ,,"{'atAGlanceFacts': [{'factValue': '2008', 'factLabel': 'Year built'}, {'factValue': '2008', 'factLabel': 'Remodeled year'}, {'factValue': 'Central Air', 'factLabel': 'Heating'}, {'factValue': 'Has Cooling', 'factLabel': 'Cooling'}, {'factValue': '', 'factLabel': 'Parking'}, {'factValue': '—', 'factLabel': 'lotsize'}, {'factValue': '$1208 / Sq. Ft.', 'factLabel': 'Price/sqft'}]}",,Miami Beach,"[{'rating': ['10', '10', 'NR', '4', '4'], 'data': {'Distance': ['0.6 mi', '27.0 mi', '22.4 mi', '0.8 mi', '1.4 mi'], 'Grades': ['Preschool to 5', 'Preschool to 8', 'K to 9', '6 to 8', '9 to 12']}, 'name': ['North Beach Elementary School', 'Air Base Elementary School', 'Robert Morgan Voc-Tech Institute', 'Nautilus Middle School', 'Miami Beach Senior High School']}]",538,33140,,FL,,,,A10764465,"650,000"
New construction,,Single Family,5315 Fayetteville Rd,3,"{'atAGlanceFacts': [{'factValue': '2019', 'factLabel': 'Year built'}, {'factValue': None, 'factLabel': 'Remodeled year'}, {'factValue': 'Forced air', 'factLabel': 'Heating'}, {'factValue': 'Central', 'factLabel': 'Cooling'}, {'factValue': 'No Data', 'factLabel': 'Parking'}, {'factValue': '0.36 acres', 'factLabel': 'lotsize'}, {'factValue': '$168', 'factLabel': 'Price/sqft'}]}",0,Durham,"[{'rating': ['5/10', '3/10', '4/10'], 'data': {'Distance': ['2.4 mi', '2.4 mi', '1.9 mi'], 'Grades': ['PK-5', '6-8', '9-12']}, 'name': ['Parkwood Elementary', ""Lowe's Grove Middle"", 'Hillside High']}]","2,375",27713,4,NC,0.0,,,2264748,"$399,000"
For sale,,Single Family,3427 S Grand Blvd,2.0,"{'atAGlanceFacts': [{'factValue': '1946', 'factLabel': 'Year built'}, {'factValue': '2010', 'factLabel': 'Remodeled year'}, {'factValue': 'Forced air', 'factLabel': 'Heating'}, {'factValue': 'None', 'factLabel': 'Cooling'}, {'factValue': '1 space', 'factLabel': 'Parking'}, {'factValue': '5,623 sqft', 'factLabel': 'lotsize'}, {'factValue': '$145', 'factLabel': 'Price/sqft'}]}",Yes,Spokane,"[{'rating': ['5/10', '7/10', '7/10'], 'data': {'Distance': ['0.5 mi', '0.2 mi', '2.2 mi'], 'Grades': ['PK-6', '7-8', '9-12']}, 'name': ['Jefferson Elementary School', 'Sacajawea Middle School', 'Lewis & Clark High School']}]","1,993",99203,3,WA,1,,,201925569,"$289,000"
New construction,,Single Family,"Scarlet Plan, The Woodlands Shumard Oak 50s",Bathrooms: 4,"{'atAGlanceFacts': [{'factValue': '2019', 'factLabel': 'Year built'}, {'factValue': '', 'factLabel': 'Remodeled year'}, {'factValue': '', 'factLabel': 'Heating'}, {'factValue': '', 'factLabel': 'Cooling'}, {'factValue': '2 spaces', 'factLabel': 'Parking'}, {'factValue': '-- sqft lot', 'factLabel': 'lotsize'}, {'factValue': '$147', 'factLabel': 'Price/sqft'}]}",,The Woodlands,"[{'rating': ['5/10', '7/10', '8/10'], 'data': {'Distance': ['4.4 mi', '4.3 mi', '4.1 mi'], 'Grades': ['PK-4', '7-8', '9-12']}, 'name': ['Tomball Elementary School', 'Tomball J High School', 'Tomball High School']}]","Total interior livable area: 2,347 sqft",77375,4 bd,TX,2.0,,,,"$344,990"
for sale,,single-family home,3894 Chapman Bluff Dr,3 Baths,"{'atAGlanceFacts': [{'factValue': '', 'factLabel': 'Year built'}, {'factValue': '', 'factLabel': 'Remodeled year'}, {'factValue': '', 'factLabel': 'Heating'}, {'factValue': '', 'factLabel': 'Cooling'}, {'factValue': '', 'factLabel': 'Parking'}, {'factValue': '', 'factLabel': 'lotsize'}, {'factValue': '$132/sqft', 'factLabel': 'Price/sqft'}]}",,Spring,"[{'rating': ['9/10', '9/10', '8/10'], 'data': {'Distance': ['1.07mi', '1.19mi', '1.23mi'], 'Grades': ['PK-4', '5-6', '7-8']}, 'name': ['Broadway Elementary School', 'Cox Intermediate School', 'York J High School']}]","2,265 sqft",77386,4 Beds,TX,1.0,,,,"$299,999"
for sale,,single-family home,1406 Grey Flint Cv,3 Baths,"{'atAGlanceFacts': [{'factValue': '2003', 'factLabel': 'Year built'}, {'factValue': '', 'factLabel': 'Remodeled year'}, {'factValue': 'Forced Air', 'factLabel': 'Heating'}, {'factValue': 'Central', 'factLabel': 'Cooling'}, {'factValue': 'Attached Garage', 'factLabel': 'Parking'}, {'factValue': '1.02 acres', 'factLabel': 'lotsize'}, {'factValue': '$155/sqft', 'factLabel': 'Price/sqft'}]}",yes,San Antonio,"[{'rating': ['10/10', '9/10', '9/10'], 'data': {'Distance': ['2.88mi', '1.81mi', '0.6mi'], 'Grades': ['6-8', '9-12', 'PK-5']}, 'name': ['Lopez Middle School', 'Reagan High School', 'Vineyard Ranch Elementary']}]","2,831 sqft",78258,4 Beds,TX,1.0,,,A10765877,"$439,000"
for sale,,single-family home,2623 Leakey,3 Baths,"{'atAGlanceFacts': [{'factValue': '2000', 'factLabel': 'Year built'}, {'factValue': '', 'factLabel': 'Remodeled year'}, {'factValue': 'Forced Air', 'factLabel': 'Heating'}, {'factValue': 'Central', 'factLabel': 'Cooling'}, {'factValue': 'Attached Garage', 'factLabel': 'Parking'}, {'factValue': '10,411 sqft', 'factLabel': 'lotsize'}, {'factValue': '$102/sqft', 'factLabel': 'Price/sqft'}]}",yes,San Antonio,"[{'rating': ['5/10', '8/10', '7/10'], 'data': {'Distance': ['0.68mi', '0.74mi', '0.44mi'], 'Grades': ['6-8', 'PK-5', '9-12']}, 'name': ['Jordan Middle School', 'Raba Elementary School', 'Warren High School']}]","2,991 sqft",78251,4 Beds,TX,2.0,,,1424505,"$304,900"
Active,,,9971 Preserves Way ,,"{'atAGlanceFacts': [{'factValue': '', 'factLabel': 'Year built'}, {'factValue': '', 'factLabel': 'Remodeled year'}, {'factValue': '', 'factLabel': 'Heating'}, {'factValue': '', 'factLabel': 'Cooling'}, {'factValue': '', 'factLabel': 'Parking'}, {'factValue': '2.59 Acres', 'factLabel': 'lotsize'}, {'factValue': None, 'factLabel': 'Price/sqft'}]}",,Jacksonville,"[{'rating': ['7', '3', '3'], 'data': {'Distance': ['3.5 mi', '8.6 mi', '7.7 mi'], 'Grades': ['K to 5', '6 to 8', '9 to 12']}, 'name': ['Dinsmore Elementary School', 'Highlands Middle School', 'Jean Ribault High School']}]",,32219,,FL,,,,995284,"18,000"
for sale,,condo,7770 Meadow Rd #104,2 Baths,"{'atAGlanceFacts': [{'factValue': '1968', 'factLabel': 'Year built'}, {'factValue': '2006', 'factLabel': 'Remodeled year'}, {'factValue': 'Forced Air', 'factLabel': 'Heating'}, {'factValue': 'Central', 'factLabel': 'Cooling'}, {'factValue': '1', 'factLabel': 'Parking'}, {'factValue': '1.11 acres', 'factLabel': 'lotsize'}, {'factValue': '$196/sqft', 'factLabel': 'Price/sqft'}]}",,Dallas,"[{'rating': ['5/10', '3/10', '8/10'], 'data': {'Distance': ['0.76mi', '0.72mi', '1.42mi'], 'Grades': ['9-12', '6-8', 'PK-5']}, 'name': ['Hillcrest High School', 'Benjamin Franklin Middle School', 'Preston Hollow Elementary School']}]",818 sqft,75230,2 Beds,TX,1.0,,yes,14223988,"$160,000"
for sale,,single-family home,798 SW McCall Rd,2 Baths,"{'atAGlanceFacts': [{'factValue': '2004', 'factLabel': 'Year built'}, {'factValue': '2004', 'factLabel': 'Remodeled year'}, {'factValue': 'Forced Air', 'factLabel': 'Heating'}, {'factValue': 'Central', 'factLabel': 'Cooling'}, {'factValue': 'Attached Garage', 'factLabel': 'Parking'}, {'factValue': '10,019 sqft', 'factLabel': 'lotsize'}, {'factValue': '$115/sqft', 'factLabel': 'Price/sqft'}]}",,Port Saint Lucie,"[{'rating': ['8/10', '5/10', '4/10', '3/10', '5/10', '6/10', '7/10', '5/10'], 'data': {'Distance': ['7.33mi', '1.03mi', '8.28mi', '1.06mi', '4.25mi', '4.98mi', '4.41mi', '3.44mi'], 'Grades': ['K-8', '9-12', 'PK-8', 'PK-5', 'PK-5', 'K-8', 'K-8', 'PK-8']}, 'name': ['West Gate K-8 School', 'Treasure Coast High School', 'Allapattah Flats K-8', 'Windmill Point Elementary School', 'Bayshore Elementary School', 'Manatee Academy K-8', 'St. Lucie West K-8 School', 'Oak Hammock K-8 School']}]","2,268 sqft",34953,4 Beds,FL,1.0,,,RX-10568210,"$259,900"
for sale,,condo,11807 Front Beach Rd #2203,3 Baths,"{'atAGlanceFacts': [{'factValue': '2007', 'factLabel': 'Year built'}, {'factValue': '2007', 'factLabel': 'Remodeled year'}, {'factValue': 'Electric', 'factLabel': 'Heating'}, {'factValue': '', 'factLabel': 'Cooling'}, {'factValue': 'Covered Lot', 'factLabel': 'Parking'}, {'factValue': '', 'factLabel': 'lotsize'}, {'factValue': '$373/sqft', 'factLabel': 'Price/sqft'}]}",,Panama City Beach,"[{'rating': ['5/10', '6/10', '7/10'], 'data': {'Distance': ['1.12mi', '2.21mi', '1.38mi'], 'Grades': ['PK-5', '6-8', 'PK-12']}, 'name': ['Hutchison Beach Elementary School', 'Surfside Middle School', 'J.R. Arnold High School']}]","1,916 sqft",32407,3 Beds,FL,,,yes,830642,"$715,000"
for sale,,coop,8470 129th St #4A,2 Baths,"{'atAGlanceFacts': [{'factValue': '1969', 'factLabel': 'Year built'}, {'factValue': '', 'factLabel': 'Remodeled year'}, {'factValue': '', 'factLabel': 'Heating'}, {'factValue': '', 'factLabel': 'Cooling'}, {'factValue': '', 'factLabel': 'Parking'}, {'factValue': '0.75 acres', 'factLabel': 'lotsize'}, {'factValue': None, 'factLabel': 'Price/sqft'}]}",,Kew Gardens,"[{'rating': ['3/10', '6/10', '7/10'], 'data': {'Distance': ['1.15mi', '0.68mi', '0.37mi'], 'Grades': ['9-12', '6-8', 'K-6']}, 'name': ['Hillcrest High School', 'Jhs 217 Robert A Van Wyck', 'Ps 99 Kew Gardens']}]","107,250 sqft",11415,2 Beds,NY,,,,,"$319,000"
Active,,Single Family Home,15125 Mille Fiore Blvd.,2,"{'atAGlanceFacts': [{'factValue': '', 'factLabel': 'Year built'}, {'factValue': '', 'factLabel': 'Remodeled year'}, {'factValue': '', 'factLabel': 'Heating'}, {'factValue': '', 'factLabel': 'Cooling'}, {'factValue': '', 'factLabel': 'Parking'}, {'factValue': None, 'factLabel': 'lotsize'}, {'factValue': '$139', 'factLabel': 'Price/sqft'}]}",,Port Charlotte,"[{'rating': ['5', '4', '6', '1', 'NR', 'NR', 'NR', 'NR'], 'data': {'Distance': ['5.5 mi', '2.2 mi', '3.0 mi', '3.3 mi', '3.2 mi', '3.3 mi', '1.9 mi', '3.5 mi'], 'Grades': ['PK–5', '6–8', '9–12', 'K–9', '6–12', 'K–12', '1–9', 'PK–12']}, 'name': ['Liberty Elementary School', 'Murdock Middle School', 'Port Charlotte High School', 'Charlotte Technical Center School', 'The Academy School', 'Charlotte Virtual Instruction Program School', 'Jordan Center for Learning Private School', 'Academy of Biblical Character Development Private Schools']}]","1,702",33953,3,FL,,,,161411024,"$235,900"
For sale,,Single Family,3007 Carlene Dr,3 ba,"{'atAGlanceFacts': [{'factValue': '', 'factLabel': 'Year built'}, {'factValue': '', 'factLabel': 'Remodeled year'}, {'factValue': 'Forced air', 'factLabel': 'Heating'}, {'factValue': 'Central', 'factLabel': 'Cooling'}, {'factValue': 'Attached Garage', 'factLabel': 'Parking'}, {'factValue': '0.34 acres', 'factLabel': 'lotsize'}, {'factValue': '$119', 'factLabel': 'Price/sqft'}]}",,Bloomington,"[{'rating': ['4/10', '6/10', '9/10'], 'data': {'Distance': ['2.9 mi', '3.5 mi', '2.6 mi'], 'Grades': ['K-5', '6-8', '9-12']}, 'name': ['Colene Hoose Elementary School', 'Chiddix Jr High School', 'Normal Community High School']}]","1,595 sqft",61704,3 bd,IL,,10544200,,,"$189,900"
Active,,,304 E South St #2024 ,,"{'atAGlanceFacts': [{'factValue': '2002', 'factLabel': 'Year built'}, {'factValue': '2002', 'factLabel': 'Remodeled year'}, {'factValue': 'Central, Electric', 'factLabel': 'Heating'}, {'factValue': 'Central Air', 'factLabel': 'Cooling'}, {'factValue': '', 'factLabel': 'Parking'}, {'factValue': '—', 'factLabel': 'lotsize'}, {'factValue': '$208 / Sq. Ft.', 'factLabel': 'Price/sqft'}]}",,ORLANDO,"[{'rating': ['3', '7', 'NR', 'NR', '9', '4', '7'], 'data': {'Distance': ['1.6 mi', '4.6 mi', '0.2 mi', '0.3 mi', '0.4 mi', '3.2 mi', '4.6 mi'], 'Grades': ['Preschool to 5', 'K to 8', 'K to 8', 'K to 9', 'K to 8', '9 to 12', '9 to 12']}, 'name': ['Lake Como Elementary School', 'Cornerstone Academy Charter', 'The Christ School', 'Bridge To Independence', 'Lake Eola Charter School', 'Edgewater High School', 'Cornerstone Charter Academy High School']}]",667,32801,,FL,One,,,O5808438,"138,500"
Pre-foreclosure / auction,,Townhouse,20663 Fm 2154 Rd,Bathrooms: 4,"{'atAGlanceFacts': [{'factValue': '2016', 'factLabel': 'Year built'}, {'factValue': '1984', 'factLabel': 'Remodeled year'}, {'factValue': 'Other', 'factLabel': 'Heating'}, {'factValue': 'Central', 'factLabel': 'Cooling'}, {'factValue': '3 spaces', 'factLabel': 'Parking'}, {'factValue': '2 acres', 'factLabel': 'lotsize'}, {'factValue': '', 'factLabel': 'Price/sqft'}]}",Yes,College Station,"[{'rating': ['NA', '2/10', 'NA'], 'data': {'Distance': ['10.7 mi', '11.5 mi', '10.7 mi'], 'Grades': ['PK-5', '6-8', '9-12']}, 'name': ['Brule Elementary School', 'Navasota J High School', 'W B Bizzell Academy']}]","Total interior livable area: 4,179 sqft",77845,4 bd,TX,2.0,,,,
Pending,,Single Family Home,8 Waldorf Pl,2,"{'atAGlanceFacts': [{'factValue': '1999', 'factLabel': 'Year built'}, {'factValue': '', 'factLabel': 'Remodeled year'}, {'factValue': 'Central Electric', 'factLabel': 'Heating'}, {'factValue': 'Central Electric', 'factLabel': 'Cooling'}, {'factValue': '', 'factLabel': 'Parking'}, {'factValue': '19994', 'factLabel': 'lotsize'}, {'factValue': '$144', 'factLabel': 'Price/sqft'}]}",,Palm Coast,"[{'rating': ['5', '4', '6', 'NR', '5', 'NR', 'NR', 'NR'], 'data': {'Distance': ['0.6 mi', '0.6 mi', '3.8 mi', '1.8 mi', '3.5 mi', '3.8 mi', '1.4 mi', '1.4 mi'], 'Grades': ['PK–6', '7–8', '9–12', 'K–8', '7–12', 'PK–8', 'PK–12']}, 'name': ['Lewis E. Wadsworth Elementary School', 'Buddy Taylor Middle School', 'Flagler-Palm Coast High School', 'Flagler County Adult School', 'Imagine School Town Center', 'Flagler Virtual Instruction(Course Offerings) School', 'St Elizabeth Ann Seton Catholic Private School', 'Palm Coast Christian Private School']}]",1587,32164,3,FL,One,,,251980,"$229,000"
 / auction,,Single Family,16611 15th Ave SW,2.0,"{'atAGlanceFacts': [{'factValue': '1954', 'factLabel': 'Year built'}, {'factValue': None, 'factLabel': 'Remodeled year'}, {'factValue': 'Forced air', 'factLabel': 'Heating'}, {'factValue': 'No Data', 'factLabel': 'Cooling'}, {'factValue': '1 space', 'factLabel': 'Parking'}, {'factValue': '7,500 sqft', 'factLabel': 'lotsize'}, {'factValue': None, 'factLabel': 'Price/sqft'}]}",Yes,Burien,"[{'rating': ['4/10', '2/10', '1/10'], 'data': {'Distance': ['0.3 mi', '0.9 mi', '1.7 mi'], 'Grades': ['PK-6', '7-8', '9-12']}, 'name': ['Gregory Heights Elementary School', 'Sylvester Middle School', 'Highline High School']}]","1,790 sqft",98166,4,WA,1,,,,"$493,999"
for sale,,single-family home,Armstrong Plan in Cadence at Mint Hill,2.5 Baths,"{'atAGlanceFacts': [{'factValue': '', 'factLabel': 'Year built'}, {'factValue': '', 'factLabel': 'Remodeled year'}, {'factValue': '', 'factLabel': 'Heating'}, {'factValue': '', 'factLabel': 'Cooling'}, {'factValue': '', 'factLabel': 'Parking'}, {'factValue': '', 'factLabel': 'lotsize'}, {'factValue': '$192/sqft', 'factLabel': 'Price/sqft'}]}",,Mint Hill,"[{'rating': ['5/10', '10/10', '6/10'], 'data': {'Distance': ['4.28mi', '1.2mi', '3.38mi'], 'Grades': ['6-8', 'K-5', '9-12']}, 'name': ['Mint Hill Middle School', 'Bain Elementary', 'Independence High']}]","1,731 sqft",28227,2 Beds,NC,,,,,"$331,990+"
Active,,"Detached, Two Story",10550 SW 97th Ave ,,"{'atAGlanceFacts': [{'factValue': '1952', 'factLabel': 'Year built'}, {'factValue': '1952', 'factLabel': 'Remodeled year'}, {'factValue': 'Central Air', 'factLabel': 'Heating'}, {'factValue': 'Has Cooling', 'factLabel': 'Cooling'}, {'factValue': '', 'factLabel': 'Parking'}, {'factValue': '1.41 Acres', 'factLabel': 'lotsize'}, {'factValue': '$217 / Sq. Ft.', 'factLabel': 'Price/sqft'}]}",,Miami,"[{'rating': ['9', '10', 'NR', '7', '4'], 'data': {'Distance': ['1.5 mi', '11.2 mi', '5.5 mi', '2.7 mi', '0.2 mi'], 'Grades': ['Preschool to 8', 'Preschool to 8', 'K to 9', '6 to 8', '9 to 12']}, 'name': ['Vineland K-8 Center', 'Air Base Elementary School', 'Robert Morgan Voc-Tech Institute', 'Palmetto Middle School', 'Miami Killian Senior High School']}]","3,685",33176,,FL,,,,A10449625,"800,000"
for sale,,condo,2649 NW 48th Ter #431,2 Baths,"{'atAGlanceFacts': [{'factValue': '1977', 'factLabel': 'Year built'}, {'factValue': '1978', 'factLabel': 'Remodeled year'}, {'factValue': 'Forced Air', 'factLabel': 'Heating'}, {'factValue': 'Central', 'factLabel': 'Cooling'}, {'factValue': '', 'factLabel': 'Parking'}, {'factValue': '', 'factLabel': 'lotsize'}, {'factValue': '$78/sqft', 'factLabel': 'Price/sqft'}]}",,Lauderdale Lakes,"[{'rating': ['3/10', '2/10', '4/10'], 'data': {'Distance': ['2.24mi', '0.28mi', '0.67mi'], 'Grades': ['9-12', 'PK-5', '6-11']}, 'name': ['Boyd H. Anderson High School', 'Castle Hill Elementary School', 'Lauderhill 6-12 STEM-MED Magnet School']}]",960 sqft,33313,2 Beds,FL,,,,A10732239,"$74,900"
,,Single Family,Buildable plan: Coral Pine Lakes,4.0,"{'atAGlanceFacts': [{'factValue': '2019', 'factLabel': 'Year built'}, {'factValue': None, 'factLabel': 'Remodeled year'}, {'factValue': 'No Data', 'factLabel': 'Heating'}, {'factValue': 'No Data', 'factLabel': 'Cooling'}, {'factValue': '2 spaces', 'factLabel': 'Parking'}, {'factValue': 'No Data', 'factLabel': 'lotsize'}, {'factValue': '$115', 'factLabel': 'Price/sqft'}]}",,Jacksonville,"[{'rating': ['6/10', '4/10', '4/10'], 'data': {'Distance': ['3.9 mi', '3.6 mi', '2.7 mi'], 'Grades': ['K-5', '6-8', '9-12']}, 'name': ['Oceanway Elementary School', 'Oceanway School', 'First Coast High School']}]","2,492",32218,4,FL,2,,,,"$285,990"
for sale,,single-family home,3 Watson Pl,2 Baths,"{'atAGlanceFacts': [{'factValue': '1989', 'factLabel': 'Year built'}, {'factValue': '1994', 'factLabel': 'Remodeled year'}, {'factValue': 'Heat Pump', 'factLabel': 'Heating'}, {'factValue': '', 'factLabel': 'Cooling'}, {'factValue': 'Attached Garage', 'factLabel': 'Parking'}, {'factValue': '10,000 sqft', 'factLabel': 'lotsize'}, {'factValue': '$121/sqft', 'factLabel': 'Price/sqft'}]}",,Palm Coast,"[{'rating': ['5/10', '4/10', '5/10'], 'data': {'Distance': ['4.0mi', '0.49mi', '0.41mi'], 'Grades': ['9-12', '7-8', 'PK-6']}, 'name': ['Flagler-Palm Coast High School', 'Buddy Taylor Middle School', 'Lewis E. Wadsworth Elementary School']}]","1,553 sqft",32164,3 Beds,FL,1.0,,,251120,"$187,500"
,,Condo,31 SE 6th St APT 1704,2.0,"{'atAGlanceFacts': [{'factValue': '2014', 'factLabel': 'Year built'}, {'factValue': '2014', 'factLabel': 'Remodeled year'}, {'factValue': 'Forced air', 'factLabel': 'Heating'}, {'factValue': 'Central', 'factLabel': 'Cooling'}, {'factValue': 'Detached Garage', 'factLabel': 'Parking'}, {'factValue': None, 'factLabel': 'lotsize'}, {'factValue': '$361', 'factLabel': 'Price/sqft'}]}",,Miami,"[{'rating': ['10/10', '2/10'], 'data': {'Distance': ['20.5 mi', '1.3 mi'], 'Grades': ['PK-8', '9-12']}, 'name': ['Air Base Elementary School', 'Booker T. Washington Senior High School']}]",719,33131,1,FL,,,,A10707809,"$259,900"
Active,,,4174 Inverrary Dr #704 ,,"{'atAGlanceFacts': [{'factValue': '1974', 'factLabel': 'Year built'}, {'factValue': '1975', 'factLabel': 'Remodeled year'}, {'factValue': '', 'factLabel': 'Heating'}, {'factValue': '', 'factLabel': 'Cooling'}, {'factValue': '', 'factLabel': 'Parking'}, {'factValue': '—', 'factLabel': 'lotsize'}, {'factValue': '$98 / Sq. Ft.', 'factLabel': 'Price/sqft'}]}",,Lauderhill,"[{'rating': ['4', '3', '3'], 'data': {'Distance': ['1.3 mi', '2.6 mi', '2.0 mi'], 'Grades': ['Preschool to 5', '6 to 8', '9 to 12']}, 'name': ['Park Lakes Elementary School', 'Lauderdale Lakes Middle School', 'Piper High School']}]",972,33319,,FL,,,,H10758309,"94,900"
For sale,,Single Family,7037 Whitesville Rd,Bathrooms: 4,"{'atAGlanceFacts': [{'factValue': '1949', 'factLabel': 'Year built'}, {'factValue': '', 'factLabel': 'Remodeled year'}, {'factValue': 'Other', 'factLabel': 'Heating'}, {'factValue': 'Central', 'factLabel': 'Cooling'}, {'factValue': '', 'factLabel': 'Parking'}, {'factValue': '0.92 acres lot', 'factLabel': 'lotsize'}, {'factValue': '$53', 'factLabel': 'Price/sqft'}]}",Yes,Columbus,"[{'rating': ['4/10', '4/10', '7/10'], 'data': {'Distance': ['0.6 mi', '0.7 mi', '2.6 mi'], 'Grades': ['PK-5', '6-8', '9-12']}, 'name': ['Double Churches Elementary School', 'Double Churches Middle School', 'Northside High School']}]","Total interior livable area: 3,500 sqft",31904,4 bd,GA,0.0,167519,,,"$185,000"
for sale,,lot/land,9715 Charles Dr,,"{'atAGlanceFacts': [{'factValue': '1961', 'factLabel': 'Year built'}, {'factValue': '1971', 'factLabel': 'Remodeled year'}, {'factValue': 'Forced Air', 'factLabel': 'Heating'}, {'factValue': '', 'factLabel': 'Cooling'}, {'factValue': 'Detached Garage', 'factLabel': 'Parking'}, {'factValue': '0.47 acres', 'factLabel': 'lotsize'}, {'factValue': '$14/sqft', 'factLabel': 'Price/sqft'}]}",,Valley View,"[{'rating': ['9/10', '9/10', '9/10'], 'data': {'Distance': ['3.25mi', '3.23mi', '3.32mi'], 'Grades': ['6-8', 'PK-5', '9-12']}, 'name': ['Cuyahoga Heights Middle School', 'Cuyahoga Heights Elementary School', 'Cuyahoga Hts High School']}]","2,071 sqft",44125,,OH,,,,4062144,"$30,000"
for sale,,single-family home,210 Fairlake Cir #12,3 Baths,"{'atAGlanceFacts': [{'factValue': '2017', 'factLabel': 'Year built'}, {'factValue': '', 'factLabel': 'Remodeled year'}, {'factValue': 'Forced Air', 'factLabel': 'Heating'}, {'factValue': 'Central', 'factLabel': 'Cooling'}, {'factValue': 'Attached Garage', 'factLabel': 'Parking'}, {'factValue': '9,605 sqft', 'factLabel': 'lotsize'}, {'factValue': '$221/sqft', 'factLabel': 'Price/sqft'}]}",yes,Lakeway,"[{'rating': ['10/10', '8/10', '9/10'], 'data': {'Distance': ['2.52mi', '2.66mi', '2.52mi'], 'Grades': ['PK-5', '9-12', '6-8']}, 'name': ['Serene Hills Elementary School', 'Lake Travis High School', 'Hudson Bend Middle School']}]","2,012 sqft",78734,3 Beds,TX,2.0,,,5990298,"$443,900"
,,Condo,2831 S Bayshore Dr UNIT 1906,2.0,"{'atAGlanceFacts': [{'factValue': '2018', 'factLabel': 'Year built'}, {'factValue': None, 'factLabel': 'Remodeled year'}, {'factValue': 'Forced air', 'factLabel': 'Heating'}, {'factValue': 'Central', 'factLabel': 'Cooling'}, {'factValue': 'No Data', 'factLabel': 'Parking'}, {'factValue': None, 'factLabel': 'lotsize'}, {'factValue': '$1,132', 'factLabel': 'Price/sqft'}]}",,Miami,"[{'rating': ['10/10', '5/10'], 'data': {'Distance': ['16.7 mi', '1.5 mi'], 'Grades': ['PK-8', '9-12']}, 'name': ['Air Base Elementary School', 'Coral Gables Senior High School']}]","1,369",33133,3,FL,,,,A10781224,"$1,550,000"
,,Single Family,5400 SW 4th St,2.0,"{'atAGlanceFacts': [{'factValue': '1947', 'factLabel': 'Year built'}, {'factValue': '1947', 'factLabel': 'Remodeled year'}, {'factValue': 'Forced air', 'factLabel': 'Heating'}, {'factValue': 'No Data', 'factLabel': 'Cooling'}, {'factValue': 'No Data', 'factLabel': 'Parking'}, {'factValue': '5,301 sqft', 'factLabel': 'lotsize'}, {'factValue': '$231', 'factLabel': 'Price/sqft'}]}",,Coral Gables,"[{'rating': ['10/10', '3/10'], 'data': {'Distance': ['17.4 mi', '3.2 mi'], 'Grades': ['PK-8', '9-12']}, 'name': ['Air Base Elementary School', 'South Miami Senior High School']}]","2,275",33134,3,FL,1.0,,,A10730861,"$525,000"
Active,,,1517 Ionia St ,,"{'atAGlanceFacts': [{'factValue': '1957', 'factLabel': 'Year built'}, {'factValue': '1957', 'factLabel': 'Remodeled year'}, {'factValue': '', 'factLabel': 'Heating'}, {'factValue': '', 'factLabel': 'Cooling'}, {'factValue': '', 'factLabel': 'Parking'}, {'factValue': '5,536 Sq. Ft.', 'factLabel': 'lotsize'}, {'factValue': '$169 / Sq. Ft.', 'factLabel': 'Price/sqft'}]}",,Jacksonville,"[{'rating': ['2', '3', '3'], 'data': {'Distance': ['0.9 mi', '0.4 mi', '4.7 mi'], 'Grades': ['Preschool to 5', '6 to 8', '9 to 12']}, 'name': ['Andrew A. Robinson Elementary School', 'Matthew W. Gilbert Middle School', 'William M. Raines High School']}]","1,000",32206,,FL,,,,1028622,"169,000"
Active,,Single Family Home,2067 Abbey Lane,2,"{'atAGlanceFacts': [{'factValue': '', 'factLabel': 'Year built'}, {'factValue': '', 'factLabel': 'Remodeled year'}, {'factValue': '', 'factLabel': 'Heating'}, {'factValue': '', 'factLabel': 'Cooling'}, {'factValue': '', 'factLabel': 'Parking'}, {'factValue': None, 'factLabel': 'lotsize'}, {'factValue': '$126', 'factLabel': 'Price/sqft'}]}",,Columbus,"[{'rating': ['3', '5', '6', '4', 'NR', '5', 'NR', 'NR'], 'data': {'Distance': ['2.0 mi', '2.2 mi', '2.2 mi', '2.2 mi', '2.2 mi', '4.4 mi', '1.9 mi', '2.1 mi'], 'Grades': ['K–6', '7–8', '9–12', 'PK–6', '9–12', 'K–12', 'K–8']}, 'name': ['Lillian Schmitt Elementary School', 'Northside Middle School', 'Columbus North High School', 'Parkside Elementary School', 'Columbus Area Career Connection School', 'Columbus East High School', 'Bethel Holiness Christian Private School', 'St Bartholomew Private School']}]","1,356",47201,3.0,IN,,,,1704936,"$170,990"
for sale,,single-family home,29191 Weybridge Dr,6 Baths,"{'atAGlanceFacts': [{'factValue': '1997', 'factLabel': 'Year built'}, {'factValue': '2003', 'factLabel': 'Remodeled year'}, {'factValue': 'Forced Air', 'factLabel': 'Heating'}, {'factValue': 'Central', 'factLabel': 'Cooling'}, {'factValue': 'Attached Garage', 'factLabel': 'Parking'}, {'factValue': '0.45 acres', 'factLabel': 'lotsize'}, {'factValue': '$126/sqft', 'factLabel': 'Price/sqft'}]}",yes,Westlake,"[{'rating': ['9/10', '9/10', '7/10', '8/10'], 'data': {'Distance': ['1.31mi', '1.2mi', '1.29mi', '1.39mi'], 'Grades': ['PK-4', '7-8', '5-6', '9-12']}, 'name': ['Dover Elementary School', 'Lee Burneson Middle School', 'Parkside Elementary School', 'Westlake High School']}]","7,362 sqft",44145,6 Beds,OH,2.0,,,4136498,"$924,900"
for sale,,single-family home,Lantana ABC Plan in Freedom Hills,2 Baths,"{'atAGlanceFacts': [{'factValue': '', 'factLabel': 'Year built'}, {'factValue': '', 'factLabel': 'Remodeled year'}, {'factValue': '', 'factLabel': 'Heating'}, {'factValue': '', 'factLabel': 'Cooling'}, {'factValue': '', 'factLabel': 'Parking'}, {'factValue': '', 'factLabel': 'lotsize'}, {'factValue': '$118/sqft', 'factLabel': 'Price/sqft'}]}",,San Antonio,"[{'rating': ['4/10', '3/10'], 'data': {'Distance': ['4.3mi', '4.3mi'], 'Grades': ['PK-5', '9-12']}, 'name': ['Indian Creek Elementary School', 'Southwest High School']}]","1,709 sqft",78242,3 Beds,TX,1,,,,"$201,990+"
,,Single Family,3307 Sackett St,5,"{'atAGlanceFacts': [{'factValue': '2019', 'factLabel': 'Year built'}, {'factValue': '1950', 'factLabel': 'Remodeled year'}, {'factValue': 'Other', 'factLabel': 'Heating'}, {'factValue': 'Central', 'factLabel': 'Cooling'}, {'factValue': '2 spaces', 'factLabel': 'Parking'}, {'factValue': '7,318 sqft', 'factLabel': 'lotsize'}, {'factValue': '$498', 'factLabel': 'Price/sqft'}]}",,Houston,"[{'rating': ['7/10', '10/10', '6/10'], 'data': {'Distance': ['1.1 mi', '1.2 mi', '0.4 mi'], 'Grades': ['PK-5', '6-8', '9-12']}, 'name': ['Poe Elementary School', 'Lanier Middle School', 'Lamar High School']}]","4,410",77098,4,TX,2.0,,Yes,31308662,"$2,197,000"
for sale,,multi-family,11808 Hamlin St,7 Baths,"{'atAGlanceFacts': [{'factValue': '1989', 'factLabel': 'Year built'}, {'factValue': '', 'factLabel': 'Remodeled year'}, {'factValue': 'Forced Air', 'factLabel': 'Heating'}, {'factValue': 'Central', 'factLabel': 'Cooling'}, {'factValue': '10', 'factLabel': 'Parking'}, {'factValue': '8,178 sqft', 'factLabel': 'lotsize'}, {'factValue': '$319/sqft', 'factLabel': 'Price/sqft'}]}",,North Hollywood,"[{'rating': ['3/10', '8/10', '5/10'], 'data': {'Distance': ['0.37mi', '1.56mi', '0.26mi'], 'Grades': ['6-8', '9-12', 'K-5']}, 'name': ['Roy Romer Middle School', 'North Hollywood Senior High School', 'Victory Boulevard Elementary School']}]","6,040 sqft",91606,8 Beds,CA,1.0,,,SR19252045,"$1,925,000"
Active,,"1 Story, Ranch",110 Munden Dr ,"2,500","{'atAGlanceFacts': [{'factValue': '1963', 'factLabel': 'Year built'}, {'factValue': '', 'factLabel': 'Remodeled year'}, {'factValue': 'Natural Gas Heat', 'factLabel': 'Heating'}, {'factValue': 'Central Heating', 'factLabel': 'Cooling'}, {'factValue': '', 'factLabel': 'Parking'}, {'factValue': '9,716 Sq. Ft.', 'factLabel': 'lotsize'}, {'factValue': '$136 / Sq. Ft.', 'factLabel': 'Price/sqft'}]}",,San Antonio,"[{'rating': ['4', '4', '4'], 'data': {'Distance': ['0.9 mi', '1.0 mi', '0.9 mi'], 'Grades': ['Preschool to 5', '6 to 8', '9 to 12']}, 'name': ['Jackson-Keller Elementary School', 'Nimitz Middle School', 'Lee High School']}]","1,470",78216,Baths,TX,,,,1425285,"199,900"
for sale,,single-family home,2424 Redbridge Ln,4 Baths,"{'atAGlanceFacts': [{'factValue': '2019', 'factLabel': 'Year built'}, {'factValue': '', 'factLabel': 'Remodeled year'}, {'factValue': 'Forced Air', 'factLabel': 'Heating'}, {'factValue': '', 'factLabel': 'Cooling'}, {'factValue': '', 'factLabel': 'Parking'}, {'factValue': '7,800 sqft', 'factLabel': 'lotsize'}, {'factValue': '$146/sqft', 'factLabel': 'Price/sqft'}]}",yes,McKinney,"[{'rating': ['8/10', '9/10', '9/10'], 'data': {'Distance': ['1.0mi', '6.61mi', '4.34mi'], 'Grades': ['PK-5', '9-12', '6-8']}, 'name': ['John A Baker', 'Prosper High School', 'Lorene Rogers Middle School']}]","3,439 sqft",75071,5 Beds,TX,2.0,,,14196474,"$500,777"
For sale,,Townhouse,800 Georgetown Pl,3.0,"{'atAGlanceFacts': [{'factValue': '2002', 'factLabel': 'Year built'}, {'factValue': '2002', 'factLabel': 'Remodeled year'}, {'factValue': 'Forced air', 'factLabel': 'Heating'}, {'factValue': 'Central', 'factLabel': 'Cooling'}, {'factValue': '2 spaces', 'factLabel': 'Parking'}, {'factValue': '1,006 sqft', 'factLabel': 'lotsize'}, {'factValue': '$699', 'factLabel': 'Price/sqft'}]}",,San Jose,"[{'rating': ['4/10', '3/10', '7/10'], 'data': {'Distance': ['1.3 mi', '1.2 mi', '1.2 mi'], 'Grades': ['K-5', '6-8', '9-12']}, 'name': ['Merritt Trace Elementary School', 'Herbert Hoover Middle School', 'Abraham Lincoln High School']}]","1,859",95126,3,CA,3,,,ML81771331,"$1,299,850"
Active,,Other Style,2409 Bering Dr #13 ,,"{'atAGlanceFacts': [{'factValue': '1978', 'factLabel': 'Year built'}, {'factValue': '1978', 'factLabel': 'Remodeled year'}, {'factValue': 'Central Electric', 'factLabel': 'Heating'}, {'factValue': 'Central Electric', 'factLabel': 'Cooling'}, {'factValue': '', 'factLabel': 'Parking'}, {'factValue': '—', 'factLabel': 'lotsize'}, {'factValue': '$129 / Sq. Ft.', 'factLabel': 'Price/sqft'}]}",1,Houston,"[{'rating': ['7', '5', '1'], 'data': {'Distance': ['0.9 mi', '0.8 mi', '1.5 mi'], 'Grades': ['Preschool to 5', '6 to 8', '9 to 12']}, 'name': ['Briargrove Elementary School', 'Grady Middle School', 'Lee High School']}]","1,776",77057,,TX,2,,,48520427,"229,900"
for sale,,coop,22424 Union Tpke #2M,2 Baths,"{'atAGlanceFacts': [{'factValue': '1956', 'factLabel': 'Year built'}, {'factValue': '', 'factLabel': 'Remodeled year'}, {'factValue': 'Radiant', 'factLabel': 'Heating'}, {'factValue': '', 'factLabel': 'Cooling'}, {'factValue': '', 'factLabel': 'Parking'}, {'factValue': '4.3 acres', 'factLabel': 'lotsize'}, {'factValue': '$404/sqft', 'factLabel': 'Price/sqft'}]}",,Bayside,"[{'rating': ['2/10', '9/10', '9/10'], 'data': {'Distance': ['0.42mi', '1.81mi', '0.37mi'], 'Grades': ['9-12', '6-8', 'PK-5']}, 'name': ['Martin Van Buren High School', 'Irwin Altman Middle School 172', 'Ps 188 Kingsbury']}]","1,200 sqft",11364,2 Beds,NY,,,yes,3177681,"$485,000"
Active,,,MLS #: UCOM1861406,,"{'atAGlanceFacts': [{'factValue': '', 'factLabel': 'Year built'}, {'factValue': '', 'factLabel': 'Remodeled year'}, {'factValue': '', 'factLabel': 'Heating'}, {'factValue': '', 'factLabel': 'Cooling'}, {'factValue': '', 'factLabel': 'Parking'}, {'factValue': '—', 'factLabel': 'lotsize'}, {'factValue': None, 'factLabel': 'Price/sqft'}]}",,Brooklyn,"[{'rating': ['3', '9', '6', '2'], 'data': {'Distance': ['0.2 mi', '0.1 mi', '0.2 mi', '0.2 mi'], 'Grades': ['Preschool to 5', 'Preschool to 5', 'K to 12', '6 to 8']}, 'name': ['PS 56 Lewis H Latimer', 'PS 11 Purvis J Behan', 'Achievement First Endeavor Charter School', 'Urban Assembly Unison School (the)']}]",,11238,Bath,NY,,,,UCOM1861406,"935,000"
 / auction,,Single Family,3719 Suffolk St,2,"{'atAGlanceFacts': [{'factValue': '1972', 'factLabel': 'Year built'}, {'factValue': '2012', 'factLabel': 'Remodeled year'}, {'factValue': 'Forced air', 'factLabel': 'Heating'}, {'factValue': 'Central', 'factLabel': 'Cooling'}, {'factValue': 'No Data', 'factLabel': 'Parking'}, {'factValue': '9,583 sqft', 'factLabel': 'lotsize'}, {'factValue': None, 'factLabel': 'Price/sqft'}]}",Yes,Durham,"[{'rating': ['2/10', '5/10', '4/10'], 'data': {'Distance': ['1.1 mi', '2.2 mi', '2.1 mi'], 'Grades': ['K-5', '6-8', '9-12']}, 'name': ['Hope Valley Elementary', 'Sherwood Githens Middle', 'Charles E Jordan Sr High School']}]","2,327",27707,3,NC,0.0,,,,
Active,,Colonial,4402 Highland Ave ,,"{'atAGlanceFacts': [{'factValue': '1930', 'factLabel': 'Year built'}, {'factValue': '1930', 'factLabel': 'Remodeled year'}, {'factValue': '', 'factLabel': 'Heating'}, {'factValue': '', 'factLabel': 'Cooling'}, {'factValue': '', 'factLabel': 'Parking'}, {'factValue': '4,394 Sq. Ft.', 'factLabel': 'lotsize'}, {'factValue': '$416 / Sq. Ft.', 'factLabel': 'Price/sqft'}]}",,Brooklyn,"[{'rating': ['4', '2', '9', '3'], 'data': {'Distance': ['0.5 mi', '0.8 mi', '0.9 mi', '0.9 mi'], 'Grades': ['Preschool to 5', 'Preschool to 5', '6 to 8', 'Preschool to 8']}, 'name': ['PS 188 Michael E Berdy', 'PS 329 Surfside', 'Mark Twain Is 239 For the Gifted And Talented', 'PS 288 the Shirley Tanyhill']}]","2,400",11224,,NY,3,,,432579,"999,000"
for sale,,condo,322 Karen Ave #2201,2 Baths,"{'atAGlanceFacts': [{'factValue': '2006', 'factLabel': 'Year built'}, {'factValue': '2006', 'factLabel': 'Remodeled year'}, {'factValue': 'Forced Air', 'factLabel': 'Heating'}, {'factValue': 'Wall', 'factLabel': 'Cooling'}, {'factValue': 'Detached Garage', 'factLabel': 'Parking'}, {'factValue': '', 'factLabel': 'lotsize'}, {'factValue': '$370/sqft', 'factLabel': 'Price/sqft'}]}",,Las Vegas,"[{'rating': ['None/10', '3/10', '2/10'], 'data': {'Distance': ['0.85mi', '1.08mi', '1.74mi'], 'Grades': ['6-8', 'PK-5', '9-12']}, 'name': ['John C  Fremont Middle School', 'John S Park Elementary School', 'Valley High School']}]","1,405 sqft",89109,2 Beds,NV,9.0,,yes,2134271,"$519,900"
for sale,,single-family home,1848 Plan in Margaritaville Cottages Orlando,5.5 Baths,"{'atAGlanceFacts': [{'factValue': '', 'factLabel': 'Year built'}, {'factValue': '', 'factLabel': 'Remodeled year'}, {'factValue': '', 'factLabel': 'Heating'}, {'factValue': '', 'factLabel': 'Cooling'}, {'factValue': '', 'factLabel': 'Parking'}, {'factValue': '', 'factLabel': 'lotsize'}, {'factValue': '$268/sqft', 'factLabel': 'Price/sqft'}]}",,Kissimmee,"[{'rating': ['6/10', '4/10'], 'data': {'Distance': ['4.1mi', '3.07mi'], 'Grades': ['9-12', 'PK-8']}, 'name': ['Celebration High School', 'Westside K-8 School']}]","1,848 sqft",34747,5 Beds,FL,2.0,,,,"$494,800+"
,,Condo,5600 Collins Ave APT 17E,2.0,"{'atAGlanceFacts': [{'factValue': '1967', 'factLabel': 'Year built'}, {'factValue': '1967', 'factLabel': 'Remodeled year'}, {'factValue': 'Forced air', 'factLabel': 'Heating'}, {'factValue': 'Central', 'factLabel': 'Cooling'}, {'factValue': 'Attached Garage', 'factLabel': 'Parking'}, {'factValue': None, 'factLabel': 'lotsize'}, {'factValue': '$240', 'factLabel': 'Price/sqft'}]}",,Miami Beach,"[{'rating': ['10/10', '4/10', '5/10'], 'data': {'Distance': ['26.5 mi', '1.6 mi', '2.4 mi'], 'Grades': ['PK-8', '6-8', '9-12']}, 'name': ['Air Base Elementary School', 'Nautilus Middle School', 'Miami Beach Senior High School']}]","1,650",33140,2,FL,,,,A10565691,"$396,000"
Active,,Transitional,7425 Newmans Ln ,,"{'atAGlanceFacts': [{'factValue': '1999', 'factLabel': 'Year built'}, {'factValue': '', 'factLabel': 'Remodeled year'}, {'factValue': '', 'factLabel': 'Heating'}, {'factValue': 'Central Air, Gas (Hot Air), Multi-Zone A/C, Multi-Zone Heat, Natural Gas', 'factLabel': 'Cooling'}, {'factValue': '', 'factLabel': 'Parking'}, {'factValue': '2,657 Sq. Ft.', 'factLabel': 'lotsize'}, {'factValue': '$155 / Sq. Ft.', 'factLabel': 'Price/sqft'}]}",,Charlotte,"[{'rating': ['4', '3', '6'], 'data': {'Distance': ['2.2 mi', '2.8 mi', '2.6 mi'], 'Grades': ['Preschool to 5', '6 to 8', '9 to 12']}, 'name': ['Rama Road Elementary', 'McClintock Middle School', 'East Mecklenburg High']}]","2,415",28270,,NC,,,,3569246,"375,000"
for sale,,lot/land,119 Bayshore Dr,2 Baths,"{'atAGlanceFacts': [{'factValue': '1968', 'factLabel': 'Year built'}, {'factValue': '1973', 'factLabel': 'Remodeled year'}, {'factValue': 'Forced Air', 'factLabel': 'Heating'}, {'factValue': 'Central', 'factLabel': 'Cooling'}, {'factValue': 'Attached Garage', 'factLabel': 'Parking'}, {'factValue': '0.27 acres', 'factLabel': 'lotsize'}, {'factValue': '$211/sqft', 'factLabel': 'Price/sqft'}]}",,Cape Coral,"[{'rating': ['3/10', '8/10', '5/10', '4/10', '5/10', '7/10', '5/10', '7/10', '7/10', '4/10', '3/10', '5/10', '7/10', '8/10', '5/10', '5/10', '7/10', '3/10', '4/10', '6/10', '6/10', '5/10', '6/10', '7/10'], 'data': {'Distance': ['7.66mi', '5.25mi', '5.19mi', '12.77mi', '6.92mi', '12.5mi', '4.33mi', '6.83mi', '2.16mi', '10.77mi', '8.84mi', '2.77mi', '3.68mi', '3.86mi', '8.47mi', '4.9mi', '9.68mi', '10.9mi', '8.41mi', '9.68mi', '5.59mi', '8.15mi', '3.88mi', '8.86mi'], 'Grades': ['PK-5', '6-8', 'PK-5', '9-12', '6-8', 'PK-8', '9-12', 'PK-5', 'PK-5', 'PK-5', 'PK-5', 'PK-5', '6-8', 'PK-5', '9-12', 'PK-5', 'PK-5', 'PK-5', 'PK-5', '6-8', 'PK-5', '6-8', '9-12', '9-12']}, 'name': ['Hector A. Cafferata Jr Elementary School', 'Challenger Middle School', 'Patriot Elementary School', 'Island Coast High School', 'Caloosa Middle School', 'North Fort Myers Academy For The Arts', 'Cape Coral High School', 'Caloosa Elementary School', 'Cape Elementary School', 'J. Colin English Elementary School', 'Tropic Isles Elementary School', 'Pelican Elementary School', 'Gulf Middle School', 'Gulf Elementary School', 'Mariner High School', 'Skyline Elementary School', 'Diplomat Elementary School', 'Dr Carrie D Robinson Littleton Elementary School', 'Hancock Creek Elementary School', 'Diplomat Middle School', 'Trafalgar Elementary School', 'Mariner Middle School', 'Ida S. Baker High School', 'North Fort Myers High School']}]","2,493 sqft",33904,3 Beds,FL,1.0,,yes,219070977,"$525,000"
For sale,,Condo,6600 Warner Ave UNIT 234,1.0,"{'atAGlanceFacts': [{'factValue': '1969', 'factLabel': 'Year built'}, {'factValue': None, 'factLabel': 'Remodeled year'}, {'factValue': 'Forced air', 'factLabel': 'Heating'}, {'factValue': 'None', 'factLabel': 'Cooling'}, {'factValue': '1 space', 'factLabel': 'Parking'}, {'factValue': None, 'factLabel': 'lotsize'}, {'factValue': '$438', 'factLabel': 'Price/sqft'}]}",,Huntington Beach,"[{'rating': ['4/10', '9/10', '5/10'], 'data': {'Distance': ['0.3 mi', '0.6 mi', '0.8 mi'], 'Grades': ['K-5', '6-8', '9-12']}, 'name': ['Golden View Elementary School', 'Mesa View Middle School', 'Ocean View High School']}]",754,92647,1,CA,1,,Yes,OC19234898,"$329,900"
New construction,,Single Family,9 Ridge St,Bathrooms: 3,"{'atAGlanceFacts': [{'factValue': '2019', 'factLabel': 'Year built'}, {'factValue': '', 'factLabel': 'Remodeled year'}, {'factValue': 'Forced air', 'factLabel': 'Heating'}, {'factValue': 'Central', 'factLabel': 'Cooling'}, {'factValue': 'Attached Garage', 'factLabel': 'Parking'}, {'factValue': '2,613 sqft lot', 'factLabel': 'lotsize'}, {'factValue': '$188', 'factLabel': 'Price/sqft'}]}",,Worcester,"[{'rating': ['2/10', '4/10'], 'data': {'Distance': ['3.8 mi', '2.7 mi'], 'Grades': ['PK-6', '7-12']}, 'name': ['Chandler Magnet', 'University Pk Campus School']}]","Total interior livable area: 1,700 sqft",1604,3 bd,MA,2.0,72532838,,,"$320,000"
for sale,,condo,Astor D Plan in The Grove,2 Baths,"{'atAGlanceFacts': [{'factValue': '', 'factLabel': 'Year built'}, {'factValue': '', 'factLabel': 'Remodeled year'}, {'factValue': '', 'factLabel': 'Heating'}, {'factValue': '', 'factLabel': 'Cooling'}, {'factValue': '', 'factLabel': 'Parking'}, {'factValue': '', 'factLabel': 'lotsize'}, {'factValue': '$429/sqft', 'factLabel': 'Price/sqft'}]}",,Austin,"[{'rating': ['9/10', '6/10', '7/10'], 'data': {'Distance': ['0.79mi', '2.49mi', '3.1mi'], 'Grades': ['PK-6', '6-8', '9-12']}, 'name': ['Bryker Woods Elementary School', 'O Henry Middle School', 'Austin High School']}]","1,375 sqft",78703,2 Beds,TX,1.0,,,,"$590,000+"
for sale,,single-family home,3901 Wallace Ln,5 Baths,"{'atAGlanceFacts': [{'factValue': '2006', 'factLabel': 'Year built'}, {'factValue': '2006', 'factLabel': 'Remodeled year'}, {'factValue': 'Other', 'factLabel': 'Heating'}, {'factValue': 'Central', 'factLabel': 'Cooling'}, {'factValue': 'Attached Garage', 'factLabel': 'Parking'}, {'factValue': '0.39 acres', 'factLabel': 'lotsize'}, {'factValue': '$240/sqft', 'factLabel': 'Price/sqft'}]}",yes,Nashville,"[{'rating': ['4/10', 'None/10', '5/10'], 'data': {'Distance': ['1.38mi', '0.45mi', '3.59mi'], 'Grades': ['9-12', 'K-4', '5-8']}, 'name': ['Hillsboro High School', 'Julia Green Elementary School', 'John T. Moore Middle School']}]","6,224 sqft",37215,5 Beds,TN,2.0,,,2095758,"$1,495,000"
,,Condo,2120 Kipling St # 402,1,"{'atAGlanceFacts': [{'factValue': '2006', 'factLabel': 'Year built'}, {'factValue': '2006', 'factLabel': 'Remodeled year'}, {'factValue': 'Other', 'factLabel': 'Heating'}, {'factValue': 'Central', 'factLabel': 'Cooling'}, {'factValue': '1 space', 'factLabel': 'Parking'}, {'factValue': None, 'factLabel': 'lotsize'}, {'factValue': '$257', 'factLabel': 'Price/sqft'}]}",,Houston,"[{'rating': ['7/10', '10/10', '6/10'], 'data': {'Distance': ['0.8 mi', '0.4 mi', '0.9 mi'], 'Grades': ['PK-5', '6-8', '9-12']}, 'name': ['Poe Elementary School', 'Lanier Middle School', 'Lamar High School']}]","1,064",77098,1,TX,,,," 402, Houston, TX 77098","$273,000"
Active,,,5568 Clemons Rd ,,"{'atAGlanceFacts': [{'factValue': '1960', 'factLabel': 'Year built'}, {'factValue': '1970', 'factLabel': 'Remodeled year'}, {'factValue': 'Baseboard/Wall, Electric, Two or More Units', 'factLabel': 'Heating'}, {'factValue': '2 or More Units, Window Unit', 'factLabel': 'Cooling'}, {'factValue': '', 'factLabel': 'Parking'}, {'factValue': '1 Acre', 'factLabel': 'lotsize'}, {'factValue': '$76 / Sq. Ft.', 'factLabel': 'Price/sqft'}]}",1,Chattanooga,"[{'rating': ['3', '4', '2'], 'data': {'Distance': ['0.8 mi', '0.9 mi', '1.0 mi'], 'Grades': ['Preschool to 5', '6 to 8', '9 to 12']}, 'name': ['Spring Creek Elementary School', 'East Ridge Middle School', 'East Ridge High School']}]","1,350",37412,,TN,"1 Level, Site Built",,,1307393,"102,000"
for sale,,single-family home,4204 S 4580 W,2 Baths,"{'atAGlanceFacts': [{'factValue': '1975', 'factLabel': 'Year built'}, {'factValue': '1995', 'factLabel': 'Remodeled year'}, {'factValue': 'Other', 'factLabel': 'Heating'}, {'factValue': '', 'factLabel': 'Cooling'}, {'factValue': 'Detached Garage', 'factLabel': 'Parking'}, {'factValue': '8,276 sqft', 'factLabel': 'lotsize'}, {'factValue': '$168/sqft', 'factLabel': 'Price/sqft'}]}",yes,West Valley City,"[{'rating': ['2/10', '2/10', '2/10'], 'data': {'Distance': ['0.63mi', '0.53mi', '1.33mi'], 'Grades': ['PK-6', '7-9', '9-12']}, 'name': ['Academy Park School', 'John F. Kennedy Jr High School', 'Hunter High School']}]","2,100 sqft",84120,4 Beds,UT,1.0,,,1644505,"$352,000"
New construction,,Single Family,6406 Horse Shoe Bnd,2.0,"{'atAGlanceFacts': [{'factValue': '2019', 'factLabel': 'Year built'}, {'factValue': None, 'factLabel': 'Remodeled year'}, {'factValue': 'No Data', 'factLabel': 'Heating'}, {'factValue': 'No Data', 'factLabel': 'Cooling'}, {'factValue': 'No Data', 'factLabel': 'Parking'}, {'factValue': 'No Data', 'factLabel': 'lotsize'}, {'factValue': '$73', 'factLabel': 'Price/sqft'}]}",,Orlando,"[{'rating': ['3/10', '2/10', '4/10'], 'data': {'Distance': ['0.7 mi', '2.1 mi', '4 mi'], 'Grades': ['PK-5', '6-8', '9-12']}, 'name': ['Ventura Elementary School', 'Liberty Middle School', 'Colonial High School']}]","1,372",32822,3,FL,,,,,"$99,900"
for sale,,single-family home,20910 41st Ave #3C,,"{'atAGlanceFacts': [{'factValue': '1963', 'factLabel': 'Year built'}, {'factValue': '', 'factLabel': 'Remodeled year'}, {'factValue': 'Radiant', 'factLabel': 'Heating'}, {'factValue': '', 'factLabel': 'Cooling'}, {'factValue': '', 'factLabel': 'Parking'}, {'factValue': '0.92 acres', 'factLabel': 'lotsize'}, {'factValue': None, 'factLabel': 'Price/sqft'}]}",,Bayside,"[{'rating': ['9/10', '5/10', '10/10'], 'data': {'Distance': ['0.51mi', '0.63mi', '0.58mi'], 'Grades': ['6-8', '9-12', 'K-5']}, 'name': ['Ms 158 Marie Curie', 'Bayside High School', 'Ps 41 Crocheron']}]","109,200 sqft",11361,,NY,,,,3184158,"$270,000"
for sale,,single-family home,8079 Cardinal Cv E,2 Baths,"{'atAGlanceFacts': [{'factValue': '1988', 'factLabel': 'Year built'}, {'factValue': '1988', 'factLabel': 'Remodeled year'}, {'factValue': 'Forced Air', 'factLabel': 'Heating'}, {'factValue': 'Central', 'factLabel': 'Cooling'}, {'factValue': 'Attached Garage', 'factLabel': 'Parking'}, {'factValue': '0.28 acres', 'factLabel': 'lotsize'}, {'factValue': '$107/sqft', 'factLabel': 'Price/sqft'}]}",,Indianapolis,"[{'rating': ['5/10', '3/10', '3/10'], 'data': {'Distance': ['0.48mi', '1.2mi', '2.84mi'], 'Grades': ['9-12', '1-6', '7-8']}, 'name': ['Lawrence North High School', 'Crestview Elementary School', 'Fall Creek Valley Middle School']}]","1,444 sqft",46256,3 Beds,IN,1.0,,,21684082,"$155,000"
for sale,,condo,2660 Connecticut Ave NW #3,4 Baths,"{'atAGlanceFacts': [{'factValue': '1928', 'factLabel': 'Year built'}, {'factValue': '', 'factLabel': 'Remodeled year'}, {'factValue': 'Forced Air', 'factLabel': 'Heating'}, {'factValue': 'Central', 'factLabel': 'Cooling'}, {'factValue': 'Attached Garage', 'factLabel': 'Parking'}, {'factValue': '', 'factLabel': 'lotsize'}, {'factValue': '$1,786/sqft', 'factLabel': 'Price/sqft'}]}",yes,Washington,"[{'rating': ['9/10', '10/10'], 'data': {'Distance': ['2.14mi', '0.23mi'], 'Grades': ['9-12', 'PK-8']}, 'name': ['Wilson High School', 'Oyster-Adams Bilingual School']}]","4,532 sqft",20008,3 Beds,DC,1.0,,,DCDC403384,"$8,095,000"
for sale,,multi-family,2007 Clyde Ave,6 Baths,"{'atAGlanceFacts': [{'factValue': '1955', 'factLabel': 'Year built'}, {'factValue': '', 'factLabel': 'Remodeled year'}, {'factValue': 'Wall', 'factLabel': 'Heating'}, {'factValue': '', 'factLabel': 'Cooling'}, {'factValue': '7', 'factLabel': 'Parking'}, {'factValue': '9,885 sqft', 'factLabel': 'lotsize'}, {'factValue': '$389/sqft', 'factLabel': 'Price/sqft'}]}",,Los Angeles,"[{'rating': ['6/10', '3/10'], 'data': {'Distance': ['1.49mi', '4.12mi'], 'Grades': ['9-12', '6-8']}, 'name': ['Alexander Hamilton Senior High School', 'Daniel Webster Middle School']}]","4,368 sqft",90016,12 Beds,CA,2.0,,,19-532594,"$1,700,000"
for sale,,single-family home,342 Anchovie Ct,2 Baths,"{'atAGlanceFacts': [{'factValue': '', 'factLabel': 'Year built'}, {'factValue': '', 'factLabel': 'Remodeled year'}, {'factValue': 'Forced Air', 'factLabel': 'Heating'}, {'factValue': 'Central', 'factLabel': 'Cooling'}, {'factValue': 'Attached Garage', 'factLabel': 'Parking'}, {'factValue': '7,823 sqft', 'factLabel': 'lotsize'}, {'factValue': '$144/sqft', 'factLabel': 'Price/sqft'}]}",,Poinciana,"[{'rating': ['2/10', '1/10', '3/10'], 'data': {'Distance': ['1.21mi', '1.16mi', '6.28mi'], 'Grades': ['PK-4', '5-8', 'PK-12']}, 'name': ['Laurel Elementary School', 'Lake Marion Creek Elementary School', 'Haines City Senior High School']}]","1,354 sqft",34759,3 Beds,FL,,,,O5832703,"$195,000"
for sale,,single-family home,19697 Carrie St,2 Baths,"{'atAGlanceFacts': [{'factValue': '1950', 'factLabel': 'Year built'}, {'factValue': '', 'factLabel': 'Remodeled year'}, {'factValue': 'Forced Air', 'factLabel': 'Heating'}, {'factValue': '', 'factLabel': 'Cooling'}, {'factValue': 'Detached Garage, Attached Garage', 'factLabel': 'Parking'}, {'factValue': '3,920 sqft', 'factLabel': 'lotsize'}, {'factValue': '$48/sqft', 'factLabel': 'Price/sqft'}]}",,Detroit,"[{'rating': ['4/10', '4/10', '4/10', '4/10', '3/10', '2/10', '2/10', '6/10', '2/10', '1/10', '2/10', '3/10', '1/10', '3/10', '2/10'], 'data': {'Distance': ['9.39mi', '8.3mi', '6.5mi', '7.16mi', '6.26mi', '8.95mi', '12.14mi', '6.7mi', '1.48mi', '1.48mi', '1.48mi', '4.7mi', '1.18mi', '3.48mi', '6.82mi'], 'Grades': ['9-12', 'K-8', '9-12', '9-12', 'K-8', '5-8', '5-8', 'K-8', '9-12', '9-12', '9-12', 'K-12', 'K-8', 'K-8', '6-12']}, 'name': ['Communication And Media Arts High School', 'Foreign Language Immersion And Cultural Studies', 'Detroit School of Arts', 'Cass Technical High School', 'Spain Elementary-Middle School', 'Clippert Academy', 'Ludington Magnet Middle School', 'Bates Academy', 'Osborn College Preparatory Academy', 'Osborn Evergreen Academy Of Design And Alternative', 'Osborn Academy Of Mathematics', 'Detroit International Academy For Young Women', 'Mason Elementary School', ""Edward 'Duke' Ellington @ Beckham"", 'Douglass Academy For Young Men']}]","1,008 sqft",48234,4 Beds,MI,1.0,,,219079248,"$48,000"
Active,,Single Family Home,212 College Ct,1.5,"{'atAGlanceFacts': [{'factValue': '1967', 'factLabel': 'Year built'}, {'factValue': '', 'factLabel': 'Remodeled year'}, {'factValue': 'Central Electric', 'factLabel': 'Heating'}, {'factValue': 'Central Electric', 'factLabel': 'Cooling'}, {'factValue': '', 'factLabel': 'Parking'}, {'factValue': '7405', 'factLabel': 'lotsize'}, {'factValue': '$27', 'factLabel': 'Price/sqft'}]}",,Adel,"[{'rating': ['3', '5', '4', 'NR', 'NR'], 'data': {'Distance': ['1.2 mi', '1.3 mi', '2.8 mi', '2.4 mi', '0.8 mi'], 'Grades': ['3–5', '6–8', '9–12', 'PK–2', 'PK–8']}, 'name': ['Cook Elementary School', 'Cook County Middle School', 'Cook High School', 'Cook Primary School', 'Community Christian Academy Private School']}]",1075,31620,3.0,GA,1,,,119916,"$28,500"
Active,,Land,Ewing Dr,,"{'atAGlanceFacts': [{'factValue': '', 'factLabel': 'Year built'}, {'factValue': '', 'factLabel': 'Remodeled year'}, {'factValue': '', 'factLabel': 'Heating'}, {'factValue': '', 'factLabel': 'Cooling'}, {'factValue': '', 'factLabel': 'Parking'}, {'factValue': '110642', 'factLabel': 'lotsize'}, {'factValue': None, 'factLabel': 'Price/sqft'}]}",,Nashville,"[{'rating': ['NR', '2', '1', '1', '1', 'NR', 'NR', 'NR'], 'data': {'Distance': ['1.6 mi', '2.1 mi', '3.0 mi', '2.0 mi', '3.1 mi', '1.2 mi', '1.6 mi', '1.7 mi'], 'Grades': ['5–5', '5–8', '9–12', 'PK–4', '5–8', '9–12', 'PK–6', 'K–8']}, 'name': ['Brick Church Middle School', 'Haynes Health/ Medical Science Design Center School', 'Whites Creek Comp High School', 'Alex Green Elementary School', 'Jere Baxter Middle School', 'Johnson Alternative Learning Center School', 'Clara Mohammed Private School', 'Clara Muhammad Private School']}]",0,37207,,TN,,,,2090697,"$600,000"
Active,,High Rise,601 NE 27th St #1401 ,,"{'atAGlanceFacts': [{'factValue': '2016', 'factLabel': 'Year built'}, {'factValue': '2016', 'factLabel': 'Remodeled year'}, {'factValue': 'Central Air', 'factLabel': 'Heating'}, {'factValue': 'Has Cooling', 'factLabel': 'Cooling'}, {'factValue': '', 'factLabel': 'Parking'}, {'factValue': '—', 'factLabel': 'lotsize'}, {'factValue': '$426 / Sq. Ft.', 'factLabel': 'Price/sqft'}]}",,Miami,"[{'rating': ['4', '10', 'NR', '2', '2'], 'data': {'Distance': ['1.0 mi', '23.9 mi', '18.9 mi', '1.1 mi', '1.6 mi'], 'Grades': ['Preschool to 5', 'Preschool to 8', 'K to 9', '6 to 8', '9 to 12']}, 'name': ['Eneida M. Hartner Elementary School', 'Air Base Elementary School', 'Robert Morgan Voc-Tech Institute', 'Jose de Diego Middle School', 'Booker T. Washington Senior High School']}]","1,170",33137,,FL,,,,A10760678,"499,000"
for sale,,single-family home,11913 235th St,2 Baths,"{'atAGlanceFacts': [{'factValue': '1950', 'factLabel': 'Year built'}, {'factValue': '1950', 'factLabel': 'Remodeled year'}, {'factValue': 'Other', 'factLabel': 'Heating'}, {'factValue': '', 'factLabel': 'Cooling'}, {'factValue': 'On Street, Detached Garage, Carport', 'factLabel': 'Parking'}, {'factValue': '4,900 sqft', 'factLabel': 'lotsize'}, {'factValue': '$621/sqft', 'factLabel': 'Price/sqft'}]}",,Jamaica,"[{'rating': ['5/10', '5/10', '7/10', '7/10'], 'data': {'Distance': ['1.35mi', '1.35mi', '0.18mi', '0.18mi'], 'Grades': ['6-8', '6-8', 'PK-5', 'PK-5']}, 'name': ['Is 59 Springfield Gardens', 'Is 59 Springfield Gardens', 'Ps 176 Cambria Heights', 'Ps 176 Cambria Heights']}]","1,062 sqft",11411,4 Beds,NY,2,,,3182491,"$659,000"
For sale,,Single Family,6321 Arthur St,2 ba,"{'atAGlanceFacts': [{'factValue': '1959', 'factLabel': 'Year built'}, {'factValue': '', 'factLabel': 'Remodeled year'}, {'factValue': 'Electric', 'factLabel': 'Heating'}, {'factValue': 'Central', 'factLabel': 'Cooling'}, {'factValue': '', 'factLabel': 'Parking'}, {'factValue': '6,987 sqft', 'factLabel': 'lotsize'}, {'factValue': '$312', 'factLabel': 'Price/sqft'}]}",,Hollywood,"[{'rating': ['3/10', '5/10', '4/10'], 'data': {'Distance': ['0.6 mi', '0.6 mi', '0.7 mi'], 'Grades': ['PK-5', '6-8', '9-12']}, 'name': ['West Hollywood Elementary School', 'Apollo Middle School', 'Mcarthur High School']}]",914 sqft,33024,3 bd,FL,,A10768116,,,"$285,000"
For sale,,Single Family,1771 SE 9th St,4,"{'atAGlanceFacts': [{'factValue': '1999', 'factLabel': 'Year built'}, {'factValue': '2000', 'factLabel': 'Remodeled year'}, {'factValue': 'Forced air', 'factLabel': 'Heating'}, {'factValue': 'Central', 'factLabel': 'Cooling'}, {'factValue': '1 space', 'factLabel': 'Parking'}, {'factValue': '3,659 sqft', 'factLabel': 'lotsize'}, {'factValue': '$629', 'factLabel': 'Price/sqft'}]}",,Fort Lauderdale,"[{'rating': ['7/10', '5/10', '7/10'], 'data': {'Distance': ['0.9 mi', '2 mi', '2.5 mi'], 'Grades': ['PK-5', '6-8', '9-12']}, 'name': ['Harbordale Elementary School', 'Sunrise Middle School', 'Fort Lauderdale High School']}]","3,418",33316,3,FL,2.0,,,F10199506,"$2,150,000"
for sale,,single-family home,14336 Tobe Davis Dr,2 Baths,"{'atAGlanceFacts': [{'factValue': '2016', 'factLabel': 'Year built'}, {'factValue': '', 'factLabel': 'Remodeled year'}, {'factValue': '', 'factLabel': 'Heating'}, {'factValue': '', 'factLabel': 'Cooling'}, {'factValue': '2', 'factLabel': 'Parking'}, {'factValue': '5227 sqft', 'factLabel': 'lotsize'}, {'factValue': '$114/sqft', 'factLabel': 'Price/sqft'}]}",,El Paso,"[{'rating': ['4/10', '6/10', '3/10'], 'data': {'Distance': ['0.65mi', '0.65mi', '0.65mi'], 'Grades': ['6-8', 'PK-5', '9-12']}, 'name': ['Horizon Middle School', 'Desert Hills Elementary School', 'Horizon High School']}]","1,488 sqft",79928,4 Beds,TX,1.0,,,734931,"$169,950"
for sale,,single-family home,5106 Alabama Ave,3 Baths,"{'atAGlanceFacts': [{'factValue': '1950', 'factLabel': 'Year built'}, {'factValue': '', 'factLabel': 'Remodeled year'}, {'factValue': 'Forced Air', 'factLabel': 'Heating'}, {'factValue': 'Central', 'factLabel': 'Cooling'}, {'factValue': 'Attached Garage', 'factLabel': 'Parking'}, {'factValue': '6534 sqft', 'factLabel': 'lotsize'}, {'factValue': '$165/sqft', 'factLabel': 'Price/sqft'}]}",yes,Chattanooga,"[{'rating': ['4/10', '3/10'], 'data': {'Distance': ['3.4mi', '1.5mi'], 'Grades': ['6-12', 'PK-5']}, 'name': ['Lookout Valley Middle / High School', 'Calvin Donaldson Environmental Science Academy']}]","1,806 sqft",37409,3 Beds,TN,,,,1303458,"$298,700"
,,Single Family,2422 Dunmore Hl,3.0,"{'atAGlanceFacts': [{'factValue': '2012', 'factLabel': 'Year built'}, {'factValue': None, 'factLabel': 'Remodeled year'}, {'factValue': 'Forced air', 'factLabel': 'Heating'}, {'factValue': 'Central', 'factLabel': 'Cooling'}, {'factValue': '2 spaces', 'factLabel': 'Parking'}, {'factValue': '7,405 sqft', 'factLabel': 'lotsize'}, {'factValue': '$180', 'factLabel': 'Price/sqft'}]}",Not Applicable,San Antonio,"[{'rating': ['6/10', '5/10', '7/10'], 'data': {'Distance': ['1.1 mi', '2.2 mi', '1.4 mi'], 'Grades': ['PK-5', '6-8', '9-12']}, 'name': ['Oak Meadow Elementary School', 'Jackson Middle School', 'Churchill High School']}]","2,358",78230,3,TX,1.0,,,1412672,"$424,900"
for sale,,single-family home,10005 N Hyacinth Ave,2 Baths,"{'atAGlanceFacts': [{'factValue': '1924', 'factLabel': 'Year built'}, {'factValue': '1989', 'factLabel': 'Remodeled year'}, {'factValue': 'Forced Air', 'factLabel': 'Heating'}, {'factValue': 'Central', 'factLabel': 'Cooling'}, {'factValue': 'Attached Garage', 'factLabel': 'Parking'}, {'factValue': '6,000 sqft', 'factLabel': 'lotsize'}, {'factValue': '$144/sqft', 'factLabel': 'Price/sqft'}]}",yes,Tampa,"[{'rating': ['2/10', '1/10', '4/10'], 'data': {'Distance': ['1.31mi', '0.9mi', '9.81mi'], 'Grades': ['6-8', '6-8', '9-12']}, 'name': ['Adams Middle School', 'Van Buren Middle School', 'Wharton High School']}]","1,456 sqft",33612,2 Beds,FL,2,,,T3216270,"$209,000"
for sale,,mobile/manufactured,4810 Kreuger St,2 Baths,"{'atAGlanceFacts': [{'factValue': '2002', 'factLabel': 'Year built'}, {'factValue': '', 'factLabel': 'Remodeled year'}, {'factValue': '', 'factLabel': 'Heating'}, {'factValue': '', 'factLabel': 'Cooling'}, {'factValue': '', 'factLabel': 'Parking'}, {'factValue': '0.53 acres', 'factLabel': 'lotsize'}, {'factValue': '$82/sqft', 'factLabel': 'Price/sqft'}]}",,El Paso,"[{'rating': ['3/10', '5/10', '4/10'], 'data': {'Distance': ['11.11mi', '11.11mi', '11.11mi'], 'Grades': ['9-12', 'PK-5', '6-8']}, 'name': ['Mountain View High School', 'Red Sands Elementary School', 'East Montana Middle School']}]","1,344 sqft",79938,3 Beds,TX,1.0,,,815538,"$110,000"
for sale,,single-family home,150 Oak Dr SW,2 Baths,"{'atAGlanceFacts': [{'factValue': '1956', 'factLabel': 'Year built'}, {'factValue': '', 'factLabel': 'Remodeled year'}, {'factValue': 'Forced Air', 'factLabel': 'Heating'}, {'factValue': 'Central', 'factLabel': 'Cooling'}, {'factValue': 'Carport', 'factLabel': 'Parking'}, {'factValue': '8,398 sqft', 'factLabel': 'lotsize'}, {'factValue': '$175/sqft', 'factLabel': 'Price/sqft'}]}",,Atlanta,"[{'rating': ['3/10', '3/10'], 'data': {'Distance': ['0.34mi', '0.95mi'], 'Grades': ['6-8', 'PK-5']}, 'name': ['Long Middle School', 'Heritage Academy Elementary']}]","1,000 sqft",30354,3 Beds,GA,1.0,,,8709153,"$175,000"
Active,,"Tri-Level, Northwestern Contemporary",2587 Magnolia Blvd W ,~,"{'atAGlanceFacts': [{'factValue': '1967', 'factLabel': 'Year built'}, {'factValue': '', 'factLabel': 'Remodeled year'}, {'factValue': 'Lower level-Gas', 'factLabel': 'Heating'}, {'factValue': 'Forced Air Heating, Heat Pump, HEPA Air Filtration', 'factLabel': 'Cooling'}, {'factValue': '', 'factLabel': 'Parking'}, {'factValue': '0.34 Acres', 'factLabel': 'lotsize'}, {'factValue': '$813 / Sq. Ft.', 'factLabel': 'Price/sqft'}]}",2,Seattle,"[{'rating': ['8', '8', '6', '8', '9', '6'], 'data': {'Distance': ['0.7 mi', '2.6 mi', '2.6 mi', '2.8 mi', '3.0 mi', '3.3 mi'], 'Grades': ['K to 8', 'K to 12', '6 to 8', 'K to 8', '9 to 12', '9 to 12']}, 'name': ['Catharine Blaine K-8', 'Home School Resource Center', 'McClure Middle School', 'Salmon Bay School', 'Ballard High School', 'The Center School']}]","3,190",98199,Baths,WA,,,,1497930,"2,595,000"
Active,,,2800 58th Way N ,,"{'atAGlanceFacts': [{'factValue': '1966', 'factLabel': 'Year built'}, {'factValue': '1998', 'factLabel': 'Remodeled year'}, {'factValue': 'Central', 'factLabel': 'Heating'}, {'factValue': 'Central Air', 'factLabel': 'Cooling'}, {'factValue': '', 'factLabel': 'Parking'}, {'factValue': '8,786 Sq. Ft.', 'factLabel': 'lotsize'}, {'factValue': '$198 / Sq. Ft.', 'factLabel': 'Price/sqft'}]}",,ST PETERSBURG,"[{'rating': ['3', '3', '3'], 'data': {'Distance': ['0.4 mi', '0.8 mi', '2.6 mi'], 'Grades': ['K to 5', '6 to 8', '9 to 12']}, 'name': ['Westgate Elementary School', 'Tyrone Middle School', 'Boca Ciega High School']}]","1,517",33710,,FL,One,,,U8060393,"299,999"
for sale,,single-family home,240 N Julia Cir,2 Baths,"{'atAGlanceFacts': [{'factValue': '1970', 'factLabel': 'Year built'}, {'factValue': '1982', 'factLabel': 'Remodeled year'}, {'factValue': 'Forced Air', 'factLabel': 'Heating'}, {'factValue': 'Central', 'factLabel': 'Cooling'}, {'factValue': 'Attached Garage', 'factLabel': 'Parking'}, {'factValue': '8,677 sqft', 'factLabel': 'lotsize'}, {'factValue': '$415/sqft', 'factLabel': 'Price/sqft'}]}",,Saint Pete Beach,"[{'rating': ['4/10', '2/10', '4/10'], 'data': {'Distance': ['5.76mi', '6.21mi', '4.06mi'], 'Grades': ['PK-5', '6-8', '9-12']}, 'name': ['Azalea Elementary School', 'Azalea Middle School', 'Boca Ciega High School']}]","1,867 sqft",33706,4 Beds,FL,1,,,O5832596,"$774,900"
Under Contract,,Single Family Home,1774 Early Amber,3,"{'atAGlanceFacts': [{'factValue': '2005', 'factLabel': 'Year built'}, {'factValue': '', 'factLabel': 'Remodeled year'}, {'factValue': 'Central Electric', 'factLabel': 'Heating'}, {'factValue': '', 'factLabel': 'Cooling'}, {'factValue': '', 'factLabel': 'Parking'}, {'factValue': '43560', 'factLabel': 'lotsize'}, {'factValue': '$163', 'factLabel': 'Price/sqft'}]}",Fireplace YN,College Station,"[{'rating': ['7', '5', '6', '7', '6', '7'], 'data': {'Distance': ['4.1 mi', '10.0 mi', '8.7 mi', '5.0 mi', '10.1 mi', '6.2 mi'], 'Grades': ['PK–4', '7–8', '9–12', 'PK–4', '5–6', '9–12']}, 'name': ['Pebble Creek Elementary School', 'A & M Consolidated Middle School', 'A & M Cons High School', 'Forest Ridge School', 'Oakwood Intermediate School', 'College Station High School']}]",2726,77845,4,TX,One Story,,,19018704,"$445,000"
Active,,Single Family Home,1912 SE Twin Bridge Cir,2,"{'atAGlanceFacts': [{'factValue': '1992', 'factLabel': 'Year built'}, {'factValue': '', 'factLabel': 'Remodeled year'}, {'factValue': 'Central Electric', 'factLabel': 'Heating'}, {'factValue': 'Ceiling Fan, Central Electric', 'factLabel': 'Cooling'}, {'factValue': '', 'factLabel': 'Parking'}, {'factValue': None, 'factLabel': 'lotsize'}, {'factValue': '$131', 'factLabel': 'Price/sqft'}]}",,Ocala,"[{'rating': ['3', '7', '6', '3', 'NR', 'NR', 'NR', 'NR'], 'data': {'Distance': ['0.8 mi', '1.6 mi', '3.2 mi', '1.0 mi', '1.0 mi', '1.0 mi', '0.6 mi', '0.8 mi'], 'Grades': ['PK–5', '6–8', '9–12', 'K–5', 'PK–12', 'K–12', '2–7', 'PK–8']}, 'name': ['South Ocala Elementary School', 'Osceola Middle School', 'Forest High School', 'Marion Elearning School', 'Student Services/Ese School', 'Marion Virtual Franchise School', 'The Reading Clinic Private School', 'The Cornerstone Private School']}]",2021,34471,3,FL,1,,,565853,"$265,500"
For sale,,Single Family,430 Aviator Cir,3.0,"{'atAGlanceFacts': [{'factValue': '2001', 'factLabel': 'Year built'}, {'factValue': None, 'factLabel': 'Remodeled year'}, {'factValue': 'Forced air', 'factLabel': 'Heating'}, {'factValue': 'Central', 'factLabel': 'Cooling'}, {'factValue': '2 spaces', 'factLabel': 'Parking'}, {'factValue': '4,970 sqft', 'factLabel': 'lotsize'}, {'factValue': '$190', 'factLabel': 'Price/sqft'}]}",,Sacramento,"[{'rating': ['4/10', '3/10', 'NA'], 'data': {'Distance': ['0.3 mi', '1.8 mi', '1.6 mi'], 'Grades': ['K-5', '6-8', '9-12']}, 'name': ['Natomas Park Elementary School', 'Natomas Middle School', 'Discovery High School']}]","2,632",95835,4,CA,2,,,19072801,"$499,990"
for sale,,single-family home,2730 Wyngate Dr NW,6 Baths,"{'atAGlanceFacts': [{'factValue': '1965', 'factLabel': 'Year built'}, {'factValue': '1980', 'factLabel': 'Remodeled year'}, {'factValue': 'Forced Air', 'factLabel': 'Heating'}, {'factValue': 'Central', 'factLabel': 'Cooling'}, {'factValue': '', 'factLabel': 'Parking'}, {'factValue': '1.06 acres', 'factLabel': 'lotsize'}, {'factValue': '$303/sqft', 'factLabel': 'Price/sqft'}]}",yes,Atlanta,"[{'rating': ['8/10', '6/10', '6/10'], 'data': {'Distance': ['0.93mi', '3.68mi', '0.45mi'], 'Grades': ['K-5', '10-12', '6-8']}, 'name': ['Brandon Elementary School', 'North Atlanta High School', 'Sutton Middle School']}]","4,276 sqft",30305,4 Beds,GA,3.0,,,6619305,"$1,295,000"
,,Single Family,4311 E Osborne Ave,1.0,"{'atAGlanceFacts': [{'factValue': '1960', 'factLabel': 'Year built'}, {'factValue': '2000', 'factLabel': 'Remodeled year'}, {'factValue': 'Other', 'factLabel': 'Heating'}, {'factValue': 'Central', 'factLabel': 'Cooling'}, {'factValue': 'No Data', 'factLabel': 'Parking'}, {'factValue': '5,000 sqft', 'factLabel': 'lotsize'}, {'factValue': None, 'factLabel': 'Price/sqft'}]}",,Tampa,"[{'rating': ['1/10', '2/10', '3/10'], 'data': {'Distance': ['0.2 mi', '5.6 mi', '7.1 mi'], 'Grades': ['PK-5', '6-8', '9-12']}, 'name': ['James Elementary School', 'Jennings Middle School', 'Armwood High School']}]",768 sqft,33610,3,FL,1,,,,"$86,960"
Active,,Condo/Townhome/Row Home/Co-Op,17639 Wildwood Ln,2.5,"{'atAGlanceFacts': [{'factValue': '2001', 'factLabel': 'Year built'}, {'factValue': '', 'factLabel': 'Remodeled year'}, {'factValue': 'Forced Air', 'factLabel': 'Heating'}, {'factValue': 'Central Air', 'factLabel': 'Cooling'}, {'factValue': '', 'factLabel': 'Parking'}, {'factValue': None, 'factLabel': 'lotsize'}, {'factValue': '$70', 'factLabel': 'Price/sqft'}]}",1,Cleveland,"[{'rating': ['5', '2', '2', '6', '2', '2', 'NR', 'NR'], 'data': {'Distance': ['9.2 mi', '0.4 mi', '1.4 mi', '12.4 mi', '1.0 mi', '2.2 mi', '0.2 mi', '0.9 mi'], 'Grades': ['3–12', 'PK–9', '9–12', 'K–5', 'PK–9', '5–12', 'K–8', '9–12']}, 'name': ['Whitney Young School', 'Oliver H Perry Elementary School', 'Ginn Academy School', 'Louisa May Alcott Elementary School', 'Hannah Gibbons-Nottingham Elementary School', 'Collinwood High School', 'St John Lutheran Private School', 'Villa Angela-St Joseph Private School']}]",1996,44119,2.0,OH,3.00,,,4099897,"$140,000"
Active,,,Lot 8 Gay-dreisbach Rd ,,"{'atAGlanceFacts': [{'factValue': '', 'factLabel': 'Year built'}, {'factValue': '', 'factLabel': 'Remodeled year'}, {'factValue': '', 'factLabel': 'Heating'}, {'factValue': '', 'factLabel': 'Cooling'}, {'factValue': '', 'factLabel': 'Parking'}, {'factValue': '—', 'factLabel': 'lotsize'}, {'factValue': None, 'factLabel': 'Price/sqft'}]}",,Circleville,"[{'rating': ['6', '7', '5', '6'], 'data': {'Distance': ['1.3 mi', '4.0 mi', '4.9 mi', '4.2 mi'], 'Grades': ['K to 4', '6 to 8', '6 to 8', '9 to 12']}, 'name': ['Pickaway Elementary School', 'George McDowell-Exchange Junior High School', 'Everts Middle School', 'Logan Elm High School']}]",,43113,,OH,,,,218021981,"52,900"
For sale,,Single Family,4704 Willington Dr,Bathrooms: 4,"{'atAGlanceFacts': [{'factValue': '2002', 'factLabel': 'Year built'}, {'factValue': '', 'factLabel': 'Remodeled year'}, {'factValue': 'Forced air', 'factLabel': 'Heating'}, {'factValue': 'Central', 'factLabel': 'Cooling'}, {'factValue': '2 spaces', 'factLabel': 'Parking'}, {'factValue': '6,969 sqft lot', 'factLabel': 'lotsize'}, {'factValue': '$121', 'factLabel': 'Price/sqft'}]}",Yes,Grand Prairie,"[{'rating': ['6/10', '6/10', '5/10'], 'data': {'Distance': ['0.3 mi', '1.2 mi', '1.2 mi'], 'Grades': ['PK-6', '7-8', '9-12']}, 'name': ['West Elementary School', 'Barnett J High School', 'Bowie High School']}]","Total interior livable area: 2,533 sqft",75052,5 bd,TX,2.0,14218438,,,"$307,000"
for sale,,condo,1433 S Belcher Rd #F13,2 Baths,"{'atAGlanceFacts': [{'factValue': '1968', 'factLabel': 'Year built'}, {'factValue': '1978', 'factLabel': 'Remodeled year'}, {'factValue': 'Forced Air', 'factLabel': 'Heating'}, {'factValue': 'Central', 'factLabel': 'Cooling'}, {'factValue': 'None', 'factLabel': 'Parking'}, {'factValue': '', 'factLabel': 'lotsize'}, {'factValue': '$114/sqft', 'factLabel': 'Price/sqft'}]}",,Clearwater,"[{'rating': ['4/10', '4/10', '3/10'], 'data': {'Distance': ['1.06mi', '1.21mi', '0.25mi'], 'Grades': ['PK-5', '9-12', '6-8']}, 'name': ['Belcher Elementary School', 'Clearwater High School', 'Oak Grove Middle School']}]",880 sqft,33764,2 Beds,FL,2.0,,yes,T3173095,"$100,000"
Active,,"Detached, One Story",1391 Camellia Cir ,,"{'atAGlanceFacts': [{'factValue': '1995', 'factLabel': 'Year built'}, {'factValue': '1995', 'factLabel': 'Remodeled year'}, {'factValue': 'Central Air', 'factLabel': 'Heating'}, {'factValue': 'Has Cooling', 'factLabel': 'Cooling'}, {'factValue': '', 'factLabel': 'Parking'}, {'factValue': '7,841 Sq. Ft.', 'factLabel': 'lotsize'}, {'factValue': '$251 / Sq. Ft.', 'factLabel': 'Price/sqft'}]}",,Weston,"[{'rating': ['9', '9', '9'], 'data': {'Distance': ['1.2 mi', '0.7 mi', '2.5 mi'], 'Grades': ['Preschool to 5', '6 to 8', '9 to 12']}, 'name': ['Indian Trace Elementary School', 'Tequesta Trace Middle School', 'Cypress Bay High School']}]","2,255",33326,,FL,,,,A10773895,"565,000"
Active,,Craftsman,10043 St. Kitts Landing Ln #89 ,,"{'atAGlanceFacts': [{'factValue': '2018', 'factLabel': 'Year built'}, {'factValue': '', 'factLabel': 'Remodeled year'}, {'factValue': '', 'factLabel': 'Heating'}, {'factValue': 'g-Energy Star HVAC, g-Fresh Air Ventilation, Gas (Hot Air), Heat Pump for A/C, Multi-Zone A/C, Multi-Zone Heat, Natural Gas', 'factLabel': 'Cooling'}, {'factValue': '', 'factLabel': 'Parking'}, {'factValue': '—', 'factLabel': 'lotsize'}, {'factValue': '$132 / Sq. Ft.', 'factLabel': 'Price/sqft'}]}",,Charlotte,"[{'rating': ['9', '5', '7', '6', '3'], 'data': {'Distance': ['0.3 mi', '2.5 mi', '6.3 mi', '6.3 mi', '6.3 mi'], 'Grades': ['K to 5', '6 to 8', '9 to 12', '9 to 12', '9 to 12']}, 'name': ['Palisades Park Elementary', 'Southwest Middle School', 'Olympic - Math Engineer Tech', 'Olympic - Biotechnology Health', 'Olympic Renaissance']}]","2,762",28278,,NC,,,,3438659,"364,990"
,,Townhouse,23125 SW 112th Ct # 23125,2.0,"{'atAGlanceFacts': [{'factValue': '2006', 'factLabel': 'Year built'}, {'factValue': None, 'factLabel': 'Remodeled year'}, {'factValue': 'Forced air', 'factLabel': 'Heating'}, {'factValue': 'Central', 'factLabel': 'Cooling'}, {'factValue': 'Attached Garage', 'factLabel': 'Parking'}, {'factValue': 'No Data', 'factLabel': 'lotsize'}, {'factValue': '$150', 'factLabel': 'Price/sqft'}]}",,Miami,"[{'rating': ['10/10', '2/10'], 'data': {'Distance': ['2.9 mi', '2.1 mi'], 'Grades': ['PK-8', '8-12']}, 'name': ['Air Base Elementary School', 'Miami Southridge Senior High School']}]","1,672",33170,3,FL,,,," 23125, Miami, FL 33170","$250,000"
,,Single Family,8201 Waterford Ave,2.0,"{'atAGlanceFacts': [{'factValue': '1985', 'factLabel': 'Year built'}, {'factValue': '1986', 'factLabel': 'Remodeled year'}, {'factValue': 'No Data', 'factLabel': 'Heating'}, {'factValue': 'Central', 'factLabel': 'Cooling'}, {'factValue': '1 space', 'factLabel': 'Parking'}, {'factValue': '3,339 sqft', 'factLabel': 'lotsize'}, {'factValue': 'No Data', 'factLabel': 'Price/sqft'}]}",,Tamarac,"[{'rating': ['4/10', '5/10', '5/10'], 'data': {'Distance': ['0.8 mi', '2.2 mi', '0.5 mi'], 'Grades': ['PK-5', '6-9', '9-12']}, 'name': ['Tamarac Elementary School', 'Millennium Middle School', 'J. P. Taravella High School']}]","1,280 sqft",33321,2,FL,1.0,,,,
for sale,,condo,4020 Galt Ocean Dr #E3,2 Baths,"{'atAGlanceFacts': [{'factValue': '1972', 'factLabel': 'Year built'}, {'factValue': '', 'factLabel': 'Remodeled year'}, {'factValue': 'Forced Air', 'factLabel': 'Heating'}, {'factValue': 'Central', 'factLabel': 'Cooling'}, {'factValue': 'Attached Garage', 'factLabel': 'Parking'}, {'factValue': '', 'factLabel': 'lotsize'}, {'factValue': '$233/sqft', 'factLabel': 'Price/sqft'}]}",,Fort Lauderdale,"[{'rating': ['10/10', '7/10', '5/10'], 'data': {'Distance': ['2.77mi', '3.23mi', '2.81mi'], 'Grades': ['K-5', '9-12', '6-8']}, 'name': ['Bayview Elementary School', 'Fort Lauderdale High School', 'Sunrise Middle School']}]","1,200 sqft",33308,,FL,9.0,,,F912648,"$279,900"
for sale,,single-family home,1253 SW 167th Ave,3 Baths,"{'atAGlanceFacts': [{'factValue': '2003', 'factLabel': 'Year built'}, {'factValue': '2004', 'factLabel': 'Remodeled year'}, {'factValue': 'Forced Air', 'factLabel': 'Heating'}, {'factValue': 'Central', 'factLabel': 'Cooling'}, {'factValue': 'Attached Garage', 'factLabel': 'Parking'}, {'factValue': '8,450 sqft', 'factLabel': 'lotsize'}, {'factValue': '$213/sqft', 'factLabel': 'Price/sqft'}]}",yes,Pembroke Pines,"[{'rating': ['8/10', '7/10', '8/10'], 'data': {'Distance': ['0.91mi', '1.87mi', '1.82mi'], 'Grades': ['PK-5', '9-12', '6-8']}, 'name': ['Silver Lakes Elementary School', 'Everglades High School', 'Glades Middle School']}]","2,469 sqft",33027,4 Beds,FL,1.0,,,A10766657,"$525,000"
For sale,,Single Family,218 Waterash St,2.0,"{'atAGlanceFacts': [{'factValue': '1973', 'factLabel': 'Year built'}, {'factValue': '1973', 'factLabel': 'Remodeled year'}, {'factValue': 'Forced air', 'factLabel': 'Heating'}, {'factValue': 'No Data', 'factLabel': 'Cooling'}, {'factValue': '1 space', 'factLabel': 'Parking'}, {'factValue': '0.72 acres', 'factLabel': 'lotsize'}, {'factValue': '$252', 'factLabel': 'Price/sqft'}]}",,Reno,"[{'rating': ['3/10', '4/10', '3/10'], 'data': {'Distance': ['2.1 mi', '4.7 mi', '4.6 mi'], 'Grades': ['PK-6', '7-8', '9-12']}, 'name': ['Lemmon Valley Elementary School', ""William O'brien Middle School"", 'North Valleys High School']}]","1,152",89506,4,NV,1,,,180007096,"$290,000"
for sale,,condo,A-5 Terrace Plan in 788 West Midtown,,"{'atAGlanceFacts': [{'factValue': '', 'factLabel': 'Year built'}, {'factValue': '', 'factLabel': 'Remodeled year'}, {'factValue': '', 'factLabel': 'Heating'}, {'factValue': '', 'factLabel': 'Cooling'}, {'factValue': '', 'factLabel': 'Parking'}, {'factValue': '', 'factLabel': 'lotsize'}, {'factValue': '$504/sqft', 'factLabel': 'Price/sqft'}]}",,Atlanta,"[{'rating': ['7/10', '6/10'], 'data': {'Distance': ['1.33mi', '2.52mi'], 'Grades': ['PK-8', '9-12']}, 'name': ['Centennial Academy', 'Grady High School']}]","1,009 sqft",30318,,GA,1.0,,yes,,"$508,900+"
Pre-foreclosure / auction,,Single Family,17508 Puritas Ave,Bathrooms: 2,"{'atAGlanceFacts': [{'factValue': '2006', 'factLabel': 'Year built'}, {'factValue': '2008', 'factLabel': 'Remodeled year'}, {'factValue': 'Forced air', 'factLabel': 'Heating'}, {'factValue': '', 'factLabel': 'Cooling'}, {'factValue': '2 spaces', 'factLabel': 'Parking'}, {'factValue': '4,791 sqft', 'factLabel': 'lotsize'}, {'factValue': '', 'factLabel': 'Price/sqft'}]}",,Cleveland,"[{'rating': ['2/10', '2/10'], 'data': {'Distance': ['16.8 mi', '17 mi'], 'Grades': ['PK-9', '5-12']}, 'name': ['Adlai Stevenson School', 'Collinwood High School']}]","Total interior livable area: 1,209 sqft",44135,2 bd,OH,,,,,
for sale,,single-family home,585 Connemaras Ct,3 Baths,"{'atAGlanceFacts': [{'factValue': '2006', 'factLabel': 'Year built'}, {'factValue': '2006', 'factLabel': 'Remodeled year'}, {'factValue': 'Forced Air', 'factLabel': 'Heating'}, {'factValue': 'Central', 'factLabel': 'Cooling'}, {'factValue': 'Attached Garage', 'factLabel': 'Parking'}, {'factValue': '6,005 sqft', 'factLabel': 'lotsize'}, {'factValue': '$211/sqft', 'factLabel': 'Price/sqft'}]}",,Reno,"[{'rating': ['8/10', 'None/10', '8/10'], 'data': {'Distance': ['1.71mi', '3.06mi', '0.27mi'], 'Grades': ['9-12', '6-8', 'PK-5']}, 'name': ['Damonte Ranch High School', 'Kendyl Depoali Middle School', 'Brown Elementary School']}]","2,114 sqft",89521,4 Beds,NV,2.0,,,,"$445,000"
for sale,,townhouse,6313 Rockaway Rd,2.5 Baths,"{'atAGlanceFacts': [{'factValue': '', 'factLabel': 'Year built'}, {'factValue': '', 'factLabel': 'Remodeled year'}, {'factValue': '', 'factLabel': 'Heating'}, {'factValue': '', 'factLabel': 'Cooling'}, {'factValue': '', 'factLabel': 'Parking'}, {'factValue': '653 sqft', 'factLabel': 'lotsize'}, {'factValue': '$94/sqft', 'factLabel': 'Price/sqft'}]}",,Atlanta,"[{'rating': ['3/10', '3/10', '4/10'], 'data': {'Distance': ['0.81mi', '0.98mi', '9.02mi'], 'Grades': ['PK-5', '6-8', '9-12']}, 'name': ['Nolan Elementary School', 'Mcnair Middle School', 'Creekside High School']}]","2,054 sqft",30349,3 Beds,GA,3.0,,,,"$193,180"
Active,,"Single Detached, French",10706 Bridge Hollow Ct ,,"{'atAGlanceFacts': [{'factValue': '2010', 'factLabel': 'Year built'}, {'factValue': '2008', 'factLabel': 'Remodeled year'}, {'factValue': '', 'factLabel': 'Heating'}, {'factValue': 'Central A/C (Electric), Central Heat (Gas)', 'factLabel': 'Cooling'}, {'factValue': '', 'factLabel': 'Parking'}, {'factValue': '1.24 Acres', 'factLabel': 'lotsize'}, {'factValue': '$569 / Sq. Ft.', 'factLabel': 'Price/sqft'}]}",5,Dallas,"[{'rating': ['8', '3', '3', '10'], 'data': {'Distance': ['1.6 mi', '1.9 mi', '1.7 mi', '8.9 mi'], 'Grades': ['Preschool to 5', '6 to 8', '9 to 12', '9 to 12']}, 'name': ['Harry C Withers Elementary School', 'Ewell D Walker Middle School', 'W T White High School', ""Irma Lerma Rangel Young Women's Leadership School""]}]","11,598",75229,,TX,,,,14064691,"6,599,000"
for sale,,lot/land,1425 N Mangonia Cir,,"{'atAGlanceFacts': [{'factValue': '', 'factLabel': 'Year built'}, {'factValue': '', 'factLabel': 'Remodeled year'}, {'factValue': 'Electric', 'factLabel': 'Heating'}, {'factValue': '', 'factLabel': 'Cooling'}, {'factValue': '', 'factLabel': 'Parking'}, {'factValue': '0.26 acres', 'factLabel': 'lotsize'}, {'factValue': None, 'factLabel': 'Price/sqft'}]}",,West Palm Beach,"[{'rating': ['4/10', '5/10', '3/10'], 'data': {'Distance': ['0.49mi', '0.44mi', '2.75mi'], 'Grades': ['PK-5', '6-8', '9-12']}, 'name': ['Roosevelt Elementary School', 'Roosevelt Middle School', 'Palm Beach Lakes High School']}]",,33401,,FL,,,,RX-10577792,"$150,000"
for sale,,lot/land,40 Serbian Bellflower Trl,,"{'atAGlanceFacts': [{'factValue': '', 'factLabel': 'Year built'}, {'factValue': '', 'factLabel': 'Remodeled year'}, {'factValue': '', 'factLabel': 'Heating'}, {'factValue': '', 'factLabel': 'Cooling'}, {'factValue': '', 'factLabel': 'Parking'}, {'factValue': '10105 sqft', 'factLabel': 'lotsize'}, {'factValue': None, 'factLabel': 'Price/sqft'}]}",,Palm Coast,"[{'rating': ['4/10', '5/10', '4/10'], 'data': {'Distance': ['5.89mi', '4.1mi', '7.72mi'], 'Grades': ['PK-6', '9-12', '7-8']}, 'name': ['Bunnell Elementary School', 'Flagler-Palm Coast High School', 'Buddy Taylor Middle School']}]",,32164,,FL,,,,248828,"$29,000"
For sale,,Single Family,6950 Tokalon Dr,4,"{'atAGlanceFacts': [{'factValue': '1955', 'factLabel': 'Year built'}, {'factValue': '1955', 'factLabel': 'Remodeled year'}, {'factValue': 'Forced air', 'factLabel': 'Heating'}, {'factValue': 'Central', 'factLabel': 'Cooling'}, {'factValue': '2 spaces', 'factLabel': 'Parking'}, {'factValue': '0.29 acres', 'factLabel': 'lotsize'}, {'factValue': '$255', 'factLabel': 'Price/sqft'}]}",Yes,Dallas,"[{'rating': ['10/10', '5/10', '5/10'], 'data': {'Distance': ['0.6 mi', '1 mi', '1.1 mi'], 'Grades': ['K-5', '6-8', '9-12']}, 'name': ['Lakewood Elementary School', 'J L Long Middle School', 'Woodrow Wilson High School']}]","3,905",75214,4,TX,2.0,,,14223468,"$995,000"
for sale,,condo,4141 NW 44th Ave #221,2 Baths,"{'atAGlanceFacts': [{'factValue': '1971', 'factLabel': 'Year built'}, {'factValue': '', 'factLabel': 'Remodeled year'}, {'factValue': 'Forced Air', 'factLabel': 'Heating'}, {'factValue': 'Central', 'factLabel': 'Cooling'}, {'factValue': '', 'factLabel': 'Parking'}, {'factValue': '', 'factLabel': 'lotsize'}, {'factValue': '$97/sqft', 'factLabel': 'Price/sqft'}]}",,Lauderdale Lakes,"[{'rating': ['3/10', '3/10', '4/10'], 'data': {'Distance': ['1.41mi', '1.53mi', '0.3mi'], 'Grades': ['9-12', '6-8', 'PK-5']}, 'name': ['Boyd H. Anderson High School', 'Lauderdale Lakes Middle School', 'Park Lakes Elementary School']}]","1,234 sqft",33319,2 Beds,FL,,,,A10729050,"$119,500"
Active,,"1 Story, Traditional",1110 Midnight Dr ,"4,000","{'atAGlanceFacts': [{'factValue': '2018', 'factLabel': 'Year built'}, {'factValue': '', 'factLabel': 'Remodeled year'}, {'factValue': 'Electric Heat', 'factLabel': 'Heating'}, {'factValue': 'Central Heating', 'factLabel': 'Cooling'}, {'factValue': '', 'factLabel': 'Parking'}, {'factValue': '0.64 Acres', 'factLabel': 'lotsize'}, {'factValue': '$152 / Sq. Ft.', 'factLabel': 'Price/sqft'}]}",,San Antonio,"[{'rating': ['10', '10', '8'], 'data': {'Distance': ['2.9 mi', '1.8 mi', '4.4 mi'], 'Grades': ['Preschool to 5', '6 to 8', '9 to 12']}, 'name': ['Wilderness Oak Elementary School', 'Lopez Middle School', 'Reagan High School']}]","3,097",78260,Baths,TX,,,,1406976,"470,000"
For sale,,Single Family,1537 Florida Ave,Bathrooms: 2,"{'atAGlanceFacts': [{'factValue': '1909', 'factLabel': 'Year built'}, {'factValue': '1930', 'factLabel': 'Remodeled year'}, {'factValue': 'Forced air', 'factLabel': 'Heating'}, {'factValue': 'Central', 'factLabel': 'Cooling'}, {'factValue': 'Detached Garage', 'factLabel': 'Parking'}, {'factValue': '8,376 sqft lot', 'factLabel': 'lotsize'}, {'factValue': '$39', 'factLabel': 'Price/sqft'}]}",,Jacksonville,"[{'rating': ['1/10', '3/10', '3/10'], 'data': {'Distance': ['0.6 mi', '0.2 mi', '4.9 mi'], 'Grades': ['PK-2', '6-8', '9-12']}, 'name': ['John Love Elementary School', 'Matthew W. Gilbert Middle School', 'William M. Raines High School']}]","Total interior livable area: 1,500 sqft",32206,3 bd,FL,1.0,1021773,,,"$57,900"
for sale,,multi-family,3815 Harper Ave #Tom,4 Baths,"{'atAGlanceFacts': [{'factValue': '1930', 'factLabel': 'Year built'}, {'factValue': '', 'factLabel': 'Remodeled year'}, {'factValue': '', 'factLabel': 'Heating'}, {'factValue': '', 'factLabel': 'Cooling'}, {'factValue': '', 'factLabel': 'Parking'}, {'factValue': '3,000 sqft', 'factLabel': 'lotsize'}, {'factValue': None, 'factLabel': 'Price/sqft'}]}",,Bronx,"[{'rating': ['6/10', '3/10', '1/10'], 'data': {'Distance': ['0.43mi', '0.43mi', '0.41mi'], 'Grades': ['6-8', '6-8', 'PK-5']}, 'name': ['One World Middle School At Edenwald', 'Baychester Middle School', 'Ps 111 Seton Falls']}]","1,136 sqft",10466,6 Beds,NY,,,,,"$799,999"
for sale,,single-family home,17971 NW 87th Ct,5 Baths,"{'atAGlanceFacts': [{'factValue': '2005', 'factLabel': 'Year built'}, {'factValue': '2005', 'factLabel': 'Remodeled year'}, {'factValue': 'Forced Air', 'factLabel': 'Heating'}, {'factValue': 'Central', 'factLabel': 'Cooling'}, {'factValue': '', 'factLabel': 'Parking'}, {'factValue': '7,276 sqft', 'factLabel': 'lotsize'}, {'factValue': '$169/sqft', 'factLabel': 'Price/sqft'}]}",,Hialeah,"[{'rating': ['8/10', '10/10', '6/10', '6/10', 'None/10'], 'data': {'Distance': ['0.56mi', '29.21mi', '2.38mi', '1.17mi', '23.39mi'], 'Grades': ['PK-5', 'PK-8', '8-12', '6-8', 'K-9']}, 'name': ['Palm Springs North Elementary School', 'Air Base Elementary School', 'Barbara Goleman Senior High School', 'Lawton Chiles Middle School', 'Robert Morgan Voc-Tech Institute']}]","3,408 sqft",33018,5 Beds,FL,2.0,,,A10652042,"$575,000"
Active,,Single Family Home,2012 3rd St SE,2.5,"{'atAGlanceFacts': [{'factValue': '1953', 'factLabel': 'Year built'}, {'factValue': '', 'factLabel': 'Remodeled year'}, {'factValue': 'Yes', 'factLabel': 'Heating'}, {'factValue': 'Yes', 'factLabel': 'Cooling'}, {'factValue': '', 'factLabel': 'Parking'}, {'factValue': '27878', 'factLabel': 'lotsize'}, {'factValue': '$80', 'factLabel': 'Price/sqft'}]}",,Moultrie,"[{'rating': ['5', '4', '5', '3', '6', '1', 'NR', 'NR'], 'data': {'Distance': ['0.5 mi', '1.6 mi', '1.9 mi', '1.5 mi', '3.1 mi', '1.9 mi', '1.1 mi', '4.1 mi'], 'Grades': ['PK–5', '6–7', '10–12', 'PK–5', '8–9', '8–12', 'K–9', '2–12']}, 'name': ['Wright Elementary School', 'Willie J. Williams Middle School', 'Colquitt County High School', 'Cox Elementary School', 'Ca Gray Junior High School', 'Colquitt County Achievement Center School', 'Colquitt Christian Academy Private School', 'New Beginning Christian Academy Private School']}]",2000,31768,3.0,GA,,,,908251,"$159,900"
For sale,,Condo,2505 W Broad St APT 122,2 ba,"{'atAGlanceFacts': [{'factValue': '1984', 'factLabel': 'Year built'}, {'factValue': '', 'factLabel': 'Remodeled year'}, {'factValue': 'Heat pump', 'factLabel': 'Heating'}, {'factValue': 'Central', 'factLabel': 'Cooling'}, {'factValue': '', 'factLabel': 'Parking'}, {'factValue': '', 'factLabel': 'lotsize'}, {'factValue': '$59', 'factLabel': 'Price/sqft'}]}",,Athens,"[{'rating': ['2/10', '5/10', '5/10'], 'data': {'Distance': ['0.9 mi', '1 mi', '2 mi'], 'Grades': ['PK-5', '6-8', '9-12']}, 'name': ['Alps Road Elementary School', 'Clarke Middle School', 'Clarke Central High School']}]","1,430 sqft",30606,2 bd,GA,,972116,,,"$85,000"
for sale,,single-family home,25011 Arrow Rdg,3 Baths,"{'atAGlanceFacts': [{'factValue': '1993', 'factLabel': 'Year built'}, {'factValue': '2014', 'factLabel': 'Remodeled year'}, {'factValue': 'Forced Air', 'factLabel': 'Heating'}, {'factValue': 'Central', 'factLabel': 'Cooling'}, {'factValue': 'Detached Garage', 'factLabel': 'Parking'}, {'factValue': '7,754 sqft', 'factLabel': 'lotsize'}, {'factValue': '$122/sqft', 'factLabel': 'Price/sqft'}]}",yes,San Antonio,"[{'rating': ['8/10', '10/10', '9/10'], 'data': {'Distance': ['0.54mi', '1.69mi', '1.61mi'], 'Grades': ['PK-5', '6-8', '9-12']}, 'name': ['Stone Oak Elementary School', 'Bush Middle School', 'Reagan High School']}]","2,454 sqft",78258,3 Beds,TX,2.0,,,1404754,"$299,500"
for sale,,condo,3444 N Harlem Ave #3,2 Baths,"{'atAGlanceFacts': [{'factValue': '2003', 'factLabel': 'Year built'}, {'factValue': '', 'factLabel': 'Remodeled year'}, {'factValue': 'Forced Air', 'factLabel': 'Heating'}, {'factValue': 'Central', 'factLabel': 'Cooling'}, {'factValue': 'Off Street', 'factLabel': 'Parking'}, {'factValue': '0.53 acres', 'factLabel': 'lotsize'}, {'factValue': '$167/sqft', 'factLabel': 'Price/sqft'}]}",yes,Chicago,"[{'rating': ['7/10', '1/10'], 'data': {'Distance': ['0.33mi', '1.3mi'], 'Grades': ['PK-8', '9-12']}, 'name': ['Dever Elementary School', 'Steinmetz Academic Centre High School']}]","1,500 sqft",60634,3 Beds,IL,3.0,,,10590693,"$249,800"
for sale,,single-family home,222 Hamilton Ave,2 Baths,"{'atAGlanceFacts': [{'factValue': '1990', 'factLabel': 'Year built'}, {'factValue': '1991', 'factLabel': 'Remodeled year'}, {'factValue': 'Forced Air', 'factLabel': 'Heating'}, {'factValue': 'Central', 'factLabel': 'Cooling'}, {'factValue': 'Attached Garage', 'factLabel': 'Parking'}, {'factValue': '0.28 acres', 'factLabel': 'lotsize'}, {'factValue': '$110/sqft', 'factLabel': 'Price/sqft'}]}",,Lehigh Acres,"[{'rating': ['4/10', '2/10', '3/10', '2/10', '3/10', '6/10', '2/10', '2/10', '5/10', '5/10', '5/10', '4/10', '3/10', '5/10', '4/10', '2/10', '5/10', '5/10', '3/10', '3/10', '3/10', '5/10'], 'data': {'Distance': ['6.77mi', '3.63mi', '9.75mi', '13.24mi', '12.33mi', '17.18mi', '16.16mi', '2.38mi', '14.18mi', '10.71mi', '14.93mi', '2.83mi', '6.29mi', '9.42mi', '8.23mi', '3.29mi', '3.04mi', '7.91mi', '3.77mi', '15.1mi', '13.23mi', '8.12mi'], 'Grades': ['PK-5', '9-12', 'PK-5', 'PK-5', 'PK-5', 'PK-5', 'PK-5', 'PK-5', 'PK-5', '9-12', 'PK-5', '6-8', 'PK-5', 'PK-5', '9-12', 'PK-5', 'PK-8', '6-8', 'PK-5', 'PK-5', '6-8', 'PK-5']}, 'name': ['Harns Marsh Elementary School', 'East Lee County High School', 'River Hall Elementary School', 'Manatee Elementary School', 'Treeline Elementary School', 'Bayshore Elementary School', 'Edgewood Academy', 'Lehigh Elementary School', 'Orange River Elementary School', 'Riverdale High School', 'Tice Elementary School', 'Lehigh Acres Middle School', 'Sunshine Elementary School', 'Gateway Elementary School', 'Lehigh Senior High School', 'Mirror Lakes Elementary School', 'Veterans Park Academy For The Arts', 'Varsity Lakes Middle School', 'G. Weaver Hipps Elementary School', 'James Stephens International Academy', 'Oak Hammock Middle School', 'Tortuga Preserve Elementary School']}]","1,630 sqft",33936,3 Beds,FL,1.0,,,219050579,"$179,000"
Active,,,13216 Old Compton Ct ,,"{'atAGlanceFacts': [{'factValue': '2006', 'factLabel': 'Year built'}, {'factValue': '', 'factLabel': 'Remodeled year'}, {'factValue': '', 'factLabel': 'Heating'}, {'factValue': 'Central Air, Gas (Hot Air)', 'factLabel': 'Cooling'}, {'factValue': '', 'factLabel': 'Parking'}, {'factValue': '0.32 Acres', 'factLabel': 'lotsize'}, {'factValue': '$127 / Sq. Ft.', 'factLabel': 'Price/sqft'}]}",,Pineville,"[{'rating': ['8', '4', '7'], 'data': {'Distance': ['1.1 mi', '3.8 mi', '3.4 mi'], 'Grades': ['K to 5', '6 to 8', '9 to 12']}, 'name': ['Pineville Elementary', 'Quail Hollow Middle', 'South Mecklenburg High']}]","2,515",28134,,NC,,,,3562836,"320,000"
for sale,,single-family home,2554 Volunteer Ave,3.5 Baths,"{'atAGlanceFacts': [{'factValue': '', 'factLabel': 'Year built'}, {'factValue': '', 'factLabel': 'Remodeled year'}, {'factValue': '', 'factLabel': 'Heating'}, {'factValue': '', 'factLabel': 'Cooling'}, {'factValue': '', 'factLabel': 'Parking'}, {'factValue': '7,841 sqft', 'factLabel': 'lotsize'}, {'factValue': '$145/sqft', 'factLabel': 'Price/sqft'}]}",,Kissimmee,"[{'rating': ['5/10', '3/10', '4/10', '5/10', '3/10'], 'data': {'Distance': ['1.16mi', '5.66mi', '4.25mi', '0.38mi', '5.64mi'], 'Grades': ['K-5', '9-12', 'PK-5', '6-8', 'K-5']}, 'name': ['Neptune Elementary School', 'Osceola High School', 'Mill Creek Elementary School', 'Neptune Middle School', 'Thacker Avenue Elementary School For International Studies']}]","2,609 sqft",34744,4 Beds,FL,,,,,"$377,990"
Pre-foreclosure / auction,,Single Family,3058 Shire Dr,,"{'atAGlanceFacts': [{'factValue': '1974', 'factLabel': 'Year built'}, {'factValue': '', 'factLabel': 'Remodeled year'}, {'factValue': 'Other', 'factLabel': 'Heating'}, {'factValue': '', 'factLabel': 'Cooling'}, {'factValue': '', 'factLabel': 'Parking'}, {'factValue': '0.26 acres', 'factLabel': 'lotsize'}, {'factValue': '', 'factLabel': 'Price/sqft'}]}",,Pottstown,"[{'rating': ['5/10', '4/10', '5/10'], 'data': {'Distance': ['2.2 mi', '4.1 mi', '3.1 mi'], 'Grades': ['3-5', '6-8', '9-12']}, 'name': ['Lower Pottsgrove El School', 'Pottsgrove Middle School', 'Pottsgrove Senior High School']}]",,19464,4 bd,PA,,,,,"$170,933"
,,Single Family,26027 Tivoli Mdws,4.0,"{'atAGlanceFacts': [{'factValue': '2014', 'factLabel': 'Year built'}, {'factValue': None, 'factLabel': 'Remodeled year'}, {'factValue': 'Gas', 'factLabel': 'Heating'}, {'factValue': 'Central', 'factLabel': 'Cooling'}, {'factValue': '3 spaces', 'factLabel': 'Parking'}, {'factValue': '0.56 acres', 'factLabel': 'lotsize'}, {'factValue': '$149', 'factLabel': 'Price/sqft'}]}",Yes,San Antonio,"[{'rating': ['10/10', '8/10', '8/10'], 'data': {'Distance': ['1.3 mi', '8.7 mi', '12.3 mi'], 'Grades': ['PK-5', '6-8', '9-12']}, 'name': ['Timberwood Park Elementary School', 'Spring Branch Middle School', 'Smithson Valley High School']}]","3,391",78260,4,TX,2.0,,,1391713,"$505,000"
For sale,,Single Family,6016 13th St,3.0,"{'atAGlanceFacts': [{'factValue': '1957', 'factLabel': 'Year built'}, {'factValue': None, 'factLabel': 'Remodeled year'}, {'factValue': 'Forced air', 'factLabel': 'Heating'}, {'factValue': 'Central', 'factLabel': 'Cooling'}, {'factValue': '2 spaces', 'factLabel': 'Parking'}, {'factValue': '8,712 sqft', 'factLabel': 'lotsize'}, {'factValue': '$317', 'factLabel': 'Price/sqft'}]}",,Sacramento,"[{'rating': ['1/10', '3/10', '6/10'], 'data': {'Distance': ['0.7 mi', '0.8 mi', '1.8 mi'], 'Grades': ['K-6', '7-8', '9-12']}, 'name': ['John Cabrillo Elementary School', 'Sam Brannan Middle School', 'John F. Kennedy High School']}]","2,021",95822,3,CA,1,,,19055965,"$639,995"
Active,,"Single Detached, Traditional",5812 Watts Bar Ct ,,"{'atAGlanceFacts': [{'factValue': '2019', 'factLabel': 'Year built'}, {'factValue': '', 'factLabel': 'Remodeled year'}, {'factValue': '', 'factLabel': 'Heating'}, {'factValue': 'Central A/C (Electric), Central Heat (Electric), Heat Pump', 'factLabel': 'Cooling'}, {'factValue': '', 'factLabel': 'Parking'}, {'factValue': '—', 'factLabel': 'lotsize'}, {'factValue': '$141 / Sq. Ft.', 'factLabel': 'Price/sqft'}]}",,Fort Worth,"[{'rating': ['8', '5', '6'], 'data': {'Distance': ['0.4 mi', '0.4 mi', '1.0 mi'], 'Grades': ['Preschool to 5', '6 to 8', '9 to 12']}, 'name': ['Greenfield Elementary School', 'Education Willkie Middle School', 'Chisholm Trail High School']}]","2,260",76179,,TX,,,,14240440,"319,375"
Active,,"1 Story, Traditional",5602 Salado Fls ,,"{'atAGlanceFacts': [{'factValue': '2019', 'factLabel': 'Year built'}, {'factValue': '', 'factLabel': 'Remodeled year'}, {'factValue': 'Natural Gas Heat', 'factLabel': 'Heating'}, {'factValue': 'Central Heating', 'factLabel': 'Cooling'}, {'factValue': '', 'factLabel': 'Parking'}, {'factValue': '—', 'factLabel': 'lotsize'}, {'factValue': '$149 / Sq. Ft.', 'factLabel': 'Price/sqft'}]}",,San Antonio,"[{'rating': ['2', '2', '3'], 'data': {'Distance': ['0.6 mi', '1.5 mi', '5.5 mi'], 'Grades': ['Preschool to 3', '6 to 8', '9 to 12']}, 'name': ['Sinclair Elementary School', 'Legacy Middle School', 'East Central High School']}]","1,151",78222,,TX,,,,1413531,"172,000"
for sale,,single-family home,3641 Deland Dr,3 Baths,"{'atAGlanceFacts': [{'factValue': '2006', 'factLabel': 'Year built'}, {'factValue': '2006', 'factLabel': 'Remodeled year'}, {'factValue': 'Heat Pump', 'factLabel': 'Heating'}, {'factValue': 'Central', 'factLabel': 'Cooling'}, {'factValue': 'Attached Garage', 'factLabel': 'Parking'}, {'factValue': '0.54 acres', 'factLabel': 'lotsize'}, {'factValue': '$122/sqft', 'factLabel': 'Price/sqft'}]}",yes,Kingsport,"[{'rating': ['8/10'], 'data': {'Distance': ['2.24mi'], 'Grades': ['9-12']}, 'name': ['Dobyns - Bennett High School']}]","2,176 sqft",37664,3 Beds,TN,2.0,,,9901846,"$264,900"
for sale,,multi-family,988 Westwood Ave,3 Baths,"{'atAGlanceFacts': [{'factValue': '1970', 'factLabel': 'Year built'}, {'factValue': '', 'factLabel': 'Remodeled year'}, {'factValue': 'Forced Air', 'factLabel': 'Heating'}, {'factValue': 'Central', 'factLabel': 'Cooling'}, {'factValue': 'Carport', 'factLabel': 'Parking'}, {'factValue': '5,320 sqft', 'factLabel': 'lotsize'}, {'factValue': '$386/sqft', 'factLabel': 'Price/sqft'}]}",,Staten Island,"[{'rating': ['8/10', '4/10', '8/10'], 'data': {'Distance': ['1.15mi', '1.18mi', '0.41mi'], 'Grades': ['6-8', '9-12', 'PK-5']}, 'name': ['Is 72 Rocco Laurie', 'Susan E Wagner High School', 'Ps 54 Charles W Leng']}]","2,072 sqft",10314,5 Beds,NY,2.0,,,,"$799,000"
for sale,,single-family home,5398 Alcola Way S,2 Baths,"{'atAGlanceFacts': [{'factValue': '1971', 'factLabel': 'Year built'}, {'factValue': '1993', 'factLabel': 'Remodeled year'}, {'factValue': 'Forced Air', 'factLabel': 'Heating'}, {'factValue': 'Central', 'factLabel': 'Cooling'}, {'factValue': 'Attached Garage', 'factLabel': 'Parking'}, {'factValue': '7,667 sqft', 'factLabel': 'lotsize'}, {'factValue': '$173/sqft', 'factLabel': 'Price/sqft'}]}",yes,Saint Petersburg,"[{'rating': ['4/10', '4/10', '2/10'], 'data': {'Distance': ['0.4mi', '0.37mi', '0.96mi'], 'Grades': ['6-8', '9-12', 'PK-5']}, 'name': ['Bay Point Middle School', 'Lakewood High School', 'Maximo Elementary School']}]","1,617 sqft",33712,3 Beds,FL,1.0,,yes,U8064831,"$280,000"
Under Contract   Showing,,Single Family Home,6004 Post Rd,2.5,"{'atAGlanceFacts': [{'factValue': '1955', 'factLabel': 'Year built'}, {'factValue': '', 'factLabel': 'Remodeled year'}, {'factValue': 'Heating System', 'factLabel': 'Heating'}, {'factValue': 'Cooling System', 'factLabel': 'Cooling'}, {'factValue': 'Attached-Detached, ASPHT, GRAVL', 'factLabel': 'Parking'}, {'factValue': '31363', 'factLabel': 'lotsize'}, {'factValue': '$269', 'factLabel': 'Price/sqft'}]}",,Nashville,"[{'rating': ['4', '4', '3', '4', '5', 'NR', 'NR', 'NR'], 'data': {'Distance': ['3.0 mi', '0.8 mi', '0.9 mi', '1.6 mi', '3.2 mi', '2.2 mi', '0.3 mi', '1.4 mi'], 'Grades': ['PK–4', '5–8', '9–12', 'K–4', '5–8', '10–12', 'PK–8', 'PK–8']}, 'name': ['Gower Elementary School', 'H G Hill Middle School', 'Hillwood Comp High School', 'Westmeade Elementary School', 'West End Middle School', 'M N P S Middle College School', 'Harding Academy Private School', 'St. Henry Elementary Private School']}]",1766,37205,3.0,TN,1.00,,,2101531,"$475,000"
for sale,,coop,345 W 145th St #2C2,,"{'atAGlanceFacts': [{'factValue': '1957', 'factLabel': 'Year built'}, {'factValue': '', 'factLabel': 'Remodeled year'}, {'factValue': '', 'factLabel': 'Heating'}, {'factValue': '', 'factLabel': 'Cooling'}, {'factValue': '', 'factLabel': 'Parking'}, {'factValue': '0.62 acres', 'factLabel': 'lotsize'}, {'factValue': '$2/sqft', 'factLabel': 'Price/sqft'}]}",,New York,"[{'rating': ['2/10', '1/10', '2/10'], 'data': {'Distance': ['0.84mi', '0.48mi', '5.06mi'], 'Grades': ['6-8', '6-8', 'PK-5']}, 'name': ['Is 286 Renaissance Military Leadership Academy', 'Knowledge And Power Prep Academy Iv', 'Ps 200 The James Mccune Smith School']}]","225,667 sqft",10031,,NY,14.0,,,,"$455,000"
Active,,,3015 Ruth St ,,"{'atAGlanceFacts': [{'factValue': '', 'factLabel': 'Year built'}, {'factValue': '', 'factLabel': 'Remodeled year'}, {'factValue': '', 'factLabel': 'Heating'}, {'factValue': '', 'factLabel': 'Cooling'}, {'factValue': '', 'factLabel': 'Parking'}, {'factValue': '0.37 Acres', 'factLabel': 'lotsize'}, {'factValue': None, 'factLabel': 'Price/sqft'}]}",,Durham,"[{'rating': ['1', '2', '3'], 'data': {'Distance': ['2.1 mi', '4.9 mi', '4.4 mi'], 'Grades': ['K to 5', '6 to 8', '9 to 12']}, 'name': ['Glenn Elementary', 'Lucas Middle School', 'Northern High']}]",,27704,,NC,,,,2136338,"10,500"
for sale,,single-family home,1822 SE 22nd Pl,5 Baths,"{'atAGlanceFacts': [{'factValue': '2007', 'factLabel': 'Year built'}, {'factValue': '2011', 'factLabel': 'Remodeled year'}, {'factValue': 'Forced Air', 'factLabel': 'Heating'}, {'factValue': 'Central', 'factLabel': 'Cooling'}, {'factValue': 'Attached Garage', 'factLabel': 'Parking'}, {'factValue': '0.29 acres', 'factLabel': 'lotsize'}, {'factValue': '$136/sqft', 'factLabel': 'Price/sqft'}]}",yes,Ocala,"[{'rating': ['6/10', '7/10', '3/10'], 'data': {'Distance': ['3.16mi', '1.74mi', '0.51mi'], 'Grades': ['9-12', '6-8', 'PK-5']}, 'name': ['Forest High School', 'Osceola Middle School', 'South Ocala Elementary School']}]","4,773 sqft",34471,4 Beds,FL,1.0,,,556977,"$649,000"
For sale,Yes,Single Family,1403 Betton Rd,Bathrooms: 2,"{'atAGlanceFacts': [{'factValue': '1958', 'factLabel': 'Year built'}, {'factValue': '1980', 'factLabel': 'Remodeled year'}, {'factValue': 'Heat pump', 'factLabel': 'Heating'}, {'factValue': 'Central', 'factLabel': 'Cooling'}, {'factValue': '1 space', 'factLabel': 'Parking'}, {'factValue': '0.45 acres lot', 'factLabel': 'lotsize'}, {'factValue': '$163', 'factLabel': 'Price/sqft'}]}",Yes,Tallahassee,"[{'rating': ['4/10', '5/10', '7/10'], 'data': {'Distance': ['0.7 mi', '0.8 mi', '1.4 mi'], 'Grades': ['PK-5', '6-8', '9-12']}, 'name': ['Kate Sullivan Elementary School', 'Elizabeth Cobb Middle School', 'Leon High School']}]","Total interior livable area: 2,361 sqft",32308,3 bd,FL,,302221,,,"$385,000"
for sale,,condo,3580 41st Ave S #155,,"{'atAGlanceFacts': [{'factValue': '1973', 'factLabel': 'Year built'}, {'factValue': '1982', 'factLabel': 'Remodeled year'}, {'factValue': 'Forced Air', 'factLabel': 'Heating'}, {'factValue': 'Central', 'factLabel': 'Cooling'}, {'factValue': 'None', 'factLabel': 'Parking'}, {'factValue': '', 'factLabel': 'lotsize'}, {'factValue': '$92/sqft', 'factLabel': 'Price/sqft'}]}",yes,Saint Petersburg,"[{'rating': ['4/10', '2/10', '4/10'], 'data': {'Distance': ['1.62mi', '1.92mi', '1.94mi'], 'Grades': ['6-8', 'PK-5', '9-12']}, 'name': ['Bay Point Middle School', 'Gulfport Montessori Elementary School', 'Lakewood High School']}]",825 sqft,33711,,FL,2.0,,yes,U8065356,"$75,950"
Active,,,999 Oakhaven Rd ,"2,000","{'atAGlanceFacts': [{'factValue': '', 'factLabel': 'Year built'}, {'factValue': '', 'factLabel': 'Remodeled year'}, {'factValue': '', 'factLabel': 'Heating'}, {'factValue': '', 'factLabel': 'Cooling'}, {'factValue': '', 'factLabel': 'Parking'}, {'factValue': '—', 'factLabel': 'lotsize'}, {'factValue': None, 'factLabel': 'Price/sqft'}]}",,Memphis,"[{'rating': ['4', '3', '7'], 'data': {'Distance': ['0.9 mi', '1.6 mi', '1.9 mi'], 'Grades': ['Preschool to 5', '6 to 8', '9 to 12']}, 'name': ['Sea Isle Elementary School', 'Colonial Middle School', 'White Station High School']}]",,38119,Baths,TN,,,,10067888,"140,000"
Active,,Single Family Home,14904 Batteliere Drive,3,"{'atAGlanceFacts': [{'factValue': '', 'factLabel': 'Year built'}, {'factValue': '', 'factLabel': 'Remodeled year'}, {'factValue': '', 'factLabel': 'Heating'}, {'factValue': '', 'factLabel': 'Cooling'}, {'factValue': '', 'factLabel': 'Parking'}, {'factValue': None, 'factLabel': 'lotsize'}, {'factValue': '$146', 'factLabel': 'Price/sqft'}]}",,Charlotte,"[{'rating': ['9', '5', '3', '7', '3', '2', 'NR', 'NR'], 'data': {'Distance': ['1.4 mi', '3.0 mi', '7.1 mi', '2.7 mi', '6.7 mi', '7.1 mi', '1.3 mi', '1.8 mi'], 'Grades': ['K–5', '6–8', '9–12', 'K–5', '6–8', '9–12', 'K–8', '10–12']}, 'name': ['Palisades Park Elementary School', 'Southwest Middle School', 'Olympic Renaissance School', 'River Gate Elementary School', 'Robert F Kennedy Middle School', 'Olympic - Technology, Entrepreneurship & Advanced Manufacturing School', 'Palisades Episcopal Private School', 'Compton Academy Private School']}]","2,091",28278,3,NC,,,,1593003,"$304,990"
for sale,,single-family home,16727 NW 12th St,2 Baths,"{'atAGlanceFacts': [{'factValue': '1995', 'factLabel': 'Year built'}, {'factValue': '1996', 'factLabel': 'Remodeled year'}, {'factValue': 'Forced Air', 'factLabel': 'Heating'}, {'factValue': 'Central', 'factLabel': 'Cooling'}, {'factValue': 'Attached Garage', 'factLabel': 'Parking'}, {'factValue': '6,257 sqft', 'factLabel': 'lotsize'}, {'factValue': '$157/sqft', 'factLabel': 'Price/sqft'}]}",,Pembroke Pines,"[{'rating': ['8/10', '10/10', '6/10'], 'data': {'Distance': ['3.72mi', '1.57mi', '0.4mi'], 'Grades': ['9-12', '6-8', 'PK-5']}, 'name': ['West Broward High School', 'Silver Trail Middle School', 'Panther Run Elementary School']}]","2,608 sqft",33028,4 Beds,FL,1.0,,,A10781230,"$409,000"
Active,,,84 Glenrock Dr Lot 202 ,"3,000","{'atAGlanceFacts': [{'factValue': '2019', 'factLabel': 'Year built'}, {'factValue': '', 'factLabel': 'Remodeled year'}, {'factValue': 'Central', 'factLabel': 'Heating'}, {'factValue': 'Electric', 'factLabel': 'Cooling'}, {'factValue': '', 'factLabel': 'Parking'}, {'factValue': '—', 'factLabel': 'lotsize'}, {'factValue': '$258 / Sq. Ft.', 'factLabel': 'Price/sqft'}]}",2,Nashville,"[{'rating': ['9', '8', '9'], 'data': {'Distance': ['5.0 mi', '7.1 mi', '7.7 mi'], 'Grades': ['K to 5', '6 to 8', '9 to 12']}, 'name': ['Grassland Elementary School', 'Grassland Middle School', 'Franklin High School']}]","3,671",37221,Baths,TN,,,,2074754,"946,900"
for sale,,lot/land,3121 69th St W,,"{'atAGlanceFacts': [{'factValue': '', 'factLabel': 'Year built'}, {'factValue': '', 'factLabel': 'Remodeled year'}, {'factValue': '', 'factLabel': 'Heating'}, {'factValue': '', 'factLabel': 'Cooling'}, {'factValue': '', 'factLabel': 'Parking'}, {'factValue': '0.25 acres', 'factLabel': 'lotsize'}, {'factValue': None, 'factLabel': 'Price/sqft'}]}",,Lehigh Acres,"[{'rating': ['4/10', '2/10', '3/10', '2/10', '3/10', '6/10', '2/10', '2/10', '5/10', '5/10', '5/10', '4/10', '3/10', '5/10', '4/10', '2/10', '5/10', '5/10', '3/10', '3/10', '3/10', '5/10'], 'data': {'Distance': ['3.03mi', '9.69mi', '2.24mi', '6.72mi', '9.15mi', '10.09mi', '10.03mi', '5.98mi', '7.59mi', '3.17mi', '8.58mi', '6.41mi', '4.2mi', '7.8mi', '4.63mi', '8.7mi', '6.41mi', '4.5mi', '5.35mi', '9.12mi', '6.69mi', '4.13mi'], 'Grades': ['PK-5', '9-12', 'PK-5', 'PK-5', 'PK-5', 'PK-5', 'PK-5', 'PK-5', 'PK-5', '9-12', 'PK-5', '6-8', 'PK-5', 'PK-5', '9-12', 'PK-5', 'PK-8', '6-8', 'PK-5', 'PK-5', '6-8', 'PK-5']}, 'name': ['Harns Marsh Elementary School', 'East Lee County High School', 'River Hall Elementary School', 'Manatee Elementary School', 'Treeline Elementary School', 'Bayshore Elementary School', 'Edgewood Academy', 'Lehigh Elementary School', 'Orange River Elementary School', 'Riverdale High School', 'Tice Elementary School', 'Lehigh Acres Middle School', 'Sunshine Elementary School', 'Gateway Elementary School', 'Lehigh Senior High School', 'Mirror Lakes Elementary School', 'Veterans Park Academy For The Arts', 'Varsity Lakes Middle School', 'G. Weaver Hipps Elementary School', 'James Stephens International Academy', 'Oak Hammock Middle School', 'Tortuga Preserve Elementary School']}]",,33971,,FL,,,,218057667,"$7,000"
Active,,Single Family Home,3888 Spear St,4,"{'atAGlanceFacts': [{'factValue': '2019', 'factLabel': 'Year built'}, {'factValue': '', 'factLabel': 'Remodeled year'}, {'factValue': 'Baseboard', 'factLabel': 'Heating'}, {'factValue': '', 'factLabel': 'Cooling'}, {'factValue': 'Garage Type', 'factLabel': 'Parking'}, {'factValue': '206039', 'factLabel': 'lotsize'}, {'factValue': '$215', 'factLabel': 'Price/sqft'}]}",,Charlotte,"[{'rating': ['9', '8', '10', '7', 'NR'], 'data': {'Distance': ['2.2 mi', '4.2 mi', '4.7 mi', '4.7 mi', '3.5 mi'], 'Grades': ['PK–8', 'PK–8', '9–12', 'PK–6', '6–7']}, 'name': ['Charlotte Central School', 'Hinesburg Elementary School', 'Champlain Valley Uhsd #15 School', 'Monkton Central School', 'The Acorn Private School']}]",3464,5445,4,VT,2,,,4766885,"$743,900"
for sale,,single-family home,7700 New England Pkwy,4 Baths,"{'atAGlanceFacts': [{'factValue': '2006', 'factLabel': 'Year built'}, {'factValue': '2007', 'factLabel': 'Remodeled year'}, {'factValue': 'Other', 'factLabel': 'Heating'}, {'factValue': 'Central', 'factLabel': 'Cooling'}, {'factValue': 'Attached Garage', 'factLabel': 'Parking'}, {'factValue': '0.28 acres', 'factLabel': 'lotsize'}, {'factValue': '$137/sqft', 'factLabel': 'Price/sqft'}]}",yes,Amarillo,"[{'rating': ['6/10', '8/10', '7/10', '6/10'], 'data': {'Distance': ['1.45mi', '1.71mi', '1.45mi', '6.28mi'], 'Grades': ['9-12', '6-8', 'PK-5', '2-5']}, 'name': ['Amarillo High School', 'Bonham Middle School', 'Sleepy Hollow Elementary School', 'Carver El Academy']}]","4,291 sqft",79119,5 Beds,TX,,,,19-5095,"$589,900"
Active,,Single Family Home,9013 Rhodes St,4.5,"{'atAGlanceFacts': [{'factValue': '2016', 'factLabel': 'Year built'}, {'factValue': '', 'factLabel': 'Remodeled year'}, {'factValue': 'Central', 'factLabel': 'Heating'}, {'factValue': 'Central Air', 'factLabel': 'Cooling'}, {'factValue': 'Curb Parking, Garage Door Opener', 'factLabel': 'Parking'}, {'factValue': '5722', 'factLabel': 'lotsize'}, {'factValue': '$160', 'factLabel': 'Price/sqft'}]}",,Kissimmee,"[{'rating': ['4', '3', '6', '5', '9', 'NR', 'NR'], 'data': {'Distance': ['0.4 mi', '2.7 mi', '4.9 mi', '1.2 mi', '6.3 mi', '8.3 mi', '4.9 mi'], 'Grades': ['PK–8', '6–12', '9–12', 'K–5', 'K–8', '7–12', 'PK–12']}, 'name': ['Westside K-8 School', 'Four Corners Charter Middle School', 'Celebration High School', 'Four Corners Charter School', 'Celebration School', 'Oasis Adolescent Campus School', 'Heartland Christian Academy Private School']}]",3142,34747,6,FL,2,,,O5802375,"$504,000"
Active,,"Detached, Two Story",1515 SW 23rd St ,,"{'atAGlanceFacts': [{'factValue': '2007', 'factLabel': 'Year built'}, {'factValue': '2008', 'factLabel': 'Remodeled year'}, {'factValue': 'Central Air', 'factLabel': 'Heating'}, {'factValue': 'Has Cooling', 'factLabel': 'Cooling'}, {'factValue': '', 'factLabel': 'Parking'}, {'factValue': '3,734 Sq. Ft.', 'factLabel': 'lotsize'}, {'factValue': '$260 / Sq. Ft.', 'factLabel': 'Price/sqft'}]}",,Fort Lauderdale,"[{'rating': ['4', '4', '3'], 'data': {'Distance': ['1.0 mi', '1.6 mi', '1.4 mi'], 'Grades': ['Preschool to 5', '6 to 8', '9 to 12']}, 'name': ['Croissant Park Elementary School', 'New River Middle School', 'Stranahan High School']}]","2,424",33315,,FL,,,,A10749145,"630,000"
,,Single Family,12922 Kingsbridge Ln,3,"{'atAGlanceFacts': [{'factValue': '1994', 'factLabel': 'Year built'}, {'factValue': '1994', 'factLabel': 'Remodeled year'}, {'factValue': 'Other', 'factLabel': 'Heating'}, {'factValue': 'Central', 'factLabel': 'Cooling'}, {'factValue': '2 spaces', 'factLabel': 'Parking'}, {'factValue': '3,859 sqft', 'factLabel': 'lotsize'}, {'factValue': '$157', 'factLabel': 'Price/sqft'}]}",,Houston,"[{'rating': ['8/10', '7/10', '7/10'], 'data': {'Distance': ['0.4 mi', '0.9 mi', '1.4 mi'], 'Grades': ['PK-5', '6-8', '9-12']}, 'name': ['Ray Daily Elementary School', 'West Briar Middle School', 'Westside High School']}]","1,940",77077,2,TX,2.0,,,63553734,"$305,000"
For sale,,Single Family,1113 Westend Dr,Bathrooms: 2,"{'atAGlanceFacts': [{'factValue': '2004', 'factLabel': 'Year built'}, {'factValue': '', 'factLabel': 'Remodeled year'}, {'factValue': 'Forced air', 'factLabel': 'Heating'}, {'factValue': 'Central', 'factLabel': 'Cooling'}, {'factValue': '2 spaces', 'factLabel': 'Parking'}, {'factValue': '8,964 sqft lot', 'factLabel': 'lotsize'}, {'factValue': '$108', 'factLabel': 'Price/sqft'}]}",,Temple,"[{'rating': ['8/10', '6/10', '6/10'], 'data': {'Distance': ['0.4 mi', '0.2 mi', '2.5 mi'], 'Grades': ['K-5', '6-8', '9-12']}, 'name': ['Joe M Pirtle Elementary School', 'Lake Belton Middle School', 'Belton High School']}]","Total interior livable area: 1,757 sqft",76502,3 bd,TX,1.0,393968,,,"$189,500"
Active,,,MLS #: DEGI3377205,,"{'atAGlanceFacts': [{'factValue': '', 'factLabel': 'Year built'}, {'factValue': '', 'factLabel': 'Remodeled year'}, {'factValue': '', 'factLabel': 'Heating'}, {'factValue': '', 'factLabel': 'Cooling'}, {'factValue': '', 'factLabel': 'Parking'}, {'factValue': '—', 'factLabel': 'lotsize'}, {'factValue': None, 'factLabel': 'Price/sqft'}]}",,Brooklyn,"[{'rating': ['7', 'NR', 'NR', 'NR'], 'data': {'Distance': ['0.7 mi', '0.3 mi', '0.4 mi', '0.5 mi'], 'Grades': ['K to 8', 'Preschool to 8', 'Preschool to 12', 'Preschool to 12']}, 'name': ['PS 8 Robert Fulton', 'Altschool Brooklyn Heights', 'Packer Collegiate Institute', ""St Ann's School""]}]",,11201,,NY,,,,DEGI3377205,"3,950,000"
for sale,,single-family home,10665 NW 68th Ct,3 Baths,"{'atAGlanceFacts': [{'factValue': '1998', 'factLabel': 'Year built'}, {'factValue': '1999', 'factLabel': 'Remodeled year'}, {'factValue': 'Other', 'factLabel': 'Heating'}, {'factValue': 'Central', 'factLabel': 'Cooling'}, {'factValue': 'Carport', 'factLabel': 'Parking'}, {'factValue': '0.44 acres', 'factLabel': 'lotsize'}, {'factValue': '$220/sqft', 'factLabel': 'Price/sqft'}]}",,Parkland,"[{'rating': ['9/10', '9/10', '9/10', '9/10'], 'data': {'Distance': ['0.74mi', '0.75mi', '0.37mi', '0.78mi'], 'Grades': ['PK-5', '9-12', 'PK-5', '6-8']}, 'name': ['Heron Heights Elementary School', 'Marjory Stoneman Douglas High School', 'Park Trails Elementary School', 'Westglades Middle School']}]","3,023 sqft",33076,5 Beds,FL,1.0,,yes,F10196745,"$665,000"
Active,,,MLS #: CITI5945793,,"{'atAGlanceFacts': [{'factValue': '', 'factLabel': 'Year built'}, {'factValue': '', 'factLabel': 'Remodeled year'}, {'factValue': '', 'factLabel': 'Heating'}, {'factValue': '', 'factLabel': 'Cooling'}, {'factValue': '', 'factLabel': 'Parking'}, {'factValue': '—', 'factLabel': 'lotsize'}, {'factValue': None, 'factLabel': 'Price/sqft'}]}",,Brooklyn,"[{'rating': ['8', '10', '4'], 'data': {'Distance': ['0.4 mi', '1.5 mi', '0.3 mi'], 'Grades': ['K to 5', '6 to 8', '9 to 12']}, 'name': ['PS 185 Walter Kassenbrock', 'Junior High School 201 the Dyker Heights', 'Fort Hamilton High School']}]",,11209,Bath,NY,,,,CITI5945793,"525,000"
for sale,,coop,895 Park Ave #6/7A,8 Baths,"{'atAGlanceFacts': [{'factValue': '1930', 'factLabel': 'Year built'}, {'factValue': '', 'factLabel': 'Remodeled year'}, {'factValue': '', 'factLabel': 'Heating'}, {'factValue': '', 'factLabel': 'Cooling'}, {'factValue': '', 'factLabel': 'Parking'}, {'factValue': '', 'factLabel': 'lotsize'}, {'factValue': None, 'factLabel': 'Price/sqft'}]}",,New York,"[{'rating': ['9/10', '8/10', '3/10', '8/10', '9/10', '10/10', '10/10'], 'data': {'Distance': ['3.12mi', '3.12mi', '0.97mi', '3.14mi', '5.52mi', '0.26mi', '0.19mi'], 'Grades': ['6-8', '9-12', '6-12', '6-11', '6-8', '6-8', 'PK-5']}, 'name': ['Nyc Lab Ms For Collaborative Studies', 'Nyc Lab High School For Collaborative Studies', 'Life Sciences Secondary School', 'Ms 260 Clinton School Writers And Artists', 'Lower Manhattan Community Middle School', 'Jhs 167 Robert F Wagner', 'Ps 6 Lillie D Blake']}]",,10075,6 Beds,NY,,,,00112959,"$15,000,000"
for sale,,single-family home,8409 Steamline Cir,3 Baths,"{'atAGlanceFacts': [{'factValue': '2001', 'factLabel': 'Year built'}, {'factValue': '', 'factLabel': 'Remodeled year'}, {'factValue': 'Forced Air', 'factLabel': 'Heating'}, {'factValue': 'Central', 'factLabel': 'Cooling'}, {'factValue': 'Attached Garage', 'factLabel': 'Parking'}, {'factValue': '8,006 sqft', 'factLabel': 'lotsize'}, {'factValue': '$145/sqft', 'factLabel': 'Price/sqft'}]}",yes,Austin,"[{'rating': ['4/10', '4/10', '5/10'], 'data': {'Distance': ['1.66mi', '2.11mi', '2.12mi'], 'Grades': ['PK-5', '9-12', '6-8']}, 'name': ['Cunningham Elementary School', 'Crockett High School', 'Covington Middle School']}]","2,233 sqft",78745,3 Beds,TX,2.0,,,3611065,"$324,900"
For sale,,Condo,109 Luna Grande Cir UNIT 60,1.0,"{'atAGlanceFacts': [{'factValue': '1983', 'factLabel': 'Year built'}, {'factValue': '1983', 'factLabel': 'Remodeled year'}, {'factValue': 'Forced air', 'factLabel': 'Heating'}, {'factValue': 'Central', 'factLabel': 'Cooling'}, {'factValue': '1 space', 'factLabel': 'Parking'}, {'factValue': None, 'factLabel': 'lotsize'}, {'factValue': '$196', 'factLabel': 'Price/sqft'}]}",,Sacramento,"[{'rating': ['3/10', '3/10', 'NA'], 'data': {'Distance': ['0.7 mi', '3.1 mi', '0.4 mi'], 'Grades': ['K-6', '6-8', '9-12']}, 'name': ['Jefferson Elementary School', 'Natomas Middle School', 'Discovery High School']}]",840,95834,2,CA,1,,Yes,19079523,"$165,000"
for sale,,single-family home,550 Tollis Pkwy #207,2 Baths,"{'atAGlanceFacts': [{'factValue': '1980', 'factLabel': 'Year built'}, {'factValue': '1996', 'factLabel': 'Remodeled year'}, {'factValue': 'Forced Air', 'factLabel': 'Heating'}, {'factValue': 'Central', 'factLabel': 'Cooling'}, {'factValue': 'Attached Garage', 'factLabel': 'Parking'}, {'factValue': '3.8 acres', 'factLabel': 'lotsize'}, {'factValue': '$57/sqft', 'factLabel': 'Price/sqft'}]}",,Broadview Heights,"[{'rating': ['10/10', '10/10', '8/10'], 'data': {'Distance': ['2.33mi', '2.42mi', '2.77mi'], 'Grades': ['9-12', '5-8', 'PK-3']}, 'name': ['Brecksville-Broadview Heights High School', 'Brecksville-Broadview Heights Middle School', 'Hilton Elementary School']}]","1,403 sqft",44147,2 Beds,OH,1.0,,,4156833,"$79,850"
Active,,Federal,3087 Ordway St NW ,,"{'atAGlanceFacts': [{'factValue': '1989', 'factLabel': 'Year built'}, {'factValue': '2017', 'factLabel': 'Remodeled year'}, {'factValue': '', 'factLabel': 'Heating'}, {'factValue': '', 'factLabel': 'Cooling'}, {'factValue': '', 'factLabel': 'Parking'}, {'factValue': '3,350 Sq. Ft.', 'factLabel': 'lotsize'}, {'factValue': '$588 / Sq. Ft.', 'factLabel': 'Price/sqft'}]}",1,Washington,"[{'rating': ['10', '8', '9'], 'data': {'Distance': ['0.3 mi', '1.5 mi', '1.1 mi'], 'Grades': ['Preschool to 5', '6 to 8', '9 to 12']}, 'name': ['Eaton Elementary School', 'Hardy Middle School', 'Wilson High School']}]","4,900",20008,,DC,,,,DCDC450416,"2,879,000"
P,,Single Family Home,5102 S Pine St,1,"{'atAGlanceFacts': [{'factValue': '1924', 'factLabel': 'Year built'}, {'factValue': '', 'factLabel': 'Remodeled year'}, {'factValue': '', 'factLabel': 'Heating'}, {'factValue': '', 'factLabel': 'Cooling'}, {'factValue': '', 'factLabel': 'Parking'}, {'factValue': '6098', 'factLabel': 'lotsize'}, {'factValue': '$230', 'factLabel': 'Price/sqft'}]}",,Tacoma,"[{'rating': ['4', '2', '2', '2', '2', '1', 'NR', 'NR'], 'data': {'Distance': ['0.5 mi', '1.1 mi', '2.3 mi', '1.2 mi', '0.7 mi', '1.4 mi', '0.5 mi', '0.9 mi'], 'Grades': ['PK–5', '6–8', '9–12', 'PK–5', '6–8', '9–12', 'PK–8', 'PK–12']}, 'name': ['Edison School', 'Gray Middle School', 'Foss School', 'Reed School', 'Angelo Giaudrone Middle School', 'Oakland Alternative High School', 'Visitation Catholic Private School', 'Tacoma Baptist Private Schools']}]",1196,98409,3.0,WA,,,,1540207,"$274,500"
for sale,,condo,301 SW 135th Ave #107C,2 Baths,"{'atAGlanceFacts': [{'factValue': '1985', 'factLabel': 'Year built'}, {'factValue': '1986', 'factLabel': 'Remodeled year'}, {'factValue': 'Electric', 'factLabel': 'Heating'}, {'factValue': '', 'factLabel': 'Cooling'}, {'factValue': '', 'factLabel': 'Parking'}, {'factValue': '985 sqft', 'factLabel': 'lotsize'}, {'factValue': '$168/sqft', 'factLabel': 'Price/sqft'}]}",,Pembroke Pines,"[{'rating': ['8/10', '7/10', '7/10'], 'data': {'Distance': ['0.73mi', '1.16mi', '0.63mi'], 'Grades': ['6-8', '9-12', 'PK-5']}, 'name': ['Walter C. Young Middle School', 'Charles W Flanagan High School', 'Lakeside Elementary School']}]",953 sqft,33027,2 Beds,FL,4.0,,,H10752034,"$159,900"
Active,,Condo/Townhome/Row Home/Co-Op,5374 Diplomat Ct Unit 107,2,"{'atAGlanceFacts': [{'factValue': '2014', 'factLabel': 'Year built'}, {'factValue': '', 'factLabel': 'Remodeled year'}, {'factValue': 'Central', 'factLabel': 'Heating'}, {'factValue': 'Central Air', 'factLabel': 'Cooling'}, {'factValue': '', 'factLabel': 'Parking'}, {'factValue': '871', 'factLabel': 'lotsize'}, {'factValue': '$185', 'factLabel': 'Price/sqft'}]}",,Kissimmee,"[{'rating': ['4', '4', '6', '9', '4', 'NR', 'NR', 'NR'], 'data': {'Distance': ['7.4 mi', '3.9 mi', '5.0 mi', '3.0 mi', '3.6 mi', '5.2 mi', '2.7 mi', '3.1 mi'], 'Grades': ['PK–5', '6–8', '9–12', 'K–8', 'K–8', '7–12', 'PK–12', 'PK–1']}, 'name': ['Reedy Creek Elementary School', 'Kissimmee Middle School', 'Celebration High School', 'Celebration School', 'Renaissance Charter School At Tapestry', 'Oasis Adolescent Campus School', 'Celebration Academy Private School', 'Creation Kids Village Private School']}]",1300,34746,3,FL,2,,,S5021143,"$240,000"
for sale,,townhouse,3516 Joyce St,,"{'atAGlanceFacts': [{'factValue': '1920', 'factLabel': 'Year built'}, {'factValue': '', 'factLabel': 'Remodeled year'}, {'factValue': 'Forced Air', 'factLabel': 'Heating'}, {'factValue': 'None', 'factLabel': 'Cooling'}, {'factValue': '', 'factLabel': 'Parking'}, {'factValue': '727 sqft', 'factLabel': 'lotsize'}, {'factValue': '$74/sqft', 'factLabel': 'Price/sqft'}]}",,Philadelphia,"[{'rating': ['1/10', '1/10', '2/10'], 'data': {'Distance': ['1.6mi', '2.1mi', '0.17mi'], 'Grades': ['9-12', '9-12', 'PK-5']}, 'name': ['Kensington Culinary Arts', 'Kensington Creative & Performing Arts High School', 'Webster School']}]",806 sqft,19134,3 Beds,PA,2.0,,,PAPH843568,"$59,900"
for sale,,single-family home,316 Johnson Bayou Dr,3 Baths,"{'atAGlanceFacts': [{'factValue': '2016', 'factLabel': 'Year built'}, {'factValue': '2016', 'factLabel': 'Remodeled year'}, {'factValue': 'Forced Air', 'factLabel': 'Heating'}, {'factValue': 'Central', 'factLabel': 'Cooling'}, {'factValue': 'Attached Garage', 'factLabel': 'Parking'}, {'factValue': '7,500 sqft', 'factLabel': 'lotsize'}, {'factValue': '$190/sqft', 'factLabel': 'Price/sqft'}]}",,Panama City Beach,"[{'rating': ['5/10', '7/10'], 'data': {'Distance': ['1.6mi', '0.69mi'], 'Grades': ['PK-8', 'PK-12']}, 'name': ['Breakfast Point Academy', 'J.R. Arnold High School']}]","2,516 sqft",32407,4 Beds,FL,1.0,,,691745,"$479,000"
For sale,,Single Family,3016 Stanford Rd,Bathrooms: 2,"{'atAGlanceFacts': [{'factValue': '1949', 'factLabel': 'Year built'}, {'factValue': '1965', 'factLabel': 'Remodeled year'}, {'factValue': 'Forced air', 'factLabel': 'Heating'}, {'factValue': 'Central', 'factLabel': 'Cooling'}, {'factValue': '1 space', 'factLabel': 'Parking'}, {'factValue': '5,850 sqft lot', 'factLabel': 'lotsize'}, {'factValue': '$208', 'factLabel': 'Price/sqft'}]}",,West Palm Beach,"[{'rating': ['5/10', '5/10', '3/10'], 'data': {'Distance': ['0.3 mi', '0.6 mi', '2.1 mi'], 'Grades': ['PK-5', '6-8', '9-12']}, 'name': ['Belvedere Elementary School', 'Conniston Middle School', 'Forest Hill Community High School']}]","Total interior livable area: 1,419 sqft",33405,3 bd,FL,1.0,RX-10563957,,,"$295,000"
for sale,,condo,545 N Dearborn St #2511,2 Baths,"{'atAGlanceFacts': [{'factValue': '2003', 'factLabel': 'Year built'}, {'factValue': '', 'factLabel': 'Remodeled year'}, {'factValue': 'Forced Air', 'factLabel': 'Heating'}, {'factValue': 'Central', 'factLabel': 'Cooling'}, {'factValue': 'Attached Garage', 'factLabel': 'Parking'}, {'factValue': '', 'factLabel': 'lotsize'}, {'factValue': None, 'factLabel': 'Price/sqft'}]}",,Chicago,"[{'rating': ['1/10', '4/10', '7/10'], 'data': {'Distance': ['6.83mi', '2.1mi', '0.57mi'], 'Grades': ['9-12', '9-12', 'PK-8']}, 'name': ['Hope College Prep High School', 'Wells Community Academy High School', 'Ogden Elementary School']}]",,60654,2 Beds,IL,2.0,,,10435919,"$525,000"
for sale,,multi-family,211 McClelland Ave,2 Baths,"{'atAGlanceFacts': [{'factValue': '1915', 'factLabel': 'Year built'}, {'factValue': '', 'factLabel': 'Remodeled year'}, {'factValue': 'Baseboard', 'factLabel': 'Heating'}, {'factValue': 'Wall', 'factLabel': 'Cooling'}, {'factValue': '', 'factLabel': 'Parking'}, {'factValue': '6,229 sqft', 'factLabel': 'lotsize'}, {'factValue': '$63/sqft', 'factLabel': 'Price/sqft'}]}",,Cincinnati,"[{'rating': ['3/10'], 'data': {'Distance': ['0.14mi'], 'Grades': ['7-12']}, 'name': ['St Bernard-Elmwood Place High School']}]","2,220 sqft",45217,3 Beds,OH,2.0,,,1639183,"$139,000"
For sale,,Single Family,41515 67th St W,Bathrooms: 4,"{'atAGlanceFacts': [{'factValue': '2018', 'factLabel': 'Year built'}, {'factValue': '', 'factLabel': 'Remodeled year'}, {'factValue': 'Other', 'factLabel': 'Heating'}, {'factValue': '', 'factLabel': 'Cooling'}, {'factValue': 'Attached Garage', 'factLabel': 'Parking'}, {'factValue': '0.47 acres lot', 'factLabel': 'lotsize'}, {'factValue': '$209', 'factLabel': 'Price/sqft'}]}","Family Room, Master Bedroom",Palmdale,"[{'rating': ['3/10', '5/10', '7/10'], 'data': {'Distance': ['3 mi', '1.5 mi', '1.6 mi'], 'Grades': ['K-6', '6-8', '9-12']}, 'name': ['Sundown Elementary School', 'Joe Walker Middle School', 'Quartz Hill High School']}]","Total interior livable area: 2,650 sqft",93551,4 bd,CA,1.0,19010445,,,"$555,000"
for sale,,single-family home,895 E Catalina Cir,2 Baths,"{'atAGlanceFacts': [{'factValue': '1988', 'factLabel': 'Year built'}, {'factValue': '1988', 'factLabel': 'Remodeled year'}, {'factValue': 'Forced Air', 'factLabel': 'Heating'}, {'factValue': 'Central', 'factLabel': 'Cooling'}, {'factValue': 'Attached Garage', 'factLabel': 'Parking'}, {'factValue': '8,750 sqft', 'factLabel': 'lotsize'}, {'factValue': '$222/sqft', 'factLabel': 'Price/sqft'}]}",yes,Fresno,"[{'rating': ['9/10', '8/10', '10/10'], 'data': {'Distance': ['1.99mi', '2.66mi', '0.84mi'], 'Grades': ['9-12', '7-8', 'K-6']}, 'name': ['Clovis West High School', 'Kastner Intermediate School', 'Valley Oak Elementary School']}]","1,804 sqft",93730,3 Beds,CA,1.0,,,534764,"$400,000"
Active,,Single Family Home,16884 W. Vereda Solana Drive,3,"{'atAGlanceFacts': [{'factValue': '', 'factLabel': 'Year built'}, {'factValue': '', 'factLabel': 'Remodeled year'}, {'factValue': '', 'factLabel': 'Heating'}, {'factValue': '', 'factLabel': 'Cooling'}, {'factValue': '', 'factLabel': 'Parking'}, {'factValue': None, 'factLabel': 'lotsize'}, {'factValue': '$157', 'factLabel': 'Price/sqft'}]}",,Surprise,"[{'rating': ['5', '9', '6', '7', '7', 'NR', 'NR', 'NR'], 'data': {'Distance': ['4.5 mi', '4.7 mi', '4.7 mi', '5.0 mi', '5.1 mi', '4.7 mi', '4.4 mi', '4.4 mi'], 'Grades': ['PK–8', 'PK–8', '9–12', 'PK–8', 'PK–8', '9–12', 'K–6', 'PK–2']}, 'name': ['Kingswood Elementary School', 'Canyon Ridge School', 'Willow Canyon High School', 'Cimarron Springs Elementary School', 'Western Peaks Elementary School', 'West-Mec - Willow Canyon High School', 'The Palms Christian Private School', 'Above and Beyond Childcare Private School']}]","2,025",85387,4,AZ,,,,161221129,"$316,990"
for sale,,single-family home,1440 Live Oak Cemetery Rd,3 Baths,"{'atAGlanceFacts': [{'factValue': '2005', 'factLabel': 'Year built'}, {'factValue': '2006', 'factLabel': 'Remodeled year'}, {'factValue': 'Forced Air', 'factLabel': 'Heating'}, {'factValue': 'Central', 'factLabel': 'Cooling'}, {'factValue': 'Attached Garage', 'factLabel': 'Parking'}, {'factValue': '9.99 acres', 'factLabel': 'lotsize'}, {'factValue': '$122/sqft', 'factLabel': 'Price/sqft'}]}",yes,Killeen,"[{'rating': ['4/10', '4/10', '2/10'], 'data': {'Distance': ['11.03mi', '11.85mi', '11.93mi'], 'Grades': ['PK-5', '6-8', '9-12']}, 'name': ['Florence Elementary School', 'Florence Middle School', 'Florence High School']}]","4,194 sqft",76542,5 Beds,TX,1.0,,yes,383025,"$509,900"
Active,,Single Family Home,17743 12th Ave NE,2,"{'atAGlanceFacts': [{'factValue': '1951', 'factLabel': 'Year built'}, {'factValue': '', 'factLabel': 'Remodeled year'}, {'factValue': '', 'factLabel': 'Heating'}, {'factValue': '', 'factLabel': 'Cooling'}, {'factValue': 'Detached parking', 'factLabel': 'Parking'}, {'factValue': '7405', 'factLabel': 'lotsize'}, {'factValue': '$479', 'factLabel': 'Price/sqft'}]}",,Shoreline,"[{'rating': ['7', '6', '8', 'NR', 'NR', 'NR', 'NR', 'NR'], 'data': {'Distance': ['0.7 mi', '1.1 mi', '1.4 mi', '0.6 mi', '0.7 mi', '1.3 mi', '0.2 mi', '1.3 mi'], 'Grades': ['K–6', '7–8', '9–12', 'K–10', 'PK–12', 'K–12', 'PK–8', 'PK–5']}, 'name': ['Ridgecrest Elementary School', 'Kellogg Middle School', 'Shorecrest High School', 'Aldercrest Annex Home Exchange School', 'Handicapped Contractual Services School', 'Fircrest Residential Habilitation School', 'St Mark Private School', 'Living Wisdom Private School of Seattle']}]",1460,98155,4,WA,,,,1503256,"$700,000"
For sale,,Multi Family,7 Crescent Pl,Bathrooms: 2,"{'atAGlanceFacts': [{'factValue': '1907', 'factLabel': 'Year built'}, {'factValue': '', 'factLabel': 'Remodeled year'}, {'factValue': 'Other', 'factLabel': 'Heating'}, {'factValue': 'Wall', 'factLabel': 'Cooling'}, {'factValue': '', 'factLabel': 'Parking'}, {'factValue': '2,404 sqft lot', 'factLabel': 'lotsize'}, {'factValue': '$294', 'factLabel': 'Price/sqft'}]}",Yes,Yonkers,"[{'rating': ['6/10', '4/10'], 'data': {'Distance': ['0.2 mi', '0.8 mi'], 'Grades': ['PK-6', 'PK-12']}, 'name': ['Rosmarie Ann Siragusa School', 'Yonkers Montessori Academy']}]","Total interior livable area: 2,208 sqft",10704,5 bd,NY,2.0,5112152,,,"$650,000"
for sale,,condo,831 N Fairfield Ave #2,3 Baths,"{'atAGlanceFacts': [{'factValue': '1885', 'factLabel': 'Year built'}, {'factValue': '', 'factLabel': 'Remodeled year'}, {'factValue': 'Gas', 'factLabel': 'Heating'}, {'factValue': 'Central', 'factLabel': 'Cooling'}, {'factValue': '1', 'factLabel': 'Parking'}, {'factValue': '3,150 sqft', 'factLabel': 'lotsize'}, {'factValue': '$318/sqft', 'factLabel': 'Price/sqft'}]}",,Chicago,"[{'rating': ['2/10', '1/10'], 'data': {'Distance': ['0.34mi', '7.64mi'], 'Grades': ['PK-8', '9-12']}, 'name': ['Chopin Elementary School', 'Hope College Prep High School']}]","2,000 sqft",60622,3 Beds,IL,3,,,10478753,"$635,000"
Pre-foreclosure,,Single Family,2322 Brigden Rd,Bathrooms: 2,"{'atAGlanceFacts': [{'factValue': '1941', 'factLabel': 'Year built'}, {'factValue': '1941', 'factLabel': 'Remodeled year'}, {'factValue': 'Other', 'factLabel': 'Heating'}, {'factValue': '', 'factLabel': 'Cooling'}, {'factValue': '1 space', 'factLabel': 'Parking'}, {'factValue': '9,356 sqft', 'factLabel': 'lotsize'}, {'factValue': '', 'factLabel': 'Price/sqft'}]}",,Pasadena,"[{'rating': ['6/10', '2/10', '6/10'], 'data': {'Distance': ['0.4 mi', '2.1 mi', '0.8 mi'], 'Grades': ['K-5', '6-8', '9-12']}, 'name': ['Daniel Webster', 'Charles W. Eliot Middle School', 'Pasadena High School']}]","Total interior livable area: 1,870 sqft",91104,3 bd,CA,1.0,,,,"$888,849"
for sale,,single-family home,Residence Three Plan in Tovara West,4 Baths,"{'atAGlanceFacts': [{'factValue': '', 'factLabel': 'Year built'}, {'factValue': '', 'factLabel': 'Remodeled year'}, {'factValue': '', 'factLabel': 'Heating'}, {'factValue': '', 'factLabel': 'Cooling'}, {'factValue': '', 'factLabel': 'Parking'}, {'factValue': '', 'factLabel': 'lotsize'}, {'factValue': '$294/sqft', 'factLabel': 'Price/sqft'}]}",,Sylmar,"[{'rating': ['5/10', '2/10', '3/10'], 'data': {'Distance': ['1.18mi', '0.37mi', '1.54mi'], 'Grades': ['9-12', 'K-5', '6-8']}, 'name': ['Sylmar Senior High School', 'Gridley Street Elementary School', 'San Fernando Middle School']}]","1,714 sqft",91342,5 Beds,CA,1.0,,yes,,"$503,900+"
for sale,,condo,17281 Front Beach Rd #1002,3 Baths,"{'atAGlanceFacts': [{'factValue': '2008', 'factLabel': 'Year built'}, {'factValue': '2008', 'factLabel': 'Remodeled year'}, {'factValue': '', 'factLabel': 'Heating'}, {'factValue': '', 'factLabel': 'Cooling'}, {'factValue': '1', 'factLabel': 'Parking'}, {'factValue': '', 'factLabel': 'lotsize'}, {'factValue': '$372/sqft', 'factLabel': 'Price/sqft'}]}",,Panama City Beach,"[{'rating': ['6/10', '7/10'], 'data': {'Distance': ['2.82mi', '5.1mi'], 'Grades': ['6-8', 'PK-12']}, 'name': ['Surfside Middle School', 'J.R. Arnold High School']}]","1,475 sqft",32413,3 Beds,FL,1.0,,yes,683130,"$549,000"
Pre-foreclosure,,Single Family,2585 Rosy Sunrise St,,"{'atAGlanceFacts': [{'factValue': '2001', 'factLabel': 'Year built'}, {'factValue': '', 'factLabel': 'Remodeled year'}, {'factValue': 'Forced air', 'factLabel': 'Heating'}, {'factValue': 'Central', 'factLabel': 'Cooling'}, {'factValue': 'Attached Garage', 'factLabel': 'Parking'}, {'factValue': '4,791 sqft', 'factLabel': 'lotsize'}, {'factValue': '', 'factLabel': 'Price/sqft'}]}",,Las Vegas,"[{'rating': ['7/10', '3/10', '4/10'], 'data': {'Distance': ['0.8 mi', '1 mi', '0.2 mi'], 'Grades': ['PK-5', '6-8', '9-12']}, 'name': ['Mervin Iverson Elementary School', 'Kathleen & Tim Harney Middle School', 'Las Vegas High School']}]",,89142,4 bd,NV,,,,,"$222,545"
for sale,,single-family home,2730 Woodspring Forest Dr,3 Baths,"{'atAGlanceFacts': [{'factValue': '2005', 'factLabel': 'Year built'}, {'factValue': '2005', 'factLabel': 'Remodeled year'}, {'factValue': 'Other', 'factLabel': 'Heating'}, {'factValue': 'Central', 'factLabel': 'Cooling'}, {'factValue': 'Attached Garage', 'factLabel': 'Parking'}, {'factValue': '5,502 sqft', 'factLabel': 'lotsize'}, {'factValue': '$94/sqft', 'factLabel': 'Price/sqft'}]}",yes,Kingwood,"[{'rating': ['9/10', '7/10', '9/10'], 'data': {'Distance': ['1.72mi', '0.89mi', '3.23mi'], 'Grades': ['6-8', 'PK-5', '9-12']}, 'name': ['Creekwood Middle School', 'Hidden Hollow El', 'Kingwood High School']}]","2,344 sqft",77345,5 Beds,TX,2.0,,,773273,"$220,000"
for sale,,single-family home,7934 Glasgow Dr,2 Baths,"{'atAGlanceFacts': [{'factValue': '2016', 'factLabel': 'Year built'}, {'factValue': '', 'factLabel': 'Remodeled year'}, {'factValue': 'Forced Air', 'factLabel': 'Heating'}, {'factValue': 'Central', 'factLabel': 'Cooling'}, {'factValue': '', 'factLabel': 'Parking'}, {'factValue': '7,144 sqft', 'factLabel': 'lotsize'}, {'factValue': '$144/sqft', 'factLabel': 'Price/sqft'}]}",,San Antonio,"[{'rating': ['2/10', '2/10', '3/10'], 'data': {'Distance': ['1.85mi', '0.53mi', '7.51mi'], 'Grades': ['6-8', 'PK-3', '9-12']}, 'name': ['Legacy Middle School', 'Highland Forest Elementary School', 'East Central High School']}]","1,759 sqft",78223,3 Beds,TX,1.0,,,1414424,"$252,555"
Active,,Single Family Home,5623 Belrose Dr,2,"{'atAGlanceFacts': [{'factValue': '1958', 'factLabel': 'Year built'}, {'factValue': '', 'factLabel': 'Remodeled year'}, {'factValue': '', 'factLabel': 'Heating'}, {'factValue': 'Central Electric', 'factLabel': 'Cooling'}, {'factValue': '', 'factLabel': 'Parking'}, {'factValue': '8400', 'factLabel': 'lotsize'}, {'factValue': '$171', 'factLabel': 'Price/sqft'}]}",,Houston,"[{'rating': ['3', '7', '2', '8', '1', '8', 'NR', 'NR'], 'data': {'Distance': ['0.4 mi', '1.3 mi', '0.4 mi', '0.8 mi', '1.1 mi', '1.6 mi', '1.1 mi', '1.1 mi'], 'Grades': ['PK–5', '6–8', '9–12', 'PK–5', 'K–8', '9–12', 'PK–12', '7–12']}, 'name': ['Anderson Elementary School', 'Johnston Middle School', 'Westbury High School', 'Parker Elementary School', 'The Varnett School Southeast', 'Harmony Science Academy School', 'Westbury Christian Lower Private School', 'Westbury Christian Upper Private School']}]",2270,77035,3.0,TX,1,,,95202641,"$388,800"
for sale,,single-family home,1011 Collier St,,"{'atAGlanceFacts': [{'factValue': '1930', 'factLabel': 'Year built'}, {'factValue': '2016', 'factLabel': 'Remodeled year'}, {'factValue': 'Forced Air', 'factLabel': 'Heating'}, {'factValue': 'Central', 'factLabel': 'Cooling'}, {'factValue': 'Detached Garage', 'factLabel': 'Parking'}, {'factValue': '6,795 sqft', 'factLabel': 'lotsize'}, {'factValue': '$77/sqft', 'factLabel': 'Price/sqft'}]}",,Indianapolis,"[{'rating': ['None/10', '4/10', '2/10', '3/10', '5/10'], 'data': {'Distance': ['3.76mi', '2.03mi', '3.9mi', '0.98mi', '2.09mi'], 'Grades': ['9', '10-12', '10-12', 'PK-6', '7-8']}, 'name': ['Ben Davis Ninth Grade Center', 'Ben Davis University High School', 'Ben Davis High School', 'Maplewood Elementary School', 'Lynhurst 7th & 8th Grade Center']}]","1,012 sqft",46241,3 Beds,IN,,,,21685007,"$77,900"
,,Single Family,4801 Griggs Rd # B,3,"{'atAGlanceFacts': [{'factValue': '2019', 'factLabel': 'Year built'}, {'factValue': None, 'factLabel': 'Remodeled year'}, {'factValue': 'Electric', 'factLabel': 'Heating'}, {'factValue': 'Central', 'factLabel': 'Cooling'}, {'factValue': 'Attached Garage', 'factLabel': 'Parking'}, {'factValue': '7,100 sqft', 'factLabel': 'lotsize'}, {'factValue': '$151', 'factLabel': 'Price/sqft'}]}",,Houston,"[{'rating': ['5/10', '1/10', '2/10'], 'data': {'Distance': ['0.7 mi', '1.4 mi', '1.5 mi'], 'Grades': ['PK-5', '6-8', '9-12']}, 'name': ['Peck Elementary School', 'Cullen Middle School', 'Yates High School']}]","2,750",77021,4,TX,2.0,,," B, Houston, TX 77021","$415,000"
for sale,,lot/land,4303 W Rose Hill Dr,,"{'atAGlanceFacts': [{'factValue': '', 'factLabel': 'Year built'}, {'factValue': '', 'factLabel': 'Remodeled year'}, {'factValue': '', 'factLabel': 'Heating'}, {'factValue': '', 'factLabel': 'Cooling'}, {'factValue': '', 'factLabel': 'Parking'}, {'factValue': '7061 sqft', 'factLabel': 'lotsize'}, {'factValue': None, 'factLabel': 'Price/sqft'}]}",,Los Angeles,"[{'rating': ['4/10', '5/10', '4/10', '5/10'], 'data': {'Distance': ['1.05mi', '0.26mi', '1.01mi', '0.78mi'], 'Grades': ['6-8', 'K-6', '9-12', '9-12']}, 'name': ['El Sereno Middle School', 'Huntington Drive Elementary School', 'Woodrow Wilson Senior High School', 'Abraham Lincoln Senior High School']}]",,90032,,CA,,,,19490144,"$59,900"
for sale,,townhouse,2865 Westhollow Dr,3 Baths,"{'atAGlanceFacts': [{'factValue': '2008', 'factLabel': 'Year built'}, {'factValue': '2008', 'factLabel': 'Remodeled year'}, {'factValue': 'Other', 'factLabel': 'Heating'}, {'factValue': 'Central', 'factLabel': 'Cooling'}, {'factValue': 'Attached Garage', 'factLabel': 'Parking'}, {'factValue': '1,760 sqft', 'factLabel': 'lotsize'}, {'factValue': '$92/sqft', 'factLabel': 'Price/sqft'}]}",yes,Houston,"[{'rating': ['4/10', '4/10', '6/10', '5/10'], 'data': {'Distance': ['2.68mi', '3.4mi', '1.36mi', '1.88mi'], 'Grades': ['9-12', 'PK-4', '7-8', '5-6']}, 'name': ['Hastings High School', 'Holmquist Elementary School', ""O'donnell Middle School"", 'Budewig Intermediate School']}]","2,265 sqft",77082,3 Beds,TX,2.0,,,32581419,"$207,900"
,,Single Family,9627 Philmont Dr,2,"{'atAGlanceFacts': [{'factValue': '1970', 'factLabel': 'Year built'}, {'factValue': '1970', 'factLabel': 'Remodeled year'}, {'factValue': 'Other', 'factLabel': 'Heating'}, {'factValue': 'Central', 'factLabel': 'Cooling'}, {'factValue': '2 spaces', 'factLabel': 'Parking'}, {'factValue': '6,930 sqft', 'factLabel': 'lotsize'}, {'factValue': '$165', 'factLabel': 'Price/sqft'}]}",,Houston,"[{'rating': ['3/10', '3/10', '2/10'], 'data': {'Distance': ['1.3 mi', '0.3 mi', '0.6 mi'], 'Grades': ['PK-5', '6-8', '9-12']}, 'name': ['Terrace Elementary School', 'Northbrook Middle School', 'Northbrook High School']}]","1,518",77080,3,TX,1.0,,,66646813,"$249,900"
for sale,,single-family home,1718 Ferry Ave SW,4 Baths,"{'atAGlanceFacts': [{'factValue': '2010', 'factLabel': 'Year built'}, {'factValue': '', 'factLabel': 'Remodeled year'}, {'factValue': 'Forced Air', 'factLabel': 'Heating'}, {'factValue': 'Central', 'factLabel': 'Cooling'}, {'factValue': 'Attached Garage', 'factLabel': 'Parking'}, {'factValue': '5,058 sqft', 'factLabel': 'lotsize'}, {'factValue': '$510/sqft', 'factLabel': 'Price/sqft'}]}",yes,Seattle,"[{'rating': ['6/10', '7/10', '6/10'], 'data': {'Distance': ['0.56mi', '1.08mi', '0.75mi'], 'Grades': ['K-5', '6-8', '9-12']}, 'name': ['Lafayette Elementary School', 'Madison Middle School', 'West Seattle High School']}]","3,524 sqft",98116,4 Beds,WA,2.0,,,1496591,"$1,799,000"
for sale,,single-family home,7315 Sparrow Point Ln,4 Baths,"{'atAGlanceFacts': [{'factValue': '2004', 'factLabel': 'Year built'}, {'factValue': '2004', 'factLabel': 'Remodeled year'}, {'factValue': 'Forced Air', 'factLabel': 'Heating'}, {'factValue': 'Central', 'factLabel': 'Cooling'}, {'factValue': 'Attached Garage', 'factLabel': 'Parking'}, {'factValue': '10018 sqft', 'factLabel': 'lotsize'}, {'factValue': '$96/sqft', 'factLabel': 'Price/sqft'}]}",yes,Sachse,"[{'rating': ['10/10', '8/10', '10/10', '9/10'], 'data': {'Distance': ['1.61mi', '5.5mi', '5.5mi', '5.5mi'], 'Grades': ['7-8', '5-6', 'PK-4', '9-12']}, 'name': ['Raymond B Cooper J High School', 'Dr Al Draper Intermed', 'Don Whitt Elementary School', 'Wylie High School']}]","3,518 sqft",75048,5 Beds,TX,2.0,,,14199594,"$339,000"
for sale,,lot/land,242 Narthex Ave S,,"{'atAGlanceFacts': [{'factValue': '', 'factLabel': 'Year built'}, {'factValue': '', 'factLabel': 'Remodeled year'}, {'factValue': '', 'factLabel': 'Heating'}, {'factValue': '', 'factLabel': 'Cooling'}, {'factValue': '', 'factLabel': 'Parking'}, {'factValue': '0.25 acres', 'factLabel': 'lotsize'}, {'factValue': None, 'factLabel': 'Price/sqft'}]}",,Lehigh Acres,"[{'rating': ['2/10', '2/10', '4/10', '2/10', '2/10', '5/10', '3/10'], 'data': {'Distance': ['2.54mi', '3.53mi', '3.61mi', '2.75mi', '16.35mi', '3.77mi', '4.8mi'], 'Grades': ['9-12', 'PK-5', '6-8', 'PK-5', '9-12', 'PK-8', 'PK-5']}, 'name': ['East Lee County High School', 'Lehigh Elementary School', 'Lehigh Acres Middle School', 'Mirror Lakes Elementary School', 'Dunbar High School', 'Veterans Park Academy For The Arts', 'G. Weaver Hipps Elementary School']}]",,33974,,FL,,,,219024568,"$7,500"
for sale,,single-family home,9023 Colfax Rdg,4 Baths,"{'atAGlanceFacts': [{'factValue': '2005', 'factLabel': 'Year built'}, {'factValue': '', 'factLabel': 'Remodeled year'}, {'factValue': 'Forced Air', 'factLabel': 'Heating'}, {'factValue': 'Central', 'factLabel': 'Cooling'}, {'factValue': 'Attached Garage', 'factLabel': 'Parking'}, {'factValue': '0.48 acres', 'factLabel': 'lotsize'}, {'factValue': '$111/sqft', 'factLabel': 'Price/sqft'}]}",yes,Helotes,"[{'rating': ['8/10', '10/10', '9/10'], 'data': {'Distance': ['1.55mi', '0.36mi', '0.96mi'], 'Grades': ['9-12', 'PK-5', '6-8']}, 'name': ['Brandeis High School', 'Beard Elementary School', 'Garcia Middle School']}]","3,421 sqft",78023,5 Beds,TX,2.0,,,1412494,"$380,000"
for sale,,condo,7500 Toscana Blvd #312,2 Baths,"{'atAGlanceFacts': [{'factValue': '2006', 'factLabel': 'Year built'}, {'factValue': '2007', 'factLabel': 'Remodeled year'}, {'factValue': 'Forced Air', 'factLabel': 'Heating'}, {'factValue': 'Central', 'factLabel': 'Cooling'}, {'factValue': 'Attached Garage', 'factLabel': 'Parking'}, {'factValue': '1,657 sqft', 'factLabel': 'lotsize'}, {'factValue': '$157/sqft', 'factLabel': 'Price/sqft'}]}",,Orlando,"[{'rating': ['9/10', '6/10', '5/10', '7/10', '7/10'], 'data': {'Distance': ['0.78mi', '1.02mi', '1.28mi', '6.91mi', '6.91mi'], 'Grades': ['PK-5', 'PK-12', '6-8', 'K-8', '9-12']}, 'name': ['Dr. Phillips Elementary School', 'Dr. Phillips High School', 'Southwest Middle School', 'Cornerstone Academy Charter', 'Cornerstone Charter Academy High School']}]","2,030 sqft",32819,2 Beds,FL,4.0,,,O5812756,"$319,000"
For sale,,Single Family,7111 S Shore Dr S,Bathrooms: 2,"{'atAGlanceFacts': [{'factValue': '1984', 'factLabel': 'Year built'}, {'factValue': '1988', 'factLabel': 'Remodeled year'}, {'factValue': 'Forced air', 'factLabel': 'Heating'}, {'factValue': 'Central', 'factLabel': 'Cooling'}, {'factValue': '2 spaces', 'factLabel': 'Parking'}, {'factValue': '6,939 sqft lot', 'factLabel': 'lotsize'}, {'factValue': '$226', 'factLabel': 'Price/sqft'}]}",Yes,South Pasadena,"[{'rating': ['2/10', '2/10', '4/10'], 'data': {'Distance': ['1.9 mi', '3 mi', '2 mi'], 'Grades': ['PK-5', '6-8', '9-12']}, 'name': ['Bear Creek Elementary School', 'Azalea Middle School', 'Boca Ciega High School']}]","Total interior livable area: 2,028 sqft",33707,3 bd,FL,0.0,U8056657,,,"$459,000"
Active,,,17312 Pheasant Cir ,,"{'atAGlanceFacts': [{'factValue': '', 'factLabel': 'Year built'}, {'factValue': '', 'factLabel': 'Remodeled year'}, {'factValue': '', 'factLabel': 'Heating'}, {'factValue': '', 'factLabel': 'Cooling'}, {'factValue': '', 'factLabel': 'Parking'}, {'factValue': '0.43 Acres', 'factLabel': 'lotsize'}, {'factValue': None, 'factLabel': 'Price/sqft'}]}",,PORT CHARLOTTE,"[{'rating': ['4', '4', '6'], 'data': {'Distance': ['2.7 mi', '2.2 mi', '2.5 mi'], 'Grades': ['Preschool to 5', '6 to 8', '9 to 12']}, 'name': ['Meadow Park Elementary School', 'Murdock Middle School', 'Port Charlotte High School']}]",,33948,,FL,,,,D6108401,"64,900"
For sale,,Multi Family,4059 Allendale Ave,8.0,"{'atAGlanceFacts': [{'factValue': '1968', 'factLabel': 'Year built'}, {'factValue': None, 'factLabel': 'Remodeled year'}, {'factValue': 'Gas', 'factLabel': 'Heating'}, {'factValue': 'None', 'factLabel': 'Cooling'}, {'factValue': '7 spaces', 'factLabel': 'Parking'}, {'factValue': None, 'factLabel': 'lotsize'}, {'factValue': '$402', 'factLabel': 'Price/sqft'}]}",,Oakland,"[{'rating': ['3/10', '1/10'], 'data': {'Distance': ['0.5 mi', '0.7 mi'], 'Grades': ['PK-8', '9-12']}, 'name': ['Melrose Leadership Academy', 'Fremont High']}]","5,225 sqft",94619,14,CA,2,,,40888099,"$2,100,000"
,,Condo,848 Brickell Key Dr APT 506,4.0,"{'atAGlanceFacts': [{'factValue': '2001', 'factLabel': 'Year built'}, {'factValue': '2001', 'factLabel': 'Remodeled year'}, {'factValue': 'Forced air', 'factLabel': 'Heating'}, {'factValue': 'Central', 'factLabel': 'Cooling'}, {'factValue': '2 spaces', 'factLabel': 'Parking'}, {'factValue': None, 'factLabel': 'lotsize'}, {'factValue': '$720', 'factLabel': 'Price/sqft'}]}",,Miami,"[{'rating': ['10/10', '2/10'], 'data': {'Distance': ['20.9 mi', '1.7 mi'], 'Grades': ['PK-8', '9-12']}, 'name': ['Air Base Elementary School', 'Booker T. Washington Senior High School']}]","2,293 sqft",33131,3,FL,,,,A10761017,"$1,650,000"
Pre-foreclosure,,Single Family,25 Copeland Pl,Bathrooms: 1,"{'atAGlanceFacts': [{'factValue': '1927', 'factLabel': 'Year built'}, {'factValue': '', 'factLabel': 'Remodeled year'}, {'factValue': 'Forced air', 'factLabel': 'Heating'}, {'factValue': '', 'factLabel': 'Cooling'}, {'factValue': '2 spaces', 'factLabel': 'Parking'}, {'factValue': '3,000 sqft', 'factLabel': 'lotsize'}, {'factValue': '', 'factLabel': 'Price/sqft'}]}",,Buffalo,"[{'rating': ['2/10', '4/10'], 'data': {'Distance': ['5 mi', '3.4 mi'], 'Grades': ['PK-8', '5-12']}, 'name': ['Buffalo Elementary School Of Technology', 'Buffalo Academy For The Visual And Perform Arts']}]",Total interior livable area: 720 sqft,14207,3 bd,NY,,,,,"$43,364"
for sale,,single-family home,3012 SE 138th Ave,2 Baths,"{'atAGlanceFacts': [{'factValue': '1927', 'factLabel': 'Year built'}, {'factValue': '2001', 'factLabel': 'Remodeled year'}, {'factValue': 'Forced Air', 'factLabel': 'Heating'}, {'factValue': 'Central, Solar', 'factLabel': 'Cooling'}, {'factValue': 'Carport', 'factLabel': 'Parking'}, {'factValue': '0.28 acres', 'factLabel': 'lotsize'}, {'factValue': '$196/sqft', 'factLabel': 'Price/sqft'}]}",,Portland,"[{'rating': ['6/10', '4/10', '5/10'], 'data': {'Distance': ['1.43mi', '1.1mi', '0.6mi'], 'Grades': ['6-8', '9-12', 'K-5']}, 'name': ['Ron Russell Middle School', 'David Douglas High School', 'Lincoln Park Elementary School']}]","1,732 sqft",97236,2 Beds,OR,2.0,,,19592471,"$339,000"
Under Contract,,Single Family Home,804 Rio Grande Ln,2,"{'atAGlanceFacts': [{'factValue': '1980', 'factLabel': 'Year built'}, {'factValue': '', 'factLabel': 'Remodeled year'}, {'factValue': 'Central Electric', 'factLabel': 'Heating'}, {'factValue': '', 'factLabel': 'Cooling'}, {'factValue': '', 'factLabel': 'Parking'}, {'factValue': '8625', 'factLabel': 'lotsize'}, {'factValue': '$142', 'factLabel': 'Price/sqft'}]}",,Bryan,"[{'rating': ['1', '2', '3', '4', '4', '8', 'NR', 'NR'], 'data': {'Distance': ['1.4 mi', '2.1 mi', '2.5 mi', '1.0 mi', '1.3 mi', '1.8 mi', '0.9 mi', '1.0 mi'], 'Grades': ['PK–4', '5–6', '9–12', 'PK–4', 'K–8', '9–12', 'K–12', 'PK–12']}, 'name': ['Mary Branch Elementary School', 'Jane Long School', 'Travis B Bryan High School', 'Crockett Elementary School', 'Harmony Science Academy - Bryan/College Station School', 'Bryan Collegiate High School', 'Cornerstone Christian Academy Private School', ""Saint Michael's Episcopal Private School""]}]",1092,77801,3,TX,One Story,,,19016695,"$155,000"
For sale,,Single Family,1014 Stafford St,1 ba,"{'atAGlanceFacts': [{'factValue': '1929', 'factLabel': 'Year built'}, {'factValue': '', 'factLabel': 'Remodeled year'}, {'factValue': 'Forced air', 'factLabel': 'Heating'}, {'factValue': 'Wall', 'factLabel': 'Cooling'}, {'factValue': '2 spaces', 'factLabel': 'Parking'}, {'factValue': '4,791 sqft', 'factLabel': 'lotsize'}, {'factValue': '$40', 'factLabel': 'Price/sqft'}]}",,Dallas,"[{'rating': ['7/10', '3/10', '3/10'], 'data': {'Distance': ['0.3 mi', '1.9 mi', '1.4 mi'], 'Grades': ['PK-5', '6-8', '9-12']}, 'name': ['Sidney Lanier Expressive Arts Vang', 'Thomas A Edison Middle Learning Ce', 'L G Pinkston High School']}]","5,062 sqft",75208,5 bd,TX,,14138937,,,"$205,000"
Under Contract Backups,,Single Family Home,8020 W Dahlia Dr,2,"{'atAGlanceFacts': [{'factValue': '1988', 'factLabel': 'Year built'}, {'factValue': '', 'factLabel': 'Remodeled year'}, {'factValue': 'Electric Heat', 'factLabel': 'Heating'}, {'factValue': 'Refrigeration, Ceiling Fan(s)', 'factLabel': 'Cooling'}, {'factValue': 'Slab Parking Spaces', 'factLabel': 'Parking'}, {'factValue': '8028', 'factLabel': 'lotsize'}, {'factValue': '$164', 'factLabel': 'Price/sqft'}]}",1 Fireplace,Peoria,"[{'rating': ['7', '7', 'NR', '6', '3', 'NR', 'NR', 'NR'], 'data': {'Distance': ['0.3 mi', '1.0 mi', '1.0 mi', '0.7 mi', '0.9 mi', '1.1 mi', '0.5 mi', '1.2 mi'], 'Grades': ['PK–8', '7–12', '9–12', 'PK–8', 'PK–8', '7–12', 'K–12', 'PK–4']}, 'name': ['Oasis Elementary School', 'Centennial High School', 'West-Mec - Centennial High School', 'Sky View Elementary School', 'Peoria Elementary School', 'West-Mec - Peoria High School', 'Aurora Day Private School', ""Zion's Daycare & Learning Center Private School""]}]",1680,85381,3,AZ,1,,,5982725,"$275,000"
for sale,,single-family home,1604 Bonner St E,3 Baths,"{'atAGlanceFacts': [{'factValue': '2019', 'factLabel': 'Year built'}, {'factValue': '', 'factLabel': 'Remodeled year'}, {'factValue': 'Gas', 'factLabel': 'Heating'}, {'factValue': 'Central', 'factLabel': 'Cooling'}, {'factValue': 'Attached Garage', 'factLabel': 'Parking'}, {'factValue': '2374 sqft', 'factLabel': 'lotsize'}, {'factValue': '$213/sqft', 'factLabel': 'Price/sqft'}]}",,Houston,"[{'rating': ['4/10', '6/10', '4/10'], 'data': {'Distance': ['1.32mi', '1.49mi', '1.42mi'], 'Grades': ['6-8', 'PK-5', '9-12']}, 'name': ['Hogg Middle School', 'Memorial Elementary School', 'Reagan High School']}]","2,248 sqft",77007,3 Beds,TX,2,,,61474977,"$479,900"
foreclosure,,apartment,584 Linwood St,,"{'atAGlanceFacts': [{'factValue': '1930', 'factLabel': 'Year built'}, {'factValue': '', 'factLabel': 'Remodeled year'}, {'factValue': '', 'factLabel': 'Heating'}, {'factValue': '', 'factLabel': 'Cooling'}, {'factValue': '', 'factLabel': 'Parking'}, {'factValue': '1,800 sqft', 'factLabel': 'lotsize'}, {'factValue': None, 'factLabel': 'Price/sqft'}]}",,Brooklyn,"[{'rating': ['4/10'], 'data': {'Distance': ['0.18mi'], 'Grades': ['PK-5']}, 'name': ['East New York Elementary School Of Excellence']}]","3,600 sqft",11208,,NY,3,,,,
foreclosure,,single-family home,935 NW 123rd Ave,2 Baths,"{'atAGlanceFacts': [{'factValue': '1994', 'factLabel': 'Year built'}, {'factValue': '1994', 'factLabel': 'Remodeled year'}, {'factValue': 'Forced Air', 'factLabel': 'Heating'}, {'factValue': 'Central', 'factLabel': 'Cooling'}, {'factValue': '', 'factLabel': 'Parking'}, {'factValue': '6,397 sqft', 'factLabel': 'lotsize'}, {'factValue': None, 'factLabel': 'Price/sqft'}]}",,Miami,"[{'rating': ['10/10', '5/10', '9/10', '6/10', 'None/10'], 'data': {'Distance': ['18.12mi', '3.81mi', '0.81mi', '0.77mi', '12.32mi'], 'Grades': ['PK-8', '8-12', 'PK-5', '6-8', 'K-9']}, 'name': ['Air Base Elementary School', 'G. Holmes Braddock Senior High School', 'Marjory Stoneman Douglas Elementary School', 'Paul W. Bell Middle School', 'Robert Morgan Voc-Tech Institute']}]","1,874 sqft",33182,3 Beds,FL,,,,,
Active Under Contract,,Single Family Home,2225 S Los Robles Ave,2,"{'atAGlanceFacts': [{'factValue': '1956', 'factLabel': 'Year built'}, {'factValue': '', 'factLabel': 'Remodeled year'}, {'factValue': 'Central', 'factLabel': 'Heating'}, {'factValue': 'Central Air', 'factLabel': 'Cooling'}, {'factValue': 'Parking YN', 'factLabel': 'Parking'}, {'factValue': '9000', 'factLabel': 'lotsize'}, {'factValue': '$762', 'factLabel': 'Price/sqft'}]}",Fireplace,San Marino,"[{'rating': ['9', '10', '10', '8', '3', '3', 'NR', 'NR'], 'data': {'Distance': ['1.2 mi', '1.4 mi', '2.3 mi', '2.1 mi', '3.1 mi', '2.8 mi', '0.5 mi', '1.0 mi'], 'Grades': ['K–5', '6–8', '9–12', 'K–8', 'K–12', '9–12', '6–12', 'K–8']}, 'name': ['Valentine Elementary School', 'Huntington Middle School', 'San Marino High School', 'River Islands Technology Academy School', 'Anahuacalmecac International University Preparatory Of North America School', 'Los Angeles International Charter High School', 'Southwestern Academy Private School', 'Saint Therese Carmelite Private School']}]",1782,91108,3,CA,One,,,WS19254065,"$1,358,688"
For sale,,Condo,8234 Clay Ct,Bathrooms: 3,"{'atAGlanceFacts': [{'factValue': '1985', 'factLabel': 'Year built'}, {'factValue': '', 'factLabel': 'Remodeled year'}, {'factValue': 'Forced air', 'factLabel': 'Heating'}, {'factValue': 'Central', 'factLabel': 'Cooling'}, {'factValue': '2 spaces', 'factLabel': 'Parking'}, {'factValue': '-- sqft lot', 'factLabel': 'lotsize'}, {'factValue': '$102', 'factLabel': 'Price/sqft'}]}",,Sterling Heights,"[{'rating': ['5/10', '7/10'], 'data': {'Distance': ['0.4 mi', '0.8 mi'], 'Grades': ['K-6', '7-12']}, 'name': ['Plumbrook Elementary School', 'Davis Junior High School']}]","Total interior livable area: 1,519 sqft",48313,3 bd,MI,2.0,219110479,,,"$154,900"
for sale,,single-family home,12131 SW 2nd St,5 Baths,"{'atAGlanceFacts': [{'factValue': '1989', 'factLabel': 'Year built'}, {'factValue': '1990', 'factLabel': 'Remodeled year'}, {'factValue': 'Forced Air', 'factLabel': 'Heating'}, {'factValue': 'Central', 'factLabel': 'Cooling'}, {'factValue': 'Attached Garage', 'factLabel': 'Parking'}, {'factValue': '0.86 acres', 'factLabel': 'lotsize'}, {'factValue': '$218/sqft', 'factLabel': 'Price/sqft'}]}",yes,Plantation,"[{'rating': ['3/10', '5/10', '8/10'], 'data': {'Distance': ['4.58mi', '5.67mi', '1.62mi'], 'Grades': ['6-8', '9-12', 'PK-5']}, 'name': ['Plantation Middle School', 'South Plantation High School', 'Central Park Elementary School']}]","4,358 sqft",33325,5 Beds,FL,,,yes,A10702421,"$949,500"
Active,,,1460 SE 15th St Unit B ,,"{'atAGlanceFacts': [{'factValue': '1978', 'factLabel': 'Year built'}, {'factValue': '1979', 'factLabel': 'Remodeled year'}, {'factValue': '', 'factLabel': 'Heating'}, {'factValue': '', 'factLabel': 'Cooling'}, {'factValue': '', 'factLabel': 'Parking'}, {'factValue': '2,250 Sq. Ft.', 'factLabel': 'lotsize'}, {'factValue': '$408 / Sq. Ft.', 'factLabel': 'Price/sqft'}]}",,Fort Lauderdale,"[{'rating': ['7', '5', '7'], 'data': {'Distance': ['0.3 mi', '2.8 mi', '3.3 mi'], 'Grades': ['Preschool to 5', '6 to 8', '9 to 12']}, 'name': ['Harbordale Elementary School', 'Sunrise Middle School', 'Fort Lauderdale High School']}]","1,100",33316,,FL,,,,F10207479,"449,000"
for sale,,single-family home,31 Prospect Park W,5 Baths,"{'atAGlanceFacts': [{'factValue': '1901', 'factLabel': 'Year built'}, {'factValue': '1901', 'factLabel': 'Remodeled year'}, {'factValue': '', 'factLabel': 'Heating'}, {'factValue': 'Central', 'factLabel': 'Cooling'}, {'factValue': 'Attached Garage', 'factLabel': 'Parking'}, {'factValue': '2,350 sqft', 'factLabel': 'lotsize'}, {'factValue': '$2,265/sqft', 'factLabel': 'Price/sqft'}]}",yes,Brooklyn,"[{'rating': ['10/10'], 'data': {'Distance': ['0.34mi'], 'Grades': ['K-5']}, 'name': ['Ps 321 William Penn']}]","2,603 sqft",11215,4 Beds,NY,,,,,"$5,895,000"
Active,,Land,5906 W Alice Ave Lot 1,,"{'atAGlanceFacts': [{'factValue': '', 'factLabel': 'Year built'}, {'factValue': '', 'factLabel': 'Remodeled year'}, {'factValue': '', 'factLabel': 'Heating'}, {'factValue': '', 'factLabel': 'Cooling'}, {'factValue': '', 'factLabel': 'Parking'}, {'factValue': '10019', 'factLabel': 'lotsize'}, {'factValue': None, 'factLabel': 'Price/sqft'}]}",,Glendale,"[{'rating': ['4', '6', '5', '4', '3', 'NR', 'NR', 'NR'], 'data': {'Distance': ['0.5 mi', '1.5 mi', '1.8 mi', '1.5 mi', '1.9 mi', '1.7 mi', '0.2 mi', '1.2 mi'], 'Grades': ['PK–8', 'K–8', '9–12', 'K–8', 'K–8', '9–12', '3–8', '5–12']}, 'name': ['Glendale American School', 'Horizon School', 'Glendale High School', 'Glendale Landmark Middle School', 'Ethos Academy - A Challenge Foundation Academy School', 'West-Mec - Apollo High School', 'Saguaro Center for Exceptional Ed Private School', 'Abcs/Smithey-Link Education Center Private School']}]",0,85302,,AZ,,,,6009815,"$99,900"
foreclosure,,single-family home,2330 Ecuadorian Way #58,2 Baths,"{'atAGlanceFacts': [{'factValue': '1976', 'factLabel': 'Year built'}, {'factValue': '1984', 'factLabel': 'Remodeled year'}, {'factValue': 'Forced Air', 'factLabel': 'Heating'}, {'factValue': 'Central', 'factLabel': 'Cooling'}, {'factValue': 'None', 'factLabel': 'Parking'}, {'factValue': '', 'factLabel': 'lotsize'}, {'factValue': '$72/sqft', 'factLabel': 'Price/sqft'}]}",,Clearwater,"[{'rating': ['5/10', '5/10', '5/10'], 'data': {'Distance': ['3.22mi', '2.46mi', '1.92mi'], 'Grades': ['6-8', 'PK-12', 'PK-5']}, 'name': ['Safety Harbor Middle School', 'Countryside High School', 'Leila Davis Elementary School']}]","1,100 sqft",33763,2 Beds,FL,1.0,,yes,U8064590,"$79,500"
For sale,,Single Family,7109 Stonehaven Ct,2,"{'atAGlanceFacts': [{'factValue': '1983', 'factLabel': 'Year built'}, {'factValue': None, 'factLabel': 'Remodeled year'}, {'factValue': 'Forced air', 'factLabel': 'Heating'}, {'factValue': 'Central', 'factLabel': 'Cooling'}, {'factValue': '2 spaces', 'factLabel': 'Parking'}, {'factValue': '6,403 sqft', 'factLabel': 'lotsize'}, {'factValue': '$89', 'factLabel': 'Price/sqft'}]}",Yes,Fort Worth,"[{'rating': ['6/10', '6/10', '7/10'], 'data': {'Distance': ['2.5 mi', '2.4 mi', '0.8 mi'], 'Grades': ['PK-5', '6-8', '9-12']}, 'name': ['Eagle Mountain Elementary School', 'Wayside Middle School', 'Boswell High School']}]","1,905",76179,3,TX,2.0,,,14179883,"$169,900"
for sale,,single-family home,3601 NW 2nd St,3 Baths,"{'atAGlanceFacts': [{'factValue': '2005', 'factLabel': 'Year built'}, {'factValue': '2005', 'factLabel': 'Remodeled year'}, {'factValue': 'Forced Air', 'factLabel': 'Heating'}, {'factValue': 'Central', 'factLabel': 'Cooling'}, {'factValue': 'Attached Garage', 'factLabel': 'Parking'}, {'factValue': '0.33 acres', 'factLabel': 'lotsize'}, {'factValue': '$185/sqft', 'factLabel': 'Price/sqft'}]}",,Cape Coral,"[{'rating': ['3/10', '8/10', '5/10', '4/10', '5/10', '7/10', '5/10', '7/10', '7/10', '4/10', '3/10', '5/10', '7/10', '8/10', '5/10', '5/10', '7/10', '3/10', '4/10', '6/10', '6/10', '5/10', '6/10', '7/10'], 'data': {'Distance': ['4.44mi', '4.36mi', '4.4mi', '8.88mi', '6.62mi', '10.92mi', '5.56mi', '6.73mi', '8.63mi', '10.05mi', '8.12mi', '6.4mi', '5.28mi', '5.05mi', '2.65mi', '4.61mi', '6.46mi', '8.71mi', '9.04mi', '6.43mi', '3.3mi', '2.67mi', '5.12mi', '8.41mi'], 'Grades': ['PK-5', '6-8', 'PK-5', '9-12', '6-8', 'PK-8', '9-12', 'PK-5', 'PK-5', 'PK-5', 'PK-5', 'PK-5', '6-8', 'PK-5', '9-12', 'PK-5', 'PK-5', 'PK-5', 'PK-5', '6-8', 'PK-5', '6-8', '9-12', '9-12']}, 'name': ['Hector A. Cafferata Jr Elementary School', 'Challenger Middle School', 'Patriot Elementary School', 'Island Coast High School', 'Caloosa Middle School', 'North Fort Myers Academy For The Arts', 'Cape Coral High School', 'Caloosa Elementary School', 'Cape Elementary School', 'J. Colin English Elementary School', 'Tropic Isles Elementary School', 'Pelican Elementary School', 'Gulf Middle School', 'Gulf Elementary School', 'Mariner High School', 'Skyline Elementary School', 'Diplomat Elementary School', 'Dr Carrie D Robinson Littleton Elementary School', 'Hancock Creek Elementary School', 'Diplomat Middle School', 'Trafalgar Elementary School', 'Mariner Middle School', 'Ida S. Baker High School', 'North Fort Myers High School']}]","2,686 sqft",33993,4 Beds,FL,1.0,,yes,219078899,"$497,000"
,,,127 Grapeland Ave,,"{'atAGlanceFacts': [{'factValue': None, 'factLabel': 'Year built'}, {'factValue': None, 'factLabel': 'Remodeled year'}, {'factValue': None, 'factLabel': 'Heating'}, {'factValue': None, 'factLabel': 'Cooling'}, {'factValue': None, 'factLabel': 'Parking'}, {'factValue': None, 'factLabel': 'lotsize'}, {'factValue': None, 'factLabel': 'Price/sqft'}]}",,San Antonio,"[{'rating': ['3/10', '4/10', '3/10'], 'data': {'Distance': ['0.2 mi', '0.3 mi', '0.3 mi'], 'Grades': ['PK-5', '6-8', '9-12']}, 'name': ['V M Adams Elementary School', 'Harlandale Middle School', 'Harlandale High School']}]",,78214,0.25 acres,TX,,,,1368899,"$46,000"
for sale,,townhouse,3372 W 90th Ter #3372,3 Baths,"{'atAGlanceFacts': [{'factValue': '2014', 'factLabel': 'Year built'}, {'factValue': '', 'factLabel': 'Remodeled year'}, {'factValue': 'Electric', 'factLabel': 'Heating'}, {'factValue': '', 'factLabel': 'Cooling'}, {'factValue': 'Carport', 'factLabel': 'Parking'}, {'factValue': '', 'factLabel': 'lotsize'}, {'factValue': '$198/sqft', 'factLabel': 'Price/sqft'}]}",,Hialeah,"[{'rating': ['10/10', '6/10', '6/10', 'None/10', '7/10', '7/10'], 'data': {'Distance': ['26.94mi', '0.43mi', '3.45mi', '21.12mi', '0.54mi', '0.54mi'], 'Grades': ['PK-8', '8-12', '6-8', 'K-9', 'PK-8', 'PK-8']}, 'name': ['Air Base Elementary School', 'Barbara Goleman Senior High School', 'Lawton Chiles Middle School', 'Robert Morgan Voc-Tech Institute', 'West Lakes Preparatory Academy', 'West Lakes Preparatory Academy']}]","1,592 sqft",33018,3 Beds,FL,,,,A10689873,"$315,000"
Pre-foreclosure,,Townhouse,119 W 30th St,3.5 ba,"{'atAGlanceFacts': [{'factValue': '1922', 'factLabel': 'Year built'}, {'factValue': '', 'factLabel': 'Remodeled year'}, {'factValue': 'Forced air', 'factLabel': 'Heating'}, {'factValue': 'Central', 'factLabel': 'Cooling'}, {'factValue': 'Detached Garage', 'factLabel': 'Parking'}, {'factValue': '6,798 sqft', 'factLabel': 'lotsize'}, {'factValue': '', 'factLabel': 'Price/sqft'}]}",,Jacksonville,"[{'rating': ['4/10', '2/10', '3/10'], 'data': {'Distance': ['0.7 mi', '2.5 mi', '3.7 mi'], 'Grades': ['PK-5', '6-8', '9-12']}, 'name': ['North Shore Elementary School', 'Northwestern Middle School', 'Jean Ribault High School']}]","2,554 sqft",32206,6 bd,FL,,,,,
P,,Single Family Home,7401 S Puget Sound Ave,1,"{'atAGlanceFacts': [{'factValue': '1922', 'factLabel': 'Year built'}, {'factValue': '', 'factLabel': 'Remodeled year'}, {'factValue': '', 'factLabel': 'Heating'}, {'factValue': '', 'factLabel': 'Cooling'}, {'factValue': '', 'factLabel': 'Parking'}, {'factValue': '6098', 'factLabel': 'lotsize'}, {'factValue': '$138', 'factLabel': 'Price/sqft'}]}",,Tacoma,"[{'rating': ['2', '2', '2', '4', '3', 'NR', 'NR', 'NR'], 'data': {'Distance': ['0.3 mi', '0.8 mi', '1.0 mi', '0.8 mi', '1.8 mi', '1.2 mi', '0.1 mi', '0.9 mi'], 'Grades': ['PK–5', '6–8', '9–12', 'PK–5', '6–8', '9–12', 'PK–12', 'PK–12']}, 'name': ['Arlington School', 'Gray Middle School', 'Mt Tahoma School', 'Manitou Park School', 'Baker School', 'Northwest Career And Technical High School', 'Hope Private School', 'Tacoma Baptist Private Schools']}]",1452,98409,3.0,WA,,,,1502079,"$200,000"
For sale,,Single Family,503 Edison Ave,Bathrooms: 2,"{'atAGlanceFacts': [{'factValue': '1983', 'factLabel': 'Year built'}, {'factValue': '1984', 'factLabel': 'Remodeled year'}, {'factValue': 'Forced air', 'factLabel': 'Heating'}, {'factValue': 'Central', 'factLabel': 'Cooling'}, {'factValue': '1 space', 'factLabel': 'Parking'}, {'factValue': '0.5 acres lot', 'factLabel': 'lotsize'}, {'factValue': '$128', 'factLabel': 'Price/sqft'}]}",,Lehigh Acres,"[{'rating': ['3/10', '7/10', '7/10'], 'data': {'Distance': ['18.1 mi', '17.2 mi', '15.1 mi'], 'Grades': ['PK-5', '6-8', '9-12']}, 'name': ['Dr Carrie D Robinson Littleton Elementary School', 'Cypress Lake Middle School', 'Fort Myers High School']}]","Total interior livable area: 1,410 sqft",33972,3 bd,FL,1.0,219061616,,,"$180,500"
for sale,,single-family home,9719 Lauren Mist,2 Baths,"{'atAGlanceFacts': [{'factValue': '1998', 'factLabel': 'Year built'}, {'factValue': '', 'factLabel': 'Remodeled year'}, {'factValue': 'Forced Air', 'factLabel': 'Heating'}, {'factValue': 'Central', 'factLabel': 'Cooling'}, {'factValue': 'Attached Garage', 'factLabel': 'Parking'}, {'factValue': '6,621 sqft', 'factLabel': 'lotsize'}, {'factValue': '$123/sqft', 'factLabel': 'Price/sqft'}]}",,San Antonio,"[{'rating': ['4/10', '8/10', '7/10'], 'data': {'Distance': ['0.87mi', '0.94mi', '1.29mi'], 'Grades': ['6-8', 'PK-5', '9-12']}, 'name': ['Zachry Middle School', 'Raba Elementary School', 'Warren High School']}]","1,496 sqft",78251,3 Beds,TX,1.0,,,1422376,"$183,900"
for sale,,lot/land,14815 Mulholland Dr,,"{'atAGlanceFacts': [{'factValue': '', 'factLabel': 'Year built'}, {'factValue': '', 'factLabel': 'Remodeled year'}, {'factValue': '', 'factLabel': 'Heating'}, {'factValue': '', 'factLabel': 'Cooling'}, {'factValue': '', 'factLabel': 'Parking'}, {'factValue': '8,385 sqft', 'factLabel': 'lotsize'}, {'factValue': None, 'factLabel': 'Price/sqft'}]}",,Los Angeles,"[{'rating': ['9/10', '2/10', '8/10'], 'data': {'Distance': ['1.04mi', '2.49mi', '3.86mi'], 'Grades': ['K-5', '6-8', '9-12']}, 'name': ['Roscomare Road Elementary School', 'Van Nuys Middle School', 'Van Nuys Senior High School']}]",,90077,,CA,,,,SR19252350,"$810,000"
for sale,,multi-family,70 Conklin Ave,2 Baths,"{'atAGlanceFacts': [{'factValue': '1906', 'factLabel': 'Year built'}, {'factValue': '', 'factLabel': 'Remodeled year'}, {'factValue': 'Forced Air', 'factLabel': 'Heating'}, {'factValue': '', 'factLabel': 'Cooling'}, {'factValue': '', 'factLabel': 'Parking'}, {'factValue': '4640 sqft', 'factLabel': 'lotsize'}, {'factValue': '$69/sqft', 'factLabel': 'Price/sqft'}]}",,Binghamton,"[{'rating': ['3/10', '2/10', '3/10'], 'data': {'Distance': ['0.66mi', '0.65mi', '1.61mi'], 'Grades': ['PK, 9-12', 'PK-5', 'PK, 6-8']}, 'name': ['Binghamton High School', 'Macarthur School', 'West Middle School']}]","2,616 sqft",13903,4 Beds,NY,,,,218936,"$180,000"
Active,,Traditional,14306 Locke Ln ,,"{'atAGlanceFacts': [{'factValue': '1973', 'factLabel': 'Year built'}, {'factValue': '1973', 'factLabel': 'Remodeled year'}, {'factValue': 'Central Electric', 'factLabel': 'Heating'}, {'factValue': 'Central Gas', 'factLabel': 'Cooling'}, {'factValue': '', 'factLabel': 'Parking'}, {'factValue': '7,480 Sq. Ft.', 'factLabel': 'lotsize'}, {'factValue': '$110 / Sq. Ft.', 'factLabel': 'Price/sqft'}]}",1,Houston,"[{'rating': ['8', '7', '7'], 'data': {'Distance': ['1.9 mi', '1.7 mi', '1.2 mi'], 'Grades': ['Preschool to 5', '6 to 8', '9 to 12']}, 'name': ['Ray Daily Elementary School', 'West Briar Middle School', 'Westside High School']}]","2,136",77077,,TX,1,,,33764164,"235,000"
for sale,,single-family home,10264 SE 37th Ave,3 Baths,"{'atAGlanceFacts': [{'factValue': '1946', 'factLabel': 'Year built'}, {'factValue': '', 'factLabel': 'Remodeled year'}, {'factValue': 'Forced Air', 'factLabel': 'Heating'}, {'factValue': '', 'factLabel': 'Cooling'}, {'factValue': 'Attached Garage', 'factLabel': 'Parking'}, {'factValue': '0.35 acres', 'factLabel': 'lotsize'}, {'factValue': '$179/sqft', 'factLabel': 'Price/sqft'}]}",yes,Portland,"[{'rating': ['4/10', '5/10', '4/10'], 'data': {'Distance': ['0.61mi', '0.81mi', '1.1mi'], 'Grades': ['K-5', '9-12', '6-8']}, 'name': ['Ardenwald Elementary School', 'Milwaukie High School', 'Rowe Middle School']}]","3,230 sqft",97222,4 Beds,OR,3.0,,,19472936,"$579,000"
for sale,,single-family home,7175 Columbia Rd,,"{'atAGlanceFacts': [{'factValue': '1945', 'factLabel': 'Year built'}, {'factValue': '1978', 'factLabel': 'Remodeled year'}, {'factValue': 'Forced Air', 'factLabel': 'Heating'}, {'factValue': 'Central', 'factLabel': 'Cooling'}, {'factValue': 'Attached Garage', 'factLabel': 'Parking'}, {'factValue': '0.25 acres', 'factLabel': 'lotsize'}, {'factValue': '$59/sqft', 'factLabel': 'Price/sqft'}]}",,Olmsted Falls,"[{'rating': ['7/10', '9/10', '7/10', '8/10'], 'data': {'Distance': ['2.03mi', '1.03mi', '1.65mi', '2.04mi'], 'Grades': ['4-5', '1-3', '9-12', '6-8']}, 'name': ['Olmsted Falls Intermediate Building', 'Falls-Lenox Primary Elementary School', 'Olmsted Falls High School', 'Olmsted Falls Middle School']}]","1,774 sqft",44138,3 Beds,OH,1.0,,,4135786,"$104,900"
for sale,,single-family home,3234 Berry St,,"{'atAGlanceFacts': [{'factValue': '1930', 'factLabel': 'Year built'}, {'factValue': '1930', 'factLabel': 'Remodeled year'}, {'factValue': 'Other', 'factLabel': 'Heating'}, {'factValue': 'Central', 'factLabel': 'Cooling'}, {'factValue': 'Carport, Attached Garage', 'factLabel': 'Parking'}, {'factValue': '3,999 sqft', 'factLabel': 'lotsize'}, {'factValue': '$106/sqft', 'factLabel': 'Price/sqft'}]}",,Houston,"[{'rating': ['3/10', '2/10', '1/10'], 'data': {'Distance': ['0.24mi', '0.39mi', '2.46mi'], 'Grades': ['PK-5', '9-12', '6-8']}, 'name': ['Blackshear Elementary School', 'Yates High School', 'Cullen Middle School']}]","1,337 sqft",77004,3 Beds,TX,1.0,,,80981783,"$142,000"
,,Single Family,4061 53rd Ave N,2.0,"{'atAGlanceFacts': [{'factValue': '1978', 'factLabel': 'Year built'}, {'factValue': '1988', 'factLabel': 'Remodeled year'}, {'factValue': 'Forced air', 'factLabel': 'Heating'}, {'factValue': 'Central', 'factLabel': 'Cooling'}, {'factValue': '1 space', 'factLabel': 'Parking'}, {'factValue': '5,662 sqft', 'factLabel': 'lotsize'}, {'factValue': None, 'factLabel': 'Price/sqft'}]}",,Saint Petersburg,"[{'rating': ['3/10', '3/10', '4/10'], 'data': {'Distance': ['0.3 mi', '2.9 mi', '2.1 mi'], 'Grades': ['PK-5', '6-8', '9-12']}, 'name': ['Lealman Avenue Elementary School', 'Tyrone Middle School', 'Dixie M. Hollins High School']}]","1,008 sqft",33714,2,FL,1,,,,"$165,856"
,,Single Family,Buildable plan: Sabine Hidden Meadow - 40's,2,"{'atAGlanceFacts': [{'factValue': '2019', 'factLabel': 'Year built'}, {'factValue': None, 'factLabel': 'Remodeled year'}, {'factValue': 'No Data', 'factLabel': 'Heating'}, {'factValue': 'No Data', 'factLabel': 'Cooling'}, {'factValue': '2 spaces', 'factLabel': 'Parking'}, {'factValue': 'No Data', 'factLabel': 'lotsize'}, {'factValue': '$99', 'factLabel': 'Price/sqft'}]}",,Houston,"[{'rating': ['4/10', '4/10', '2/10'], 'data': {'Distance': ['0.5 mi', '1.6 mi', '1 mi'], 'Grades': ['1-5', '6-8', '9-12']}, 'name': ['H M Carroll Elementary School', 'Michael R Null Middle School', 'C E King High School']}]","1,844",77044,4,TX,,,,,"$182,490"
for sale,,lot/land,4118 Napoli Way #29R,,"{'atAGlanceFacts': [{'factValue': '', 'factLabel': 'Year built'}, {'factValue': '', 'factLabel': 'Remodeled year'}, {'factValue': '', 'factLabel': 'Heating'}, {'factValue': '', 'factLabel': 'Cooling'}, {'factValue': '', 'factLabel': 'Parking'}, {'factValue': '6098 sqft', 'factLabel': 'lotsize'}, {'factValue': None, 'factLabel': 'Price/sqft'}]}",,Irving,"[{'rating': ['5/10', '4/10', '5/10'], 'data': {'Distance': ['2.52mi', '0.92mi', '0.79mi'], 'Grades': ['9-12', 'K-5', '6-8']}, 'name': ['Macarthur High School', 'Jackie Mae Townsell Elementary School', 'Houston Middle School']}]",,75038,,TX,,,,14232728,"$115,000"
Active Under Contract,,Condo/Townhome/Row Home/Co-Op,1140 N Formosa Ave Apt 10,3,"{'atAGlanceFacts': [{'factValue': '2008', 'factLabel': 'Year built'}, {'factValue': '', 'factLabel': 'Remodeled year'}, {'factValue': 'Central Furnace', 'factLabel': 'Heating'}, {'factValue': 'Air Conditioning Unit(s), Central A/C', 'factLabel': 'Cooling'}, {'factValue': '0', 'factLabel': 'Parking'}, {'factValue': '13511', 'factLabel': 'lotsize'}, {'factValue': '$640', 'factLabel': 'Price/sqft'}]}",,West Hollywood,"[{'rating': ['7', '2', '5', '9', '8', 'NR', 'NR', 'NR'], 'data': {'Distance': ['0.6 mi', '0.6 mi', '0.6 mi', '0.5 mi', '0.9 mi', '0.9 mi', '0.4 mi', '0.4 mi'], 'Grades': ['K–6', '6–8', '9–12', 'K–6', 'K–12', '7–12', 'PK–1', '9–12']}, 'name': ['Gardner Street Elementary School', 'Hubert Howe Bancroft Middle School', 'Hollywood Senior High School', 'Melrose Elementary School', 'Larchmont Charter School', 'West Hollywood Opportunity School', ""West Hollywood Children's Academy Private School"", 'Yeshiva Ohr Elchonon Chabad Private School']}]",1560,90046,2,CA,,,,19-515332,"$999,000"
Pending,,Land,Goodhope,0,"{'atAGlanceFacts': [{'factValue': '', 'factLabel': 'Year built'}, {'factValue': '', 'factLabel': 'Remodeled year'}, {'factValue': '', 'factLabel': 'Heating'}, {'factValue': '', 'factLabel': 'Cooling'}, {'factValue': '', 'factLabel': 'Parking'}, {'factValue': '4312', 'factLabel': 'lotsize'}, {'factValue': None, 'factLabel': 'Price/sqft'}]}",,Houston,"[{'rating': ['3', '1', '1', '5', '2', '2', 'NR', 'NR'], 'data': {'Distance': ['0.2 mi', '0.8 mi', '2.9 mi', '1.0 mi', '1.3 mi', '1.9 mi', '1.4 mi', '1.5 mi'], 'Grades': ['PK–5', '6–8', '9–12', 'PK–5', '6–8', '9–12', 'PK–11', 'PK–8']}, 'name': ['Whidby Elementary School', 'Cullen Middle School', 'Yates High School', 'Foster Elementary School', 'Attucks Middle School', 'Worthing High School', 'East Sunnyside Bible Academy Private School', 'St Peter The Apostle Private School']}]",0,77021,,TX,,,,61546073,"$39,900"
for sale,,single-family home,10121 Balmoral Cir,6 Baths,"{'atAGlanceFacts': [{'factValue': '1988', 'factLabel': 'Year built'}, {'factValue': '', 'factLabel': 'Remodeled year'}, {'factValue': 'Forced Air', 'factLabel': 'Heating'}, {'factValue': 'Central', 'factLabel': 'Cooling'}, {'factValue': 'Attached Garage', 'factLabel': 'Parking'}, {'factValue': '0.6 acres', 'factLabel': 'lotsize'}, {'factValue': '$119/sqft', 'factLabel': 'Price/sqft'}]}",yes,Charlotte,"[{'rating': ['6/10', '3/10', '7/10'], 'data': {'Distance': ['1.38mi', '1.35mi', '0.89mi'], 'Grades': ['PK-5', '6-8', '9-12']}, 'name': ['Smithfield Elementary', 'Quail Hollow Middle', 'South Mecklenburg High']}]","5,766 sqft",28210,5 Beds,NC,2.0,,,3573195,"$684,900"
For sale,,Single Family,840 Beechwood Ave SW,3.0,"{'atAGlanceFacts': [{'factValue': '2004', 'factLabel': 'Year built'}, {'factValue': None, 'factLabel': 'Remodeled year'}, {'factValue': 'Forced air', 'factLabel': 'Heating'}, {'factValue': 'Central', 'factLabel': 'Cooling'}, {'factValue': '2 spaces', 'factLabel': 'Parking'}, {'factValue': '5,797 sqft', 'factLabel': 'lotsize'}, {'factValue': '$217', 'factLabel': 'Price/sqft'}]}",,Atlanta,"[{'rating': ['2/10', '3/10', '6/10'], 'data': {'Distance': ['1.4 mi', '1.1 mi', '1.6 mi'], 'Grades': ['PK-5', '6-8', '9-12']}, 'name': ['Perkerson Elementary School', 'Sylvan Hills Middle School', 'Early College High School At Carver']}]","1,700",30310,3,GA,2,,,6628078,"$369,000"
for sale,,lot/land,3417 Shoreline Dr,,"{'atAGlanceFacts': [{'factValue': '', 'factLabel': 'Year built'}, {'factValue': '', 'factLabel': 'Remodeled year'}, {'factValue': '', 'factLabel': 'Heating'}, {'factValue': '', 'factLabel': 'Cooling'}, {'factValue': '', 'factLabel': 'Parking'}, {'factValue': '1.02 acres', 'factLabel': 'lotsize'}, {'factValue': None, 'factLabel': 'Price/sqft'}]}",,Harker Heights,"[{'rating': ['8/10', '5/10', '7/10'], 'data': {'Distance': ['3.35mi', '2.88mi', '4.03mi'], 'Grades': ['PK-5', '9-12', '6-8']}, 'name': ['Skipcha Elementary School', 'Harker Heights High School', 'Union Grove Middle School']}]",,76548,,TX,,,,396086,"$40,000"
P,,Single Family Home,4753 50th Ave SW,2,"{'atAGlanceFacts': [{'factValue': '1947', 'factLabel': 'Year built'}, {'factValue': '', 'factLabel': 'Remodeled year'}, {'factValue': '', 'factLabel': 'Heating'}, {'factValue': '', 'factLabel': 'Cooling'}, {'factValue': '', 'factLabel': 'Parking'}, {'factValue': '5663', 'factLabel': 'lotsize'}, {'factValue': '$280', 'factLabel': 'Price/sqft'}]}",1,Seattle,"[{'rating': ['7', '7', '5', '9', '5', 'NR', 'NR', 'NR'], 'data': {'Distance': ['0.4 mi', '1.0 mi', '1.3 mi', '0.9 mi', '1.8 mi', '2.3 mi', '0.6 mi', '0.6 mi'], 'Grades': ['K–5', '6–8', '9–12', 'PK–5', 'K–8', '9–12', 'PK–8', 'K–5']}, 'name': ['Genesee Hill Elementary School', 'Madison Middle School', 'West Seattle High School', 'Fairmount Park Elementary School', 'Louisa Boren STEM K-8 School', 'SSCC High School Completion', 'Hope Lutheran Private School', 'Tilden Private School']}]",2500,98116,4,WA,,,,1542173,"$699,950"
Active,,Single Family Home,3917 Tulane Oak Dr,2.5,"{'atAGlanceFacts': [{'factValue': '2019', 'factLabel': 'Year built'}, {'factValue': '', 'factLabel': 'Remodeled year'}, {'factValue': '', 'factLabel': 'Heating'}, {'factValue': 'Central Electric', 'factLabel': 'Cooling'}, {'factValue': '', 'factLabel': 'Parking'}, {'factValue': '1546', 'factLabel': 'lotsize'}, {'factValue': '$188', 'factLabel': 'Price/sqft'}]}",,Houston,"[{'rating': ['4', '1', '1', '5', 'NR', 'NR', 'NR', 'NR'], 'data': {'Distance': ['1.0 mi', '2.5 mi', '0.3 mi', '0.6 mi', '0.7 mi', '0.7 mi', '0.8 mi', '1.1 mi'], 'Grades': ['PK–5', '6–8', '9–12', 'PK–8', '6–12', '6–12', 'PK–8', '9–12']}, 'name': ['Kennedy Elementary School', 'Williams Middle School', 'Washington B T High School', 'Garden Oaks Elementary School', 'Harper Daep School', 'Harper Alternative School', 'St. Rose of Lima Catholic Private School', 'Lutheran High North Private School']}]",1540,77018,3.0,TX,2,,,41806042,"$289,700"
for sale,,single-family home,1213 W Belmont St,,"{'atAGlanceFacts': [{'factValue': '1918', 'factLabel': 'Year built'}, {'factValue': '1918', 'factLabel': 'Remodeled year'}, {'factValue': 'Forced Air', 'factLabel': 'Heating'}, {'factValue': 'Central', 'factLabel': 'Cooling'}, {'factValue': '', 'factLabel': 'Parking'}, {'factValue': '4,138 sqft', 'factLabel': 'lotsize'}, {'factValue': '$66/sqft', 'factLabel': 'Price/sqft'}]}",,Pensacola,"[{'rating': ['2/10', '5/10', '1/10'], 'data': {'Distance': ['5.08mi', '1.36mi', '0.67mi'], 'Grades': ['6-8', '9-12', 'PK-5']}, 'name': ['J. H. Workman Middle School', 'Pensacola High School', 'Global Learning Academy']}]",738 sqft,32501,2 Beds,FL,1.0,,,559888,"$49,000"
for sale,,single-family home,4010 12th St SW,2 Baths,"{'atAGlanceFacts': [{'factValue': '2006', 'factLabel': 'Year built'}, {'factValue': '2006', 'factLabel': 'Remodeled year'}, {'factValue': 'Forced Air', 'factLabel': 'Heating'}, {'factValue': 'Central', 'factLabel': 'Cooling'}, {'factValue': 'Attached Garage', 'factLabel': 'Parking'}, {'factValue': '0.25 acres', 'factLabel': 'lotsize'}, {'factValue': '$146/sqft', 'factLabel': 'Price/sqft'}]}",,Lehigh Acres,"[{'rating': ['4/10', '2/10', '3/10', '2/10', '3/10', '6/10', '2/10', '2/10', '5/10', '5/10', '5/10', '4/10', '3/10', '5/10', '4/10', '2/10', '5/10', '5/10', '3/10', '3/10', '3/10', '5/10'], 'data': {'Distance': ['2.48mi', '6.97mi', '7.07mi', '7.23mi', '5.19mi', '11.42mi', '9.53mi', '4.81mi', '8.1mi', '7.29mi', '8.55mi', '4.45mi', '1.47mi', '2.62mi', '1.71mi', '5.96mi', '4.27mi', '1.51mi', '3.42mi', '8.44mi', '7.25mi', '2.03mi'], 'Grades': ['PK-5', '9-12', 'PK-5', 'PK-5', 'PK-5', 'PK-5', 'PK-5', 'PK-5', 'PK-5', '9-12', 'PK-5', '6-8', 'PK-5', 'PK-5', '9-12', 'PK-5', 'PK-8', '6-8', 'PK-5', 'PK-5', '6-8', 'PK-5']}, 'name': ['Harns Marsh Elementary School', 'East Lee County High School', 'River Hall Elementary School', 'Manatee Elementary School', 'Treeline Elementary School', 'Bayshore Elementary School', 'Edgewood Academy', 'Lehigh Elementary School', 'Orange River Elementary School', 'Riverdale High School', 'Tice Elementary School', 'Lehigh Acres Middle School', 'Sunshine Elementary School', 'Gateway Elementary School', 'Lehigh Senior High School', 'Mirror Lakes Elementary School', 'Veterans Park Academy For The Arts', 'Varsity Lakes Middle School', 'G. Weaver Hipps Elementary School', 'James Stephens International Academy', 'Oak Hammock Middle School', 'Tortuga Preserve Elementary School']}]","1,408 sqft",33976,3 Beds,FL,1.0,,yes,219083336,"$204,999"
for sale,,single-family home,4120 Avenue G,2 Baths,"{'atAGlanceFacts': [{'factValue': '2019', 'factLabel': 'Year built'}, {'factValue': '', 'factLabel': 'Remodeled year'}, {'factValue': 'Forced Air', 'factLabel': 'Heating'}, {'factValue': '', 'factLabel': 'Cooling'}, {'factValue': 'Attached Garage', 'factLabel': 'Parking'}, {'factValue': '10585 sqft', 'factLabel': 'lotsize'}, {'factValue': '$91/sqft', 'factLabel': 'Price/sqft'}]}",,Fort Worth,"[{'rating': ['4/10', '4/10', '2/10'], 'data': {'Distance': ['0.5mi', '1.24mi', '1.48mi'], 'Grades': ['PK-5', '6-8', '9-12']}, 'name': ['S S Dillow Elementary School', 'James Middle School', 'Polytechnic High School']}]","2,200 sqft",76105,3 Beds,TX,1.0,,,14153530,"$199,999"
Active,,"Detached, One Story",8840 SW 181st Ter ,,"{'atAGlanceFacts': [{'factValue': '1977', 'factLabel': 'Year built'}, {'factValue': '1977', 'factLabel': 'Remodeled year'}, {'factValue': 'Central Air', 'factLabel': 'Heating'}, {'factValue': 'Has Cooling', 'factLabel': 'Cooling'}, {'factValue': '', 'factLabel': 'Parking'}, {'factValue': '0.34 Acres', 'factLabel': 'lotsize'}, {'factValue': '$281 / Sq. Ft.', 'factLabel': 'Price/sqft'}]}",,Palmetto Bay,"[{'rating': ['10', '7', 'NR', '7', '6'], 'data': {'Distance': ['7.2 mi', '1.0 mi', '3.5 mi', '1.5 mi', '4.3 mi'], 'Grades': ['Preschool to 8', 'K to 5', 'K to 9', '6 to 8', '8 to 12']}, 'name': ['Air Base Elementary School', 'Dr. Henry E. Perrine Academy of the Arts', 'Robert Morgan Voc-Tech Institute', 'Southwood Middle School', 'Miami Palmetto Senior High School']}]","2,101",33157,,FL,,,,A10772886,"590,000"
For sale,,Townhouse,6092 Bartram Village Dr,3,"{'atAGlanceFacts': [{'factValue': '2006', 'factLabel': 'Year built'}, {'factValue': '2006', 'factLabel': 'Remodeled year'}, {'factValue': 'Forced air', 'factLabel': 'Heating'}, {'factValue': 'Central', 'factLabel': 'Cooling'}, {'factValue': 'Attached Garage', 'factLabel': 'Parking'}, {'factValue': '1,306 sqft', 'factLabel': 'lotsize'}, {'factValue': '$133', 'factLabel': 'Price/sqft'}]}",,Jacksonville,"[{'rating': ['9/10', '5/10', '6/10'], 'data': {'Distance': ['0.5 mi', '7.4 mi', '6.1 mi'], 'Grades': ['PK-5', '6-8', '9-12']}, 'name': ['Bartram Springs Elementary School', 'Twin Lakes Academy Middle School', 'Atlantic Coast High School']}]","1,368",32258,3,FL,2.0,,,1005023,"$182,500"
for sale,,single-family home,16722 Gold Bridge Ct,,"{'atAGlanceFacts': [{'factValue': '1983', 'factLabel': 'Year built'}, {'factValue': '1983', 'factLabel': 'Remodeled year'}, {'factValue': 'Other', 'factLabel': 'Heating'}, {'factValue': 'Central', 'factLabel': 'Cooling'}, {'factValue': 'Attached Garage', 'factLabel': 'Parking'}, {'factValue': '6,441 sqft', 'factLabel': 'lotsize'}, {'factValue': '$117/sqft', 'factLabel': 'Price/sqft'}]}",yes,Houston,"[{'rating': ['3/10', '2/10', '2/10'], 'data': {'Distance': ['0.16mi', '0.54mi', '0.25mi'], 'Grades': ['PK-5', '9-12', '6-8']}, 'name': ['Blue Ridge Elementary School', 'Willowridge High School', 'Christa Mcauliffe Middle School']}]","1,027 sqft",77053,2 Beds,TX,1.0,,,18560831,"$119,900"
Active,,High Rise,475 Brickell Ave #4015 ,,"{'atAGlanceFacts': [{'factValue': '2008', 'factLabel': 'Year built'}, {'factValue': '2008', 'factLabel': 'Remodeled year'}, {'factValue': 'Central Air', 'factLabel': 'Heating'}, {'factValue': 'Has Cooling', 'factLabel': 'Cooling'}, {'factValue': '', 'factLabel': 'Parking'}, {'factValue': '—', 'factLabel': 'lotsize'}, {'factValue': None, 'factLabel': 'Price/sqft'}]}",,Miami,"[{'rating': ['8', '10', 'NR', '4', '2'], 'data': {'Distance': ['0.6 mi', '21.9 mi', '17.2 mi', '2.6 mi', '1.5 mi'], 'Grades': ['Preschool to 5', 'Preschool to 8', 'K to 9', '6 to 8', '9 to 12']}, 'name': ['Southside Elementary School', 'Air Base Elementary School', 'Robert Morgan Voc-Tech Institute', 'Shenandoah Middle School', 'Booker T. Washington Senior High School']}]",,33131,,FL,,,,A10778780,"650,000"
for sale,,coop,24504 62nd Ave #F7,,"{'atAGlanceFacts': [{'factValue': '1954', 'factLabel': 'Year built'}, {'factValue': '', 'factLabel': 'Remodeled year'}, {'factValue': 'Other', 'factLabel': 'Heating'}, {'factValue': '', 'factLabel': 'Cooling'}, {'factValue': '', 'factLabel': 'Parking'}, {'factValue': '980 sqft', 'factLabel': 'lotsize'}, {'factValue': '$393/sqft', 'factLabel': 'Price/sqft'}]}",,Little Neck,"[{'rating': ['5/10', '8/10', '10/10'], 'data': {'Distance': ['1.29mi', '0.49mi', '0.22mi'], 'Grades': ['9-12', '6-8', 'PK-5']}, 'name': ['Benjamin N Cardozo High School', 'Jhs 67 Louis Pasteur', 'Ps 221 The North Hills School']}]",980 sqft,11362,3 Beds,NY,1.0,,,3107267,"$385,000"
Pre-foreclosure / auction,,Single Family,964 Charleston Ct,Bathrooms: 3,"{'atAGlanceFacts': [{'factValue': '1999', 'factLabel': 'Year built'}, {'factValue': '', 'factLabel': 'Remodeled year'}, {'factValue': 'Other', 'factLabel': 'Heating'}, {'factValue': 'Central', 'factLabel': 'Cooling'}, {'factValue': '', 'factLabel': 'Parking'}, {'factValue': '0.48 acres', 'factLabel': 'lotsize'}, {'factValue': '', 'factLabel': 'Price/sqft'}]}",,Gainesville,"[{'rating': ['5/10', '5/10', '5/10'], 'data': {'Distance': ['2.3 mi', '2.2 mi', '2.4 mi'], 'Grades': ['K-5', '6-8', '9-12']}, 'name': ['Centennial Arts Academy', 'Gainesville Middle School', 'Gainesville High School']}]","Total interior livable area: 2,048 sqft",30501,3 bd,GA,0.0,,,,
Foreclosed,,Single Family,9 Flamingo Dr,,"{'atAGlanceFacts': [{'factValue': '1984', 'factLabel': 'Year built'}, {'factValue': '', 'factLabel': 'Remodeled year'}, {'factValue': 'Forced air', 'factLabel': 'Heating'}, {'factValue': 'Central', 'factLabel': 'Cooling'}, {'factValue': '', 'factLabel': 'Parking'}, {'factValue': 'No Data', 'factLabel': 'lotsize'}, {'factValue': '', 'factLabel': 'Price/sqft'}]}",,Palm Coast,"[{'rating': ['7/10', '6/10', '5/10'], 'data': {'Distance': ['6.2 mi', '2.8 mi', '2.6 mi'], 'Grades': ['PK-6', '7-8', '9-12']}, 'name': ['Old Kings Elementary School', 'Indian Trails Middle School', 'Matanzas High School']}]",,32137,-- bd,FL,,,,,"$131,435"
for sale,,townhouse,1429 Dondill Pl,2 Baths,"{'atAGlanceFacts': [{'factValue': '1965', 'factLabel': 'Year built'}, {'factValue': '', 'factLabel': 'Remodeled year'}, {'factValue': 'Forced Air', 'factLabel': 'Heating'}, {'factValue': 'Central', 'factLabel': 'Cooling'}, {'factValue': 'Attached Garage', 'factLabel': 'Parking'}, {'factValue': '1,800 sqft', 'factLabel': 'lotsize'}, {'factValue': '$223/sqft', 'factLabel': 'Price/sqft'}]}",,Philadelphia,"[{'rating': ['1/10', '1/10'], 'data': {'Distance': ['0.87mi', '0.3mi'], 'Grades': ['9-12', 'PK-8']}, 'name': ['Franklin Benjamin High School', 'Dunbar Paul L School']}]","1,280 sqft",19122,3 Beds,PA,3.0,,,paph854874,"$285,000"
P,,Single Family Home,7008 124th Ave NE,3,"{'atAGlanceFacts': [{'factValue': '2019', 'factLabel': 'Year built'}, {'factValue': '', 'factLabel': 'Remodeled year'}, {'factValue': '', 'factLabel': 'Heating'}, {'factValue': '', 'factLabel': 'Cooling'}, {'factValue': '', 'factLabel': 'Parking'}, {'factValue': '7405', 'factLabel': 'lotsize'}, {'factValue': '$502', 'factLabel': 'Price/sqft'}]}",2,Kirkland,"[{'rating': ['6', 'NR', '10', '8', '8', '8', 'NR', 'NR'], 'data': {'Distance': ['0.6 mi', '0.7 mi', '0.4 mi', '0.4 mi', '0.7 mi', '0.9 mi', '0.3 mi', '1.3 mi'], 'Grades': ['K–5', '6–8', '9–12', 'K–5', '6–8', '6–12', 'PK–8', 'K–8']}, 'name': ['Rose Hill Elementary School', 'Stella Schola School', 'Lake Washington High School', 'Benjamin Franklin Elementary School', 'Rose Hill Middle School', 'International Community School', 'Holy Family Parish Private School', 'Kirkland Seventh-Day Adventist Private School']}]",3237,98033,4,WA,,,,1548636,"$1,625,000"
Active,,Custom,24082 Harborview Rd ,,"{'atAGlanceFacts': [{'factValue': '1979', 'factLabel': 'Year built'}, {'factValue': '1982', 'factLabel': 'Remodeled year'}, {'factValue': 'Central, Electric', 'factLabel': 'Heating'}, {'factValue': 'Central Air', 'factLabel': 'Cooling'}, {'factValue': '', 'factLabel': 'Parking'}, {'factValue': '3.33 Acres', 'factLabel': 'lotsize'}, {'factValue': '$274 / Sq. Ft.', 'factLabel': 'Price/sqft'}]}","Living Room, Wood Burning",PORT CHARLOTTE,"[{'rating': ['4', '7', '7'], 'data': {'Distance': ['1.4 mi', '2.5 mi', '3.1 mi'], 'Grades': ['Preschool to 5', '6 to 8', '9 to 12']}, 'name': ['Peace River Elementary School', 'Port Charlotte Middle School', 'Charlotte High School']}]","5,840",33980,,FL,Two,,,C7423143,"1,600,000"
for sale,,condo,384 Ralph McGill Blvd NE #319,2 Baths,"{'atAGlanceFacts': [{'factValue': '2006', 'factLabel': 'Year built'}, {'factValue': '', 'factLabel': 'Remodeled year'}, {'factValue': 'Forced Air', 'factLabel': 'Heating'}, {'factValue': 'Central', 'factLabel': 'Cooling'}, {'factValue': '', 'factLabel': 'Parking'}, {'factValue': '', 'factLabel': 'lotsize'}, {'factValue': '$271/sqft', 'factLabel': 'Price/sqft'}]}",,Atlanta,"[{'rating': ['6/10', '8/10', '3/10'], 'data': {'Distance': ['1.14mi', '1.42mi', '0.53mi'], 'Grades': ['9-12', '6-8', 'PK-5']}, 'name': ['Grady High School', 'Inman Middle School', 'Hope Hill Elementary School']}]","1,050 sqft",30312,2 Beds,GA,1.0,,yes,6655416,"$285,000"
Active,,Single Family Home,4111 83rd Ave SE,4.5,"{'atAGlanceFacts': [{'factValue': '2019', 'factLabel': 'Year built'}, {'factValue': '', 'factLabel': 'Remodeled year'}, {'factValue': '', 'factLabel': 'Heating'}, {'factValue': '', 'factLabel': 'Cooling'}, {'factValue': '', 'factLabel': 'Parking'}, {'factValue': '11761', 'factLabel': 'lotsize'}, {'factValue': '$601', 'factLabel': 'Price/sqft'}]}",1,Mercer Island,"[{'rating': ['9', '8', '9', '9', 'NR', 'NR', 'NR'], 'data': {'Distance': ['0.1 mi', '2.4 mi', '0.5 mi', '0.3 mi', '4.5 mi', '0.3 mi', '0.4 mi'], 'Grades': ['K–5', '6–8', '9–12', 'K–5', '9–12', '2–12', 'PK–8']}, 'name': ['West Mercer Elementary School', 'Islander Middle School', 'Mercer Island High School', 'Northwood Elementary School', 'Summit Public Schools: Sierra', ""Children's Institute For Learning Differences Private School"", 'St. Monica Private School']}]",4448,98040,5,WA,,,,1522542,"$2,674,980"
for sale,,single-family home,4019 Bremen St,2 Baths,"{'atAGlanceFacts': [{'factValue': '1985', 'factLabel': 'Year built'}, {'factValue': '', 'factLabel': 'Remodeled year'}, {'factValue': 'Forced Air', 'factLabel': 'Heating'}, {'factValue': 'Central', 'factLabel': 'Cooling'}, {'factValue': 'Attached Garage', 'factLabel': 'Parking'}, {'factValue': '9,017 sqft', 'factLabel': 'lotsize'}, {'factValue': '$91/sqft', 'factLabel': 'Price/sqft'}]}",yes,San Antonio,"[{'rating': ['1/10', '3/10', '1/10'], 'data': {'Distance': ['1.66mi', '0.45mi', '0.49mi'], 'Grades': ['6-8', 'PK-5', '8-12']}, 'name': ['Rogers Middle School', 'Highland Hills Elementary School', 'Highlands High School']}]","1,805 sqft",78210,3 Beds,TX,1.0,,,1386514,"$165,000"
for sale,,condo,2627 S Bayshore Dr #2006,3 Baths,"{'atAGlanceFacts': [{'factValue': '2005', 'factLabel': 'Year built'}, {'factValue': '2005', 'factLabel': 'Remodeled year'}, {'factValue': 'Forced Air', 'factLabel': 'Heating'}, {'factValue': 'Central', 'factLabel': 'Cooling'}, {'factValue': 'Attached Garage', 'factLabel': 'Parking'}, {'factValue': '', 'factLabel': 'lotsize'}, {'factValue': '$905/sqft', 'factLabel': 'Price/sqft'}]}",,Miami,"[{'rating': ['10/10', '5/10', '10/10', '5/10', '10/10', 'None/10'], 'data': {'Distance': ['0.57mi', '1.77mi', '1.53mi', '2.55mi', '18.07mi', '13.29mi'], 'Grades': ['PK-5', '9-12', '6-8', '6-8', 'PK-8', 'K-9']}, 'name': ['Coconut Grove Elementary School', 'Coral Gables Senior High School', 'George Washington Carver Middle School', 'Ponce De Leon Middle School', 'Air Base Elementary School', 'Robert Morgan Voc-Tech Institute']}]","1,756 sqft",33133,2 Beds,FL,,,,A10674075,"$1,590,000"
for sale,,coop,21015 23rd Ave #6B,,"{'atAGlanceFacts': [{'factValue': '1961', 'factLabel': 'Year built'}, {'factValue': '', 'factLabel': 'Remodeled year'}, {'factValue': 'Radiant', 'factLabel': 'Heating'}, {'factValue': '', 'factLabel': 'Cooling'}, {'factValue': 'Attached Garage', 'factLabel': 'Parking'}, {'factValue': '6.04 acres', 'factLabel': 'lotsize'}, {'factValue': '$1/sqft', 'factLabel': 'Price/sqft'}]}",,Bayside,"[{'rating': ['9/10', '5/10', '9/10'], 'data': {'Distance': ['0.27mi', '0.53mi', '1.06mi'], 'Grades': ['6-8', '9-12', '6-8']}, 'name': ['Bell Academy', 'Bayside High School', 'Is 25 Adrien Block']}]","373,772 sqft",11360,,NY,1,,,3184266,"$239,000"
Active,,Single Family Home,15345 W Roma Ave,4.5,"{'atAGlanceFacts': [{'factValue': '2007', 'factLabel': 'Year built'}, {'factValue': '', 'factLabel': 'Remodeled year'}, {'factValue': 'Gas Heat', 'factLabel': 'Heating'}, {'factValue': 'Refrigeration, Ceiling Fan(s)', 'factLabel': 'Cooling'}, {'factValue': ""Attch'd Gar Cabinets, Electric Door Opener, Dir Entry frm Garage, Carport Spaces"", 'factLabel': 'Parking'}, {'factValue': '9100', 'factLabel': 'lotsize'}, {'factValue': '$116', 'factLabel': 'Price/sqft'}]}","1 Fireplace, Exterior Fireplace",Goodyear,"[{'rating': ['8', '9', '6', '8', 'NR', '8', 'NR', 'NR'], 'data': {'Distance': ['1.8 mi', '1.2 mi', '0.7 mi', '0.1 mi', '0.7 mi', '2.1 mi', '1.9 mi', '2.3 mi'], 'Grades': ['PK–6', '5–8', '9–12', 'PK–5', '7–12', '6–12', 'PK–6', 'PK–8']}, 'name': ['Litchfield Elementary School', 'Western Sky Middle School', 'Millennium High School', 'Mabel Padgett Elementary School', 'West-Mec - Millennium High School', 'Great Hearts Academies - Trivium Prep School', ""St. Peter's Montessori Private School"", 'St Thomas Aquinas Grade Private School']}]",4135,85395,5,AZ,2,,,6016630,"$479,900"
for sale,,mobile/manufactured,3442 Death Valley Dr,2 Baths,"{'atAGlanceFacts': [{'factValue': '1982', 'factLabel': 'Year built'}, {'factValue': '1982', 'factLabel': 'Remodeled year'}, {'factValue': 'Forced Air', 'factLabel': 'Heating'}, {'factValue': 'Central', 'factLabel': 'Cooling'}, {'factValue': 'Carport, Attached Garage', 'factLabel': 'Parking'}, {'factValue': '4,792 sqft', 'factLabel': 'lotsize'}, {'factValue': '$130/sqft', 'factLabel': 'Price/sqft'}]}",,Las Vegas,"[{'rating': ['1/10', 'None/10', '3/10'], 'data': {'Distance': ['0.28mi', '2.92mi', '1.49mi'], 'Grades': ['PK-5', '6-8', '9-12']}, 'name': ['Hal Smith Elementary School', 'Kathleen & Tim Harney Middle School', 'Chaparral High School']}]","1,152 sqft",89122,4 Beds,NV,1.0,,,2153279,"$150,000"
For sale,Yes,Single Family,3296 Ledgewood Cir,Bathrooms: 3,"{'atAGlanceFacts': [{'factValue': '2017', 'factLabel': 'Year built'}, {'factValue': '', 'factLabel': 'Remodeled year'}, {'factValue': 'Forced air', 'factLabel': 'Heating'}, {'factValue': 'Central', 'factLabel': 'Cooling'}, {'factValue': '2 spaces', 'factLabel': 'Parking'}, {'factValue': '3,484 sqft lot', 'factLabel': 'lotsize'}, {'factValue': '$246', 'factLabel': 'Price/sqft'}]}",,Riverside,"[{'rating': ['4/10', '4/10', '6/10'], 'data': {'Distance': ['0.6 mi', '0.3 mi', '1.1 mi'], 'Grades': ['K-5', '6-8', '9-12']}, 'name': ['Allan Orrenmaa Elementary School', 'Arizona Middle School', 'Hillcrest High School']}]","Total interior livable area: 2,135 sqft",92503,3 bd,CA,2.0,IV19242188,,,"$525,000"
,,Condo,200 Biscayne Boulevard Way APT 5002,4.0,"{'atAGlanceFacts': [{'factValue': '2009', 'factLabel': 'Year built'}, {'factValue': None, 'factLabel': 'Remodeled year'}, {'factValue': 'Forced air', 'factLabel': 'Heating'}, {'factValue': 'Central', 'factLabel': 'Cooling'}, {'factValue': '2 spaces', 'factLabel': 'Parking'}, {'factValue': None, 'factLabel': 'lotsize'}, {'factValue': '$799', 'factLabel': 'Price/sqft'}]}",,Miami,"[{'rating': ['10/10', '2/10'], 'data': {'Distance': ['20.6 mi', '1.2 mi'], 'Grades': ['PK-8', '9-12']}, 'name': ['Air Base Elementary School', 'Booker T. Washington Senior High School']}]","2,502",33131,3,FL,,,,A10297169,"$1,999,999"
for sale,,condo,95 144th Ave #10,,"{'atAGlanceFacts': [{'factValue': '1970', 'factLabel': 'Year built'}, {'factValue': '1980', 'factLabel': 'Remodeled year'}, {'factValue': '', 'factLabel': 'Heating'}, {'factValue': 'Central', 'factLabel': 'Cooling'}, {'factValue': 'None', 'factLabel': 'Parking'}, {'factValue': '', 'factLabel': 'lotsize'}, {'factValue': '$390/sqft', 'factLabel': 'Price/sqft'}]}",,Saint Petersburg,"[{'rating': ['9/10', '5/10', '5/10'], 'data': {'Distance': ['2.43mi', '3.79mi', '3.98mi'], 'Grades': ['K-5', '9-12', '6-8']}, 'name': ['Orange Grove Elementary School', 'Seminole High School', 'Seminole Middle School']}]",715 sqft,33708,2 Beds,FL,2.0,,yes,U8049329,"$279,000"
Active,,,35 Edgewater Dr #106 ,,"{'atAGlanceFacts': [{'factValue': '1962', 'factLabel': 'Year built'}, {'factValue': '1962', 'factLabel': 'Remodeled year'}, {'factValue': '', 'factLabel': 'Heating'}, {'factValue': '', 'factLabel': 'Cooling'}, {'factValue': '', 'factLabel': 'Parking'}, {'factValue': '—', 'factLabel': 'lotsize'}, {'factValue': '$333 / Sq. Ft.', 'factLabel': 'Price/sqft'}]}",,Coral Gables,"[{'rating': ['10', 'NR', '5', '10', '5'], 'data': {'Distance': ['1.6 mi', '11.3 mi', '1.3 mi', '1.4 mi', '1.9 mi'], 'Grades': ['Preschool to 5', 'K to 9', '6 to 8', '6 to 8', '9 to 12']}, 'name': ['Coconut Grove Elementary School', 'Robert Morgan Voc-Tech Institute', 'Ponce de Leon Middle School', 'George Washington Carver Middle School', 'Coral Gables Senior High School']}]",616,33133,,FL,,,,F10205071,"205,000"
for sale,,townhouse,4228 W Harrington Ln,3 Baths,"{'atAGlanceFacts': [{'factValue': '1993', 'factLabel': 'Year built'}, {'factValue': '', 'factLabel': 'Remodeled year'}, {'factValue': 'Forced Air', 'factLabel': 'Heating'}, {'factValue': 'Central', 'factLabel': 'Cooling'}, {'factValue': 'Attached Garage', 'factLabel': 'Parking'}, {'factValue': '1,768 sqft', 'factLabel': 'lotsize'}, {'factValue': '$275/sqft', 'factLabel': 'Price/sqft'}]}",yes,Chicago,"[{'rating': ['1/10', '9/10', '8/10'], 'data': {'Distance': ['14.38mi', '0.61mi', '2.95mi'], 'Grades': ['9-12', 'K-8', '7-12']}, 'name': ['Hope College Prep High School', 'Sauganash Elementary School', 'Taft High School']}]","1,544 sqft",60646,2 Beds,IL,2.0,,,10594958,"$425,000"
for sale,,lot/land,7619 SE 30th Ave,,"{'atAGlanceFacts': [{'factValue': '', 'factLabel': 'Year built'}, {'factValue': '', 'factLabel': 'Remodeled year'}, {'factValue': '', 'factLabel': 'Heating'}, {'factValue': '', 'factLabel': 'Cooling'}, {'factValue': '', 'factLabel': 'Parking'}, {'factValue': '5000 sqft', 'factLabel': 'lotsize'}, {'factValue': None, 'factLabel': 'Price/sqft'}]}",,Portland,"[{'rating': ['7/10', '8/10', '7/10'], 'data': {'Distance': ['2.04mi', '0.21mi', '0.98mi'], 'Grades': ['9-12', 'K-5', '6-8']}, 'name': ['Cleveland High School', 'Duniway Elementary School', 'Sellwood Middle School']}]",,97202,,OR,,,,18192999,"$419,000"
For sale,,Cooperative,9707 4th Ave APT 2A,1,"{'atAGlanceFacts': [{'factValue': '1957', 'factLabel': 'Year built'}, {'factValue': None, 'factLabel': 'Remodeled year'}, {'factValue': 'Radiant', 'factLabel': 'Heating'}, {'factValue': 'Wall', 'factLabel': 'Cooling'}, {'factValue': 'On street, Attached Garage', 'factLabel': 'Parking'}, {'factValue': None, 'factLabel': 'lotsize'}, {'factValue': '$532', 'factLabel': 'Price/sqft'}]}",,Brooklyn,"[{'rating': ['8/10', '4/10'], 'data': {'Distance': ['0.3 mi', '0.9 mi'], 'Grades': ['K-8', '9-12']}, 'name': ['Ps Is 104 The Fort Hamilton School', 'Fort Hamilton High School']}]",865,11209,1,NY,1.0,,,,"$460,000"
Active,,,7024 Wannamaker Ln ,"2,000","{'atAGlanceFacts': [{'factValue': '1979', 'factLabel': 'Year built'}, {'factValue': '1980', 'factLabel': 'Remodeled year'}, {'factValue': '', 'factLabel': 'Heating'}, {'factValue': 'Central Air', 'factLabel': 'Cooling'}, {'factValue': '', 'factLabel': 'Parking'}, {'factValue': '0.37 Acres', 'factLabel': 'lotsize'}, {'factValue': '$158 / Sq. Ft.', 'factLabel': 'Price/sqft'}]}",,Charlotte,"[{'rating': ['6', '4', '7'], 'data': {'Distance': ['1.4 mi', '1.6 mi', '1.8 mi'], 'Grades': ['Preschool to 5', '6 to 8', '9 to 12']}, 'name': ['Smithfield Elementary', 'Quail Hollow Middle', 'South Mecklenburg High']}]","2,050",28226,Baths,NC,,,,3572544,"323,000"
,,,Lot #0067 Royal Cypress Preserve,5.0,"{'atAGlanceFacts': [{'factValue': None, 'factLabel': 'Year built'}, {'factValue': None, 'factLabel': 'Remodeled year'}, {'factValue': None, 'factLabel': 'Heating'}, {'factValue': None, 'factLabel': 'Cooling'}, {'factValue': None, 'factLabel': 'Parking'}, {'factValue': None, 'factLabel': 'lotsize'}, {'factValue': None, 'factLabel': 'Price/sqft'}]}",,Orlando,"[{'rating': ['6/10'], 'data': {'Distance': ['5.1 mi'], 'Grades': ['PK-12']}, 'name': ['Dr. Phillips High School']}]","4,041",32836,5,FL,2,,,"0067, Royal Cypress Preserve, Orlando, FL 32836","$632,995"
Active,,Condo/Townhome/Row Home/Co-Op,805 Jefferson St NW,3.5,"{'atAGlanceFacts': [{'factValue': '1913', 'factLabel': 'Year built'}, {'factValue': '', 'factLabel': 'Remodeled year'}, {'factValue': 'Forced Air Heating', 'factLabel': 'Heating'}, {'factValue': 'Central A/C', 'factLabel': 'Cooling'}, {'factValue': 'Asphalt Driveway, Off Street', 'factLabel': 'Parking'}, {'factValue': '1720', 'factLabel': 'lotsize'}, {'factValue': '$392', 'factLabel': 'Price/sqft'}]}",,Washington,"[{'rating': ['7', '4', '3', '6', '4', '6', 'NR', 'NR'], 'data': {'Distance': ['0.1 mi', '0.8 mi', '0.9 mi', '0.5 mi', '0.4 mi', '0.4 mi', '0.6 mi', '0.6 mi'], 'Grades': ['PK–8', '6–6', '9–12', 'PK–8', '6–8', '9–12', 'PK–5', 'PK–12']}, 'name': ['Truesdell Education Campus School', 'MacFarland Middle School', 'Roosevelt High School @ MacFarland', 'Brightwood Education Campus School', 'Paul PCS School', 'Paul Public Charter School - International High School', 'Academy for Ideal Education - Gallatin Street Private School', 'Kingsbury Day Private School']}]",2042,20011,4,DC,3+,,,DCDC439794,"$799,950"
Active,,,12601 W READE Ave ,,"{'atAGlanceFacts': [{'factValue': '2002', 'factLabel': 'Year built'}, {'factValue': '', 'factLabel': 'Remodeled year'}, {'factValue': 'Refrigeration, Ceiling Fan(s)', 'factLabel': 'Heating'}, {'factValue': 'Gas Heating', 'factLabel': 'Cooling'}, {'factValue': '', 'factLabel': 'Parking'}, {'factValue': '4,489 Sq. Ft.', 'factLabel': 'lotsize'}, {'factValue': '$149 / Sq. Ft.', 'factLabel': 'Price/sqft'}]}",,Litchfield Park,"[{'rating': ['5', '8', '6'], 'data': {'Distance': ['0.3 mi', '1.1 mi', '2.8 mi'], 'Grades': ['Preschool to 5', '5 to 8', '9 to 12']}, 'name': ['Barbara B. Robey Elementary School', 'L. Thomas Heck Middle School', 'Millennium High School']}]","1,612",85340,,AZ,,,,6015946,"239,900"
Active,,,2519 Key Largo Ln ,"1,500","{'atAGlanceFacts': [{'factValue': '1955', 'factLabel': 'Year built'}, {'factValue': '1956', 'factLabel': 'Remodeled year'}, {'factValue': '', 'factLabel': 'Heating'}, {'factValue': '', 'factLabel': 'Cooling'}, {'factValue': '', 'factLabel': 'Parking'}, {'factValue': '7,152 Sq. Ft.', 'factLabel': 'lotsize'}, {'factValue': '$314 / Sq. Ft.', 'factLabel': 'Price/sqft'}]}",,Fort Lauderdale,"[{'rating': ['3', '4', '3'], 'data': {'Distance': ['0.4 mi', '0.5 mi', '2.4 mi'], 'Grades': ['Preschool to 5', '6 to 8', '9 to 12']}, 'name': ['Stephen Foster Elementary School', 'New River Middle School', 'Stranahan High School']}]","1,544",33312,Baths,FL,,,,F10194279,"485,500"
for sale,,lot/land,176 Heron Dr,,"{'atAGlanceFacts': [{'factValue': '', 'factLabel': 'Year built'}, {'factValue': '', 'factLabel': 'Remodeled year'}, {'factValue': '', 'factLabel': 'Heating'}, {'factValue': '', 'factLabel': 'Cooling'}, {'factValue': '', 'factLabel': 'Parking'}, {'factValue': '0.33 acres', 'factLabel': 'lotsize'}, {'factValue': None, 'factLabel': 'Price/sqft'}]}",,Palm Coast,"[{'rating': ['5/10', '7/10', '6/10'], 'data': {'Distance': ['8.3mi', '2.58mi', '8.04mi'], 'Grades': ['9-12', 'PK-6', '7-8']}, 'name': ['Matanzas High School', 'Old Kings Elementary School', 'Indian Trails Middle School']}]",,32137,,FL,,,,251832,"$72,000"
New construction,,Single Family,5200 Belvoir Dr,7.0,"{'atAGlanceFacts': [{'factValue': '1951', 'factLabel': 'Year built'}, {'factValue': None, 'factLabel': 'Remodeled year'}, {'factValue': 'Forced air', 'factLabel': 'Heating'}, {'factValue': 'Central', 'factLabel': 'Cooling'}, {'factValue': '2 spaces', 'factLabel': 'Parking'}, {'factValue': '8,712 sqft', 'factLabel': 'lotsize'}, {'factValue': '$286', 'factLabel': 'Price/sqft'}]}",Yes,Bethesda,"[{'rating': ['9/10', '10/10', '8/10'], 'data': {'Distance': ['0.6 mi', '2.1 mi', '1.6 mi'], 'Grades': ['K-5', '6-8', '9-12']}, 'name': ['Wood Acres Elementary School', 'Thomas W. Pyle Middle School', 'Walt Whitman High School']}]","6,979",20816,7,MD,3,,,MDMC680086,"$1,995,000"
for sale,,condo,1571 Stone Rd #5B,3 Baths,"{'atAGlanceFacts': [{'factValue': '1984', 'factLabel': 'Year built'}, {'factValue': '1984', 'factLabel': 'Remodeled year'}, {'factValue': 'Electric', 'factLabel': 'Heating'}, {'factValue': 'Central', 'factLabel': 'Cooling'}, {'factValue': 'Off Street', 'factLabel': 'Parking'}, {'factValue': '436 sqft', 'factLabel': 'lotsize'}, {'factValue': '$62/sqft', 'factLabel': 'Price/sqft'}]}",yes,Tallahassee,"[{'rating': ['2/10', '7/10', '3/10'], 'data': {'Distance': ['1.48mi', '2.96mi', '1.61mi'], 'Grades': ['6-8', '9-12', 'PK-5']}, 'name': ['Griffin Middle School', 'Leon High School', 'Ruediger Elementary School']}]","1,216 sqft",32303,2 Beds,FL,2.0,,yes,310290,"$75,000"
for sale,,single-family home,1752 Carlyle Rd,,"{'atAGlanceFacts': [{'factValue': '1956', 'factLabel': 'Year built'}, {'factValue': '2013', 'factLabel': 'Remodeled year'}, {'factValue': 'Forced Air', 'factLabel': 'Heating'}, {'factValue': 'Central', 'factLabel': 'Cooling'}, {'factValue': '', 'factLabel': 'Parking'}, {'factValue': '0.66 acres', 'factLabel': 'lotsize'}, {'factValue': '$51/sqft', 'factLabel': 'Price/sqft'}]}",,Memphis,"[{'rating': ['2/10', '2/10'], 'data': {'Distance': ['0.53mi', '0.53mi'], 'Grades': ['6-8', '6-8']}, 'name': ['Georgian Hills Junior High School', 'Georgian Hills Junior High School']}]","1,266 sqft",38127,3 Beds,TN,2.0,,,10059223,"$64,000"
for sale,,single-family home,108 Tidal Bridge Way,6 Baths,"{'atAGlanceFacts': [{'factValue': '2011', 'factLabel': 'Year built'}, {'factValue': '2011', 'factLabel': 'Remodeled year'}, {'factValue': 'Forced Air', 'factLabel': 'Heating'}, {'factValue': 'Central', 'factLabel': 'Cooling'}, {'factValue': 'Detached Garage', 'factLabel': 'Parking'}, {'factValue': '8,965 sqft', 'factLabel': 'lotsize'}, {'factValue': '$1,455/sqft', 'factLabel': 'Price/sqft'}]}",yes,Watersound,"[{'rating': ['7/10', '6/10', '7/10'], 'data': {'Distance': ['9.01mi', '5.88mi', '5.3mi'], 'Grades': ['9-12', 'K-4', '5-8']}, 'name': ['South Walton High School', 'Bay Elementary School', 'Emerald Coast Middle School']}]","4,433 sqft",32461,5 Beds,FL,3.0,,yes,830296,"$6,449,000"
for sale,,single-family home,Plan Waverley in Siena,3 Baths,"{'atAGlanceFacts': [{'factValue': '', 'factLabel': 'Year built'}, {'factValue': '', 'factLabel': 'Remodeled year'}, {'factValue': '', 'factLabel': 'Heating'}, {'factValue': '', 'factLabel': 'Cooling'}, {'factValue': '', 'factLabel': 'Parking'}, {'factValue': '', 'factLabel': 'lotsize'}, {'factValue': '$113/sqft', 'factLabel': 'Price/sqft'}]}",,Round Rock,"[{'rating': ['6/10', '6/10'], 'data': {'Distance': ['3.49mi', '3.41mi'], 'Grades': ['9-12', '6-8']}, 'name': ['Hutto High School', 'Hutto Middle School']}]","2,965 sqft",78665,4 Beds,TX,2.0,,yes,,"$333,990+"
For sale,,Single Family,2499 Decatur St,4.0,"{'atAGlanceFacts': [{'factValue': '2015', 'factLabel': 'Year built'}, {'factValue': '1960', 'factLabel': 'Remodeled year'}, {'factValue': 'Forced air', 'factLabel': 'Heating'}, {'factValue': 'Central', 'factLabel': 'Cooling'}, {'factValue': '2 spaces', 'factLabel': 'Parking'}, {'factValue': '2,334 sqft', 'factLabel': 'lotsize'}, {'factValue': '$418', 'factLabel': 'Price/sqft'}]}",,Denver,"[{'rating': ['5/10', '2/10', '2/10'], 'data': {'Distance': ['0.7 mi', '0.9 mi', '0.4 mi'], 'Grades': ['PK-5', '6-8', '9-12']}, 'name': ['Brown Elementary School', 'Lake International School', 'North High School']}]","2,335 sqft",80211,3,CO,3,,,5744466,"$975,000"
Active,,Traditional,19315 Richland Springs Dr ,,"{'atAGlanceFacts': [{'factValue': '2005', 'factLabel': 'Year built'}, {'factValue': '2005', 'factLabel': 'Remodeled year'}, {'factValue': 'Central Electric', 'factLabel': 'Heating'}, {'factValue': 'Central Gas', 'factLabel': 'Cooling'}, {'factValue': '', 'factLabel': 'Parking'}, {'factValue': '2,592 Sq. Ft.', 'factLabel': 'lotsize'}, {'factValue': '$93 / Sq. Ft.', 'factLabel': 'Price/sqft'}]}",,Houston,"[{'rating': ['7', '5', '6', '1', '5'], 'data': {'Distance': ['0.8 mi', '6.0 mi', '3.1 mi', '3.1 mi', '7.3 mi'], 'Grades': ['Preschool to 5', '6 to 8', '6 to 8', '9 to 12', '9 to 12']}, 'name': ['Milton Cooper Elementary School', 'Dueitt Middle School', 'Edward Roberson Middle School', 'Andy Dekaney High School', 'Carl Wunsche Senior High School']}]","1,612",77073,,TX,2,,,94638724,"149,900"
Active,,"Contemporary/Modern, Traditional",5005 Chenevert St ,"1,250","{'atAGlanceFacts': [{'factValue': '2019', 'factLabel': 'Year built'}, {'factValue': '', 'factLabel': 'Remodeled year'}, {'factValue': 'Central Electric', 'factLabel': 'Heating'}, {'factValue': 'Central Gas', 'factLabel': 'Cooling'}, {'factValue': '', 'factLabel': 'Parking'}, {'factValue': '—', 'factLabel': 'lotsize'}, {'factValue': '$233 / Sq. Ft.', 'factLabel': 'Price/sqft'}]}",,Houston,"[{'rating': ['6', '1', '5'], 'data': {'Distance': ['0.2 mi', '2.5 mi', '3.0 mi'], 'Grades': ['Preschool to 5', '6 to 8', '9 to 12']}, 'name': ['MacGregor El', 'Cullen Middle School', 'Lamar High School']}]","3,004",77004,Baths,TX,3,,,34714762,"699,000"
New construction,,Single Family,Buildable plan: Residence 1945 Catalina at Westshore,3.0,"{'atAGlanceFacts': [{'factValue': '2019', 'factLabel': 'Year built'}, {'factValue': None, 'factLabel': 'Remodeled year'}, {'factValue': 'No Data', 'factLabel': 'Heating'}, {'factValue': 'No Data', 'factLabel': 'Cooling'}, {'factValue': '2 spaces', 'factLabel': 'Parking'}, {'factValue': 'No Data', 'factLabel': 'lotsize'}, {'factValue': '$218', 'factLabel': 'Price/sqft'}]}",,Sacramento,"[{'rating': ['3/10', '3/10', 'NA'], 'data': {'Distance': ['1.6 mi', '1.6 mi', '3.3 mi'], 'Grades': ['K-5', '6-8', '9-12']}, 'name': ['H. Allen Hight Elementary School', 'Natomas Middle School', 'Discovery High School']}]","1,945",95834,4,CA,2,,,,"$423,990"
Active,,"Cape Cod, Contemporary, Florida, Key West",366 145th Ave E ,,"{'atAGlanceFacts': [{'factValue': '1949', 'factLabel': 'Year built'}, {'factValue': '1993', 'factLabel': 'Remodeled year'}, {'factValue': 'Central, Zoned', 'factLabel': 'Heating'}, {'factValue': 'Central Air, Zoned', 'factLabel': 'Cooling'}, {'factValue': '', 'factLabel': 'Parking'}, {'factValue': '5,401 Sq. Ft.', 'factLabel': 'lotsize'}, {'factValue': '$342 / Sq. Ft.', 'factLabel': 'Price/sqft'}]}","Living Room, Wood Burning",MADEIRA BEACH,"[{'rating': ['9', '5', '5'], 'data': {'Distance': ['2.2 mi', '3.8 mi', '3.7 mi'], 'Grades': ['K to 5', '6 to 8', '9 to 12']}, 'name': ['Orange Grove Elementary School', 'Seminole Middle School', 'Seminole High School']}]","2,921",33708,,FL,Two,,,U8063711,"999,000"
Active,,Single Family Home,15 Glen Ridge Ln,1,"{'atAGlanceFacts': [{'factValue': '2003', 'factLabel': 'Year built'}, {'factValue': '', 'factLabel': 'Remodeled year'}, {'factValue': 'Baseboard', 'factLabel': 'Heating'}, {'factValue': '', 'factLabel': 'Cooling'}, {'factValue': 'Garage Type', 'factLabel': 'Parking'}, {'factValue': '16117', 'factLabel': 'lotsize'}, {'factValue': '$114', 'factLabel': 'Price/sqft'}]}",,Swanton,"[{'rating': ['4', '2', '3', '3', 'NR', 'NR'], 'data': {'Distance': ['2.4 mi', '2.3 mi', '2.6 mi', '4.7 mi', '1.3 mi', '1.3 mi'], 'Grades': ['PK–6', '7–12', 'PK–6', 'PK–8', 'PK–1', 'PK–1']}, 'name': ['Swanton Schools', 'Missisquoi Valley Uhsd #7 School', 'Highgate School', 'Sheldon Elementary School', 'Munchkinland Montessori Private School', 'Munchkinland Montessori Private School']}]",1834,5488,3.0,VT,2,,,4785291,"$209,900"
for sale,,single-family home,811 Heather Ct,9 Baths,"{'atAGlanceFacts': [{'factValue': '2018', 'factLabel': 'Year built'}, {'factValue': '1965', 'factLabel': 'Remodeled year'}, {'factValue': 'Other', 'factLabel': 'Heating'}, {'factValue': 'Central', 'factLabel': 'Cooling'}, {'factValue': 'Detached Garage', 'factLabel': 'Parking'}, {'factValue': '0.49 acres', 'factLabel': 'lotsize'}, {'factValue': '$556/sqft', 'factLabel': 'Price/sqft'}]}",yes,Houston,"[{'rating': ['8/10', '6/10', '10/10'], 'data': {'Distance': ['0.53mi', '0.3mi', '0.54mi'], 'Grades': ['9-12', '6-8', 'PK-5']}, 'name': ['Memorial High School', 'Spring Branch Middle School', 'Memorial Drive Elementary School']}]","6,579 sqft",77024,5 Beds,TX,2,,yes,63104179,"$3,655,275"
Active,,Single Detached,9107 Cochran Bluff Ln ,"1,750","{'atAGlanceFacts': [{'factValue': '2011', 'factLabel': 'Year built'}, {'factValue': '2011', 'factLabel': 'Remodeled year'}, {'factValue': '', 'factLabel': 'Heating'}, {'factValue': 'Central A/C (Electric), Central Heat (Gas), Zoned', 'factLabel': 'Cooling'}, {'factValue': '', 'factLabel': 'Parking'}, {'factValue': '6,081 Sq. Ft.', 'factLabel': 'lotsize'}, {'factValue': '$205 / Sq. Ft.', 'factLabel': 'Price/sqft'}]}",3,Dallas,"[{'rating': ['6', '3', '3', '10'], 'data': {'Distance': ['1.5 mi', '1.4 mi', '1.3 mi', '7.7 mi'], 'Grades': ['Preschool to 5', '6 to 8', '9 to 12', '9 to 12']}, 'name': ['K B Polk Center For Academically T', 'Edward High Cary Middle School', 'Thomas Jefferson High School', ""Irma Lerma Rangel Young Women's Leadership School""]}]","3,758",75220,Baths,TX,,,,14241924,"769,500"
Active,,Single Family Home,23950 Old Highway 6,1,"{'atAGlanceFacts': [{'factValue': '1950', 'factLabel': 'Year built'}, {'factValue': '', 'factLabel': 'Remodeled year'}, {'factValue': '', 'factLabel': 'Heating'}, {'factValue': '', 'factLabel': 'Cooling'}, {'factValue': '', 'factLabel': 'Parking'}, {'factValue': '350658', 'factLabel': 'lotsize'}, {'factValue': '$277', 'factLabel': 'Price/sqft'}]}",,Navasota,"[{'rating': ['2', '3', '4', '2', '1'], 'data': {'Distance': ['6.9 mi', '7.5 mi', '7.4 mi', '6.9 mi', '6.9 mi'], 'Grades': ['PK–5', '6–8', '9–12', 'PK–5', '9–12']}, 'name': ['John C Webb Elementary School', 'Navasota J High School', 'Navasota High School', 'Brule Elementary School', 'W B Bizzell Academy School']}]",1012,77868,3,TX,One Story,,,19018828,"$280,000"
for sale,,condo,927 W Newport Ave #2,2 Baths,"{'atAGlanceFacts': [{'factValue': '1897', 'factLabel': 'Year built'}, {'factValue': '2007', 'factLabel': 'Remodeled year'}, {'factValue': 'Forced Air', 'factLabel': 'Heating'}, {'factValue': 'Central', 'factLabel': 'Cooling'}, {'factValue': 'Detached Garage', 'factLabel': 'Parking'}, {'factValue': '', 'factLabel': 'lotsize'}, {'factValue': '$266/sqft', 'factLabel': 'Price/sqft'}]}",yes,Chicago,"[{'rating': ['1/10', '5/10', '7/10'], 'data': {'Distance': ['10.42mi', '1.1mi', '0.44mi'], 'Grades': ['9-12', '9-12', 'PK-8']}, 'name': ['Hope College Prep High School', 'Lake View High School', 'Nettelhorst Elementary School']}]","1,600 sqft",60657,3 Beds,IL,3.0,,,10507649,"$425,000"
Active,,Land,Jonney Thomas Rd Lot 9,,"{'atAGlanceFacts': [{'factValue': '', 'factLabel': 'Year built'}, {'factValue': '', 'factLabel': 'Remodeled year'}, {'factValue': '', 'factLabel': 'Heating'}, {'factValue': '', 'factLabel': 'Cooling'}, {'factValue': '', 'factLabel': 'Parking'}, {'factValue': '50965', 'factLabel': 'lotsize'}, {'factValue': None, 'factLabel': 'Price/sqft'}]}",,Cleveland,"[{'rating': ['5', '5', '6', '6', '6', '5', 'NR'], 'data': {'Distance': ['5.6 mi', '8.6 mi', '8.4 mi', '8.3 mi', '13.9 mi', '12.1 mi', '2.2 mi'], 'Grades': ['PK–5', '6–8', '9–12', 'PK–5', '6–8', '9–12', 'K–5']}, 'name': ['Wauka Mountain Elementary School', 'North Hall Middle School', 'North Hall High School', 'Mount Vernon Elementary School', 'East Hall Middle School', 'East Hall High School', 'Chattahoochee Christian Private School']}]",0,30528,,GA,,,,8324345,"$75,000"
Active,,,400 Emery St #307 ,"2,250","{'atAGlanceFacts': [{'factValue': '1981', 'factLabel': 'Year built'}, {'factValue': '1981', 'factLabel': 'Remodeled year'}, {'factValue': 'Forced Air, Natural Gas', 'factLabel': 'Heating'}, {'factValue': 'Central Air', 'factLabel': 'Cooling'}, {'factValue': '', 'factLabel': 'Parking'}, {'factValue': '—', 'factLabel': 'lotsize'}, {'factValue': '$257 / Sq. Ft.', 'factLabel': 'Price/sqft'}]}",1,LONGMONT,"[{'rating': ['4', '3', '4'], 'data': {'Distance': ['0.3 mi', '2.3 mi', '1.5 mi'], 'Grades': ['Preschool to 5', '6 to 8', '9 to 12']}, 'name': ['Columbine Elementary School', 'Trail Ridge Middle School', 'Skyline High School']}]",894,80501,Baths,CO,,,,8292798,"230,000"
Option Pending,,Single Family Home,143 County Road 3201,3,"{'atAGlanceFacts': [{'factValue': '1977', 'factLabel': 'Year built'}, {'factValue': '', 'factLabel': 'Remodeled year'}, {'factValue': '', 'factLabel': 'Heating'}, {'factValue': 'Central Electric', 'factLabel': 'Cooling'}, {'factValue': '', 'factLabel': 'Parking'}, {'factValue': '40000', 'factLabel': 'lotsize'}, {'factValue': '$62', 'factLabel': 'Price/sqft'}]}",,Cleveland,"[{'rating': ['3', '4', '2', 'NR', 'NR', 'NR', 'NR'], 'data': {'Distance': ['1.2 mi', '1.9 mi', '1.9 mi', '1.3 mi', '2.5 mi', '2.5 mi', '1.4 mi'], 'Grades': ['5–6', '5–8', '9–12', 'PK–2', '3–12', '9–12', 'PK–12']}, 'name': ['Eastside Elementary School', 'Cleveland Middle School', 'Cleveland High School', 'Southside Primary School', 'Hardin/Chambers Center School', 'Frederick A Douglass Learning Academy School', 'Riverside Christian Academy Private School']}]",2296,77327,5.0,TX,2,,,76023309,"$142,500"
for sale,,lot/land,3659 Heekin Ave,,"{'atAGlanceFacts': [{'factValue': '', 'factLabel': 'Year built'}, {'factValue': '', 'factLabel': 'Remodeled year'}, {'factValue': 'Electric', 'factLabel': 'Heating'}, {'factValue': '', 'factLabel': 'Cooling'}, {'factValue': '', 'factLabel': 'Parking'}, {'factValue': '0.31 acres', 'factLabel': 'lotsize'}, {'factValue': None, 'factLabel': 'Price/sqft'}]}",,Cincinnati,"[{'rating': ['4/10', '2/10', '1/10', '1/10', '2/10', '1/10', '1/10', '2/10', '7/10', '2/10', '9/10'], 'data': {'Distance': ['1.22mi', '2.29mi', '5.12mi', '9.91mi', '5.77mi', '8.62mi', '5.86mi', '9.99mi', '0.71mi', '2.84mi', '3.6mi'], 'Grades': ['7-12', '7-12', '7-12', '7-12', '7-12', '7-12', '7-12', '7-12', 'PK-7', '7-12', '7-12']}, 'name': ['Clark Montessori High School', 'Withrow University High School', 'Woodward Career Technical High School', 'Western Hills University High School', 'Hughes STEM  High School', 'Aiken College And Career High School', 'Robert A. Taft Information Technology  High School', 'Gilbert A. Dater High School', 'Kilgour Elementary School', 'Shroder Paideia High School', 'Walnut Hills High School']}]",,45208,,OH,,,,1643462,"$164,900"
for sale,,single-family home,3848 Rutherford Ct,2 Baths,"{'atAGlanceFacts': [{'factValue': '2019', 'factLabel': 'Year built'}, {'factValue': '', 'factLabel': 'Remodeled year'}, {'factValue': 'Heat Pump', 'factLabel': 'Heating'}, {'factValue': 'Central', 'factLabel': 'Cooling'}, {'factValue': 'Attached Garage', 'factLabel': 'Parking'}, {'factValue': '0.27 acres', 'factLabel': 'lotsize'}, {'factValue': '$130/sqft', 'factLabel': 'Price/sqft'}]}",yes,Winston Salem,"[{'rating': ['8/10', '7/10', '6/10'], 'data': {'Distance': ['1.79mi', '1.84mi', '1.18mi'], 'Grades': ['6-8', 'PK-5', '9-12']}, 'name': ['Jefferson Middle', 'Jefferson Elementary', 'Mount Tabor High']}]","2,172 sqft",27106,3 Beds,NC,,,,952542,"$282,615"
for sale,,single-family home,1519 SE 12th St,2 Baths,"{'atAGlanceFacts': [{'factValue': '1946', 'factLabel': 'Year built'}, {'factValue': '1969', 'factLabel': 'Remodeled year'}, {'factValue': 'Forced Air', 'factLabel': 'Heating'}, {'factValue': 'Central', 'factLabel': 'Cooling'}, {'factValue': 'Carport', 'factLabel': 'Parking'}, {'factValue': '0.29 acres', 'factLabel': 'lotsize'}, {'factValue': '$798/sqft', 'factLabel': 'Price/sqft'}]}",yes,Fort Lauderdale,"[{'rating': ['7/10', '5/10', '7/10'], 'data': {'Distance': ['2.93mi', '2.46mi', '0.56mi'], 'Grades': ['9-12', '6-8', 'PK-5']}, 'name': ['Fort Lauderdale High School', 'Sunrise Middle School', 'Harbordale Elementary School']}]","1,691 sqft",33316,3 Beds,FL,1.0,,,F10193219,"$1,350,000"
For sale,Yes,Mobile / Manufactured,2250 N Broadway # 42,Bathrooms: 2,"{'atAGlanceFacts': [{'factValue': '1976', 'factLabel': 'Year built'}, {'factValue': '', 'factLabel': 'Remodeled year'}, {'factValue': 'Forced air', 'factLabel': 'Heating'}, {'factValue': 'Central', 'factLabel': 'Cooling'}, {'factValue': '2 spaces', 'factLabel': 'Parking'}, {'factValue': '-- sqft lot', 'factLabel': 'lotsize'}, {'factValue': '$77', 'factLabel': 'Price/sqft'}]}",N/K,Escondido,"[{'rating': ['4/10', '4/10', '6/10'], 'data': {'Distance': ['0.2 mi', '0.6 mi', '0.9 mi'], 'Grades': ['K-5', '6-8', '9-12']}, 'name': ['North Broadway Elementary School', 'Rincon Middle School', 'Escondido High School']}]","Total interior livable area: 1,536 sqft",92026,2 bd,CA,0.0,190034991,,,"$119,000"
Active,,Traditional,5625 Antoine Dr #909 ,,"{'atAGlanceFacts': [{'factValue': '1972', 'factLabel': 'Year built'}, {'factValue': '1972', 'factLabel': 'Remodeled year'}, {'factValue': 'Central Electric', 'factLabel': 'Heating'}, {'factValue': 'Central Electric', 'factLabel': 'Cooling'}, {'factValue': '', 'factLabel': 'Parking'}, {'factValue': '—', 'factLabel': 'lotsize'}, {'factValue': '$43 / Sq. Ft.', 'factLabel': 'Price/sqft'}]}",,Houston,"[{'rating': ['2', '3', '2'], 'data': {'Distance': ['1.0 mi', '0.4 mi', '1.3 mi'], 'Grades': ['Preschool to 5', '6 to 8', '9 to 12']}, 'name': ['Smith Elementary School', 'Clifton Middle School', 'Scarborough High School']}]","1,052",77091,,TX,2,,,25100253,"45,000"
For sale,,Single Family,19320 SW 54th St,Bathrooms: 3,"{'atAGlanceFacts': [{'factValue': '2005', 'factLabel': 'Year built'}, {'factValue': '2005', 'factLabel': 'Remodeled year'}, {'factValue': 'Forced air', 'factLabel': 'Heating'}, {'factValue': 'Other', 'factLabel': 'Cooling'}, {'factValue': '4 spaces', 'factLabel': 'Parking'}, {'factValue': '9,108 sqft lot', 'factLabel': 'lotsize'}, {'factValue': '$178', 'factLabel': 'Price/sqft'}]}",,Miramar,"[{'rating': ['8/10', '8/10', '7/10'], 'data': {'Distance': ['1.8 mi', '2.3 mi', '2 mi'], 'Grades': ['PK-5', '6-8', '9-12']}, 'name': ['Sunset Lakes Elementary School', 'Glades Middle School', 'Everglades High School']}]","Total interior livable area: 3,087 sqft",33029,4 bd,FL,2.0,H10772215,,,"$549,900"
For sale,,Multi Family,25 Howland Rd # R16-20B,Bathrooms: 4,"{'atAGlanceFacts': [{'factValue': '1965', 'factLabel': 'Year built'}, {'factValue': '', 'factLabel': 'Remodeled year'}, {'factValue': '', 'factLabel': 'Heating'}, {'factValue': '', 'factLabel': 'Cooling'}, {'factValue': '1 space', 'factLabel': 'Parking'}, {'factValue': '0.95 acres lot', 'factLabel': 'lotsize'}, {'factValue': '$297', 'factLabel': 'Price/sqft'}]}",,Asheville,"[{'rating': ['7/10', '4/10', '5/10'], 'data': {'Distance': ['3.2 mi', '2.1 mi', '2.7 mi'], 'Grades': ['PK-5', '6-8', '9-12']}, 'name': ['Hall Fletcher Elementary', 'Asheville Middle', 'Asheville High']}]","Total interior livable area: 2,355 sqft",28804,4 bd,NC,,3539414,,,"$699,000"
For sale,,Single Family,14271 Bourgeois Way,3,"{'atAGlanceFacts': [{'factValue': '1987', 'factLabel': 'Year built'}, {'factValue': '1987', 'factLabel': 'Remodeled year'}, {'factValue': 'Forced air', 'factLabel': 'Heating'}, {'factValue': 'Central, Wall', 'factLabel': 'Cooling'}, {'factValue': '7 spaces', 'factLabel': 'Parking'}, {'factValue': '0.3 acres', 'factLabel': 'lotsize'}, {'factValue': '$401', 'factLabel': 'Price/sqft'}]}",Yes,San Diego,"[{'rating': ['9/10', '8/10', '9/10'], 'data': {'Distance': ['0.4 mi', '0.4 mi', '0.7 mi'], 'Grades': ['K-5', '6-8', '9-12']}, 'name': ['Sunset Hills Elementary School', 'Black Mountain Middle School', 'Mt. Carmel High School']}]","2,888",92129,5,CA,0.0,,,190060773,"$1,159,000"
New construction,,Single Family,6121 Saddle Pack Dr,Bathrooms: 2,"{'atAGlanceFacts': [{'factValue': '2019', 'factLabel': 'Year built'}, {'factValue': '', 'factLabel': 'Remodeled year'}, {'factValue': '', 'factLabel': 'Heating'}, {'factValue': '', 'factLabel': 'Cooling'}, {'factValue': '', 'factLabel': 'Parking'}, {'factValue': '-- sqft lot', 'factLabel': 'lotsize'}, {'factValue': '$151', 'factLabel': 'Price/sqft'}]}",,Fort Worth,"[{'rating': ['3/10', '5/10', '4/10'], 'data': {'Distance': ['1.6 mi', '1.1 mi', '1.6 mi'], 'Grades': ['PK-4', '5-6', '9-12']}, 'name': ['Dallas Park Elementary School', 'Sue Crouch Intermediate School', 'North Crowley High School']}]","Total interior livable area: 1,991 sqft",76123,3 bd,TX,1.0,,,,"$301,154"
Active,,Single Family Home,30356 N 117th Dr,2,"{'atAGlanceFacts': [{'factValue': '2015', 'factLabel': 'Year built'}, {'factValue': '', 'factLabel': 'Remodeled year'}, {'factValue': 'Gas Heat', 'factLabel': 'Heating'}, {'factValue': 'Refrigeration, Ceiling Fan(s), Programmable Thmstat', 'factLabel': 'Cooling'}, {'factValue': 'Electric Door Opener, Extnded Lngth Garage, Tandem Garage, Dir Entry frm Garage, Slab Parking Spaces', 'factLabel': 'Parking'}, {'factValue': '11872', 'factLabel': 'lotsize'}, {'factValue': '$303', 'factLabel': 'Price/sqft'}]}","Firepit, Gas Fireplace",Peoria,"[{'rating': ['9', '8', '10', '10', '8', '8', 'NR'], 'data': {'Distance': ['2.0 mi', '5.6 mi', '3.6 mi', '1.1 mi', '4.9 mi', '7.0 mi', '3.0 mi'], 'Grades': ['PK–8', '7–12', '5–12', 'PK–8', 'PK–8', '7–12', 'PK–8']}, 'name': ['Lake Pleasant Elementary School', 'Liberty High School', 'BASIS Peoria School', 'Vistancia Elementary School', 'Zuni Hills Elementary School', 'Sunrise Mountain High School', 'Cross of Glory Lutheran Private School']}]",2412,85383,3,AZ,1,,,6004656,"$729,900"
for sale,,single-family home,12817 Lindrick Ln,4 Baths,"{'atAGlanceFacts': [{'factValue': '1998', 'factLabel': 'Year built'}, {'factValue': '', 'factLabel': 'Remodeled year'}, {'factValue': 'Forced Air', 'factLabel': 'Heating'}, {'factValue': 'Central', 'factLabel': 'Cooling'}, {'factValue': 'Attached Garage', 'factLabel': 'Parking'}, {'factValue': '0.34 acres', 'factLabel': 'lotsize'}, {'factValue': '$172/sqft', 'factLabel': 'Price/sqft'}]}",yes,Charlotte,"[{'rating': ['9/10', '9/10', '10/10'], 'data': {'Distance': ['1.86mi', '0.69mi', '1.93mi'], 'Grades': ['9-12', 'K-5', '6-8']}, 'name': ['Ardrey Kell High', 'Polo Ridge Elementary', 'Jay M Robinson Middle']}]","3,409 sqft",28277,4 Beds,NC,2.0,,,3559329,"$585,000"
Active,,Single Family Home,23322 Amoroso St,3,"{'atAGlanceFacts': [{'factValue': '2020', 'factLabel': 'Year built'}, {'factValue': '', 'factLabel': 'Remodeled year'}, {'factValue': '', 'factLabel': 'Heating'}, {'factValue': 'Central Electric', 'factLabel': 'Cooling'}, {'factValue': '', 'factLabel': 'Parking'}, {'factValue': '7133', 'factLabel': 'lotsize'}, {'factValue': '$148', 'factLabel': 'Price/sqft'}]}",1,Richmond,"[{'rating': ['10', '7', '7', '9', '8', '9', 'NR', 'NR'], 'data': {'Distance': ['0.4 mi', '5.2 mi', '5.4 mi', '1.5 mi', '5.4 mi', '1.5 mi', '1.2 mi', '2.9 mi'], 'Grades': ['PK–5', '6–6', '9–11', 'K–12', '6–8', 'K–12', 'PK–10', 'PK–K']}, 'name': ['Joe Hubenak Elementary School', 'Henry Wertheimer Middle School', 'FULSHEAR H S School', 'Harmony School Of Innovation - Katy', 'Dean Leaman Junior High School', 'Harmony Science Academy - West Hou School', 'Westlake Preparatory Lutheran Academy Private School', 'Imagination Campus  Private School']}]",2493,77406,4.0,TX,1,,,80456607,"$368,900"
Active,,Land,1449 Tern Ct,0,"{'atAGlanceFacts': [{'factValue': '', 'factLabel': 'Year built'}, {'factValue': '', 'factLabel': 'Remodeled year'}, {'factValue': '', 'factLabel': 'Heating'}, {'factValue': '', 'factLabel': 'Cooling'}, {'factValue': '', 'factLabel': 'Parking'}, {'factValue': '15960', 'factLabel': 'lotsize'}, {'factValue': None, 'factLabel': 'Price/sqft'}]}",,Poinciana,"[{'rating': ['2', '1', '3', '3', '2', 'NR', 'NR', 'NR'], 'data': {'Distance': ['1.2 mi', '2.6 mi', '8.0 mi', '1.9 mi', '8.3 mi', '8.8 mi', '2.8 mi', '3.8 mi'], 'Grades': ['PK–4', '5–8', 'PK–12', 'PK–4', '6–8', '10–12', 'PK–12', '1–12']}, 'name': ['Laurel Elementary School', 'Lake Marion Creek Elementary School', 'Haines City Senior High School', 'Palmetto Elementary School', 'Shelley S. Boone Middle School', 'Davenport Community Campus School', 'Pleasant Hill Academy Private School', 'Chosen Generation Christian Academy Private School']}]",0,34759,,FL,,,,O5760642,"$23,000"
for sale,,single-family home,1710 Gunter St,3 Baths,"{'atAGlanceFacts': [{'factValue': '2019', 'factLabel': 'Year built'}, {'factValue': '', 'factLabel': 'Remodeled year'}, {'factValue': 'Forced Air', 'factLabel': 'Heating'}, {'factValue': 'Central', 'factLabel': 'Cooling'}, {'factValue': '', 'factLabel': 'Parking'}, {'factValue': '10,280 sqft', 'factLabel': 'lotsize'}, {'factValue': '$217/sqft', 'factLabel': 'Price/sqft'}]}",yes,Durham,"[{'rating': ['1/10', '4/10', '5/10'], 'data': {'Distance': ['0.82mi', '5.06mi', '1.73mi'], 'Grades': ['PK-5', '9-12', '6-8']}, 'name': ['Lakewood Elementary', 'Charles E Jordan Sr High School', 'Sherwood Githens Middle']}]","1,772 sqft",27707,4 Beds,NC,,,,2279269,"$384,000"
for sale,,lot/land,McHard Rd,,"{'atAGlanceFacts': [{'factValue': '', 'factLabel': 'Year built'}, {'factValue': '', 'factLabel': 'Remodeled year'}, {'factValue': '', 'factLabel': 'Heating'}, {'factValue': '', 'factLabel': 'Cooling'}, {'factValue': '', 'factLabel': 'Parking'}, {'factValue': '7.50 acres', 'factLabel': 'lotsize'}, {'factValue': None, 'factLabel': 'Price/sqft'}]}",,Pearland,"[{'rating': ['9/10', '6/10', '8/10', '9/10'], 'data': {'Distance': ['3.98mi', '1.23mi', '1.9mi', '3.83mi'], 'Grades': ['7-8', 'PK-4', '9-12', '5-6']}, 'name': ['Berry Miller J High School', 'Challenger Elementary School', 'Glenda Dawson High School', 'Rogers Middle School']}]",,77584,,TX,,,,86927475,"$562,500"
Active,,,1750 James Ave Unit 7C ,"1,000","{'atAGlanceFacts': [{'factValue': '1970', 'factLabel': 'Year built'}, {'factValue': '1970', 'factLabel': 'Remodeled year'}, {'factValue': 'Central Air', 'factLabel': 'Heating'}, {'factValue': 'Has Cooling', 'factLabel': 'Cooling'}, {'factValue': '', 'factLabel': 'Parking'}, {'factValue': '—', 'factLabel': 'lotsize'}, {'factValue': '$292 / Sq. Ft.', 'factLabel': 'Price/sqft'}]}",,Miami Beach,"[{'rating': ['5', '10', 'NR', '4', '4'], 'data': {'Distance': ['0.5 mi', '25.4 mi', '21.0 mi', '1.6 mi', '0.4 mi'], 'Grades': ['Preschool to 8', 'Preschool to 8', 'K to 9', '6 to 8', '9 to 12']}, 'name': ['Fienberg/fisher K-8 Center', 'Air Base Elementary School', 'Robert Morgan Voc-Tech Institute', 'Nautilus Middle School', 'Miami Beach Senior High School']}]",614,33139,Baths,FL,,,,A10779794,"179,000"
,,Single Family,1102 Lamar,2.0,"{'atAGlanceFacts': [{'factValue': '1940', 'factLabel': 'Year built'}, {'factValue': '1970', 'factLabel': 'Remodeled year'}, {'factValue': 'Wall', 'factLabel': 'Heating'}, {'factValue': 'Central', 'factLabel': 'Cooling'}, {'factValue': '2 spaces', 'factLabel': 'Parking'}, {'factValue': '6,930 sqft', 'factLabel': 'lotsize'}, {'factValue': '$277', 'factLabel': 'Price/sqft'}]}",Not Applicable,San Antonio,"[{'rating': ['2/10', '3/10'], 'data': {'Distance': ['0.4 mi', '2.2 mi'], 'Grades': ['PK-7', '9-12']}, 'name': ['Bowden Elementary School', 'Brackenridge High School']}]","1,500",78202,3,TX,1.0,,,1401973,"$415,000"
for sale,,condo,28 Porto Mar #101,5 Baths,"{'atAGlanceFacts': [{'factValue': '2007', 'factLabel': 'Year built'}, {'factValue': '2007', 'factLabel': 'Remodeled year'}, {'factValue': 'Heat Pump', 'factLabel': 'Heating'}, {'factValue': 'Central', 'factLabel': 'Cooling'}, {'factValue': '', 'factLabel': 'Parking'}, {'factValue': '0.53 acres', 'factLabel': 'lotsize'}, {'factValue': '$350/sqft', 'factLabel': 'Price/sqft'}]}",yes,Palm Coast,"[{'rating': ['5/10', '7/10', '6/10'], 'data': {'Distance': ['3.99mi', '7.29mi', '4.91mi'], 'Grades': ['9-12', 'PK-6', '7-8']}, 'name': ['Matanzas High School', 'Old Kings Elementary School', 'Indian Trails Middle School']}]","4,287 sqft",32137,4 Beds,FL,,,yes,243348,"$1,499,500"
for sale,,single-family home,136 SE Bella Strano Port,4 Baths,"{'atAGlanceFacts': [{'factValue': '2005', 'factLabel': 'Year built'}, {'factValue': '2005', 'factLabel': 'Remodeled year'}, {'factValue': 'Forced Air', 'factLabel': 'Heating'}, {'factValue': 'Central', 'factLabel': 'Cooling'}, {'factValue': 'Attached Garage', 'factLabel': 'Parking'}, {'factValue': '7,623 sqft', 'factLabel': 'lotsize'}, {'factValue': '$198/sqft', 'factLabel': 'Price/sqft'}]}",,Port Saint Lucie,"[{'rating': ['7/10', '5/10', '5/10', '4/10', '4/10', '5/10', '6/10', '5/10', '6/10', '6/10'], 'data': {'Distance': ['4.54mi', '5.48mi', '7.68mi', '9.47mi', '6.84mi', '4.07mi', '5.28mi', '7.64mi', '5.2mi', '10.18mi'], 'Grades': ['PK-5', 'PK-5', 'K-8', 'PK-5', '9-12', '6-8', 'PK-5', '6-8', 'PK-5', 'PK-5']}, 'name': ['Morningside Elementary School', 'Floresta Elementary School', 'Northport K-8 School', 'Parkway Elementary School', 'Port St. Lucie High School', 'Southport Middle School', 'Mariposa Elementary School', 'Southern Oaks Middle School', 'Savanna Ridge Elementary School', 'Rivers Edge Elementary School']}]","2,658 sqft",34984,4 Beds,FL,1.0,,yes,F10194082,"$525,000"
for sale,,townhouse,160 Excell Rd #Q,3 Baths,"{'atAGlanceFacts': [{'factValue': '', 'factLabel': 'Year built'}, {'factValue': '', 'factLabel': 'Remodeled year'}, {'factValue': 'Forced Air', 'factLabel': 'Heating'}, {'factValue': 'Central', 'factLabel': 'Cooling'}, {'factValue': 'Attached Garage', 'factLabel': 'Parking'}, {'factValue': '', 'factLabel': 'lotsize'}, {'factValue': '$155/sqft', 'factLabel': 'Price/sqft'}]}",,Clarksville,"[{'rating': ['7/10', '7/10', '7/10'], 'data': {'Distance': ['1.94mi', '2.39mi', '1.85mi'], 'Grades': ['6-8', 'K-5', '9-12']}, 'name': ['Richview Middle School', 'Sango Elementary School', 'Clarksville High School']}]","1,403 sqft",37043,3 Beds,TN,2,,,2097090,"$217,360"
for sale,,single-family home,3106 18th St W,2 Baths,"{'atAGlanceFacts': [{'factValue': '1998', 'factLabel': 'Year built'}, {'factValue': '1998', 'factLabel': 'Remodeled year'}, {'factValue': 'Forced Air', 'factLabel': 'Heating'}, {'factValue': 'Central', 'factLabel': 'Cooling'}, {'factValue': 'Attached Garage', 'factLabel': 'Parking'}, {'factValue': '0.5 acres', 'factLabel': 'lotsize'}, {'factValue': '$130/sqft', 'factLabel': 'Price/sqft'}]}",,Lehigh Acres,"[{'rating': ['4/10', '3/10', '2/10', '3/10', '5/10', '3/10', '5/10', '4/10', '2/10', '5/10', '3/10', '5/10'], 'data': {'Distance': ['0.98mi', '5.39mi', '7.46mi', '7.25mi', '5.94mi', '0.96mi', '5.02mi', '2.59mi', '9.56mi', '2.27mi', '7.46mi', '2.35mi'], 'Grades': ['PK-5', 'PK-5', 'PK-5', 'PK-5', '9-12', 'PK-5', 'PK-5', '9-12', '9-12', '6-8', '6-8', 'PK-5']}, 'name': ['Harns Marsh Elementary School', 'River Hall Elementary School', 'Manatee Elementary School', 'Treeline Elementary School', 'Riverdale High School', 'Sunshine Elementary School', 'Gateway Elementary School', 'Lehigh Senior High School', 'Dunbar High School', 'Varsity Lakes Middle School', 'Oak Hammock Middle School', 'Tortuga Preserve Elementary School']}]","1,918 sqft",33971,3 Beds,FL,1.0,,,217043606,"$250,000"
Active,,Single Family Home,7051 Autumn Lake Trl,3.5,"{'atAGlanceFacts': [{'factValue': '2001', 'factLabel': 'Year built'}, {'factValue': '', 'factLabel': 'Remodeled year'}, {'factValue': 'Central, Gas', 'factLabel': 'Heating'}, {'factValue': '2 or More Units, Central, Electric', 'factLabel': 'Cooling'}, {'factValue': '2 Car Garage, Attached, Main Level, Off Street Parking', 'factLabel': 'Parking'}, {'factValue': '27443', 'factLabel': 'lotsize'}, {'factValue': '$121', 'factLabel': 'Price/sqft'}]}","Gas Logs, In Den/Family Room",Hixson,"[{'rating': ['7', '5', '3', '7', '8', '4', 'NR', 'NR'], 'data': {'Distance': ['2.8 mi', '1.9 mi', '1.7 mi', '2.9 mi', '2.8 mi', '3.6 mi', '2.8 mi', '3.0 mi'], 'Grades': ['K–5', '6–8', '9–12', 'K–5', '6–8', '6–12', 'K–9', '9–12']}, 'name': ['Big Ridge Elementary School', 'Hixson Middle School', 'Hixson High School', 'Mcconnell Elementary School', 'Loftis Middle School', 'Ivy Academy Inc School', 'Hixson SDA Private School', 'Bethel Bible Village Campus Private School']}]",2955,37343,4.0,TN,,,,1310580,"$359,000"
Active,,,1251 Tahoe Rd ,,"{'atAGlanceFacts': [{'factValue': '1971', 'factLabel': 'Year built'}, {'factValue': '', 'factLabel': 'Remodeled year'}, {'factValue': '', 'factLabel': 'Heating'}, {'factValue': '', 'factLabel': 'Cooling'}, {'factValue': '', 'factLabel': 'Parking'}, {'factValue': '6,600 Sq. Ft.', 'factLabel': 'lotsize'}, {'factValue': '$46 / Sq. Ft.', 'factLabel': 'Price/sqft'}]}",,Memphis,"[{'rating': ['3', 'NR', '4', '3', '2'], 'data': {'Distance': ['0.9 mi', '1.1 mi', '0.8 mi', '1.1 mi', '1.1 mi'], 'Grades': ['Preschool to 5', 'Preschool to 6', '7 to 8', '6', '9 to 12']}, 'name': ['Double Tree Elementary School', 'Whites Chapel Elementary School', 'Chickasaw Junior High School', 'Kipp Memphis University Middle', 'Westwood Middle/ High School']}]",,38109,,TN,,,,10056859,"54,995"
for sale,,lot/land,1410 Broad St,,"{'atAGlanceFacts': [{'factValue': '1980', 'factLabel': 'Year built'}, {'factValue': '', 'factLabel': 'Remodeled year'}, {'factValue': 'Other', 'factLabel': 'Heating'}, {'factValue': '', 'factLabel': 'Cooling'}, {'factValue': '', 'factLabel': 'Parking'}, {'factValue': '4.16 acres', 'factLabel': 'lotsize'}, {'factValue': '$1,031/sqft', 'factLabel': 'Price/sqft'}]}",,Brooksville,"[{'rating': ['3/10', '5/10', '4/10'], 'data': {'Distance': ['6.88mi', '9.56mi', '8.5mi'], 'Grades': ['PK-5', '6-8', 'PK-12']}, 'name': ['Moton Elementary School', 'D. S. Parrott Middle School', 'Hernando High School']}]",480 sqft,34604,,FL,,,,778209,"$495,000"
for sale,,single-family home,11320 Midbury Ct,2.5 Baths,"{'atAGlanceFacts': [{'factValue': '2002', 'factLabel': 'Year built'}, {'factValue': '', 'factLabel': 'Remodeled year'}, {'factValue': 'Other', 'factLabel': 'Heating'}, {'factValue': 'Central', 'factLabel': 'Cooling'}, {'factValue': 'Attached Garage', 'factLabel': 'Parking'}, {'factValue': '6,373 sqft', 'factLabel': 'lotsize'}, {'factValue': '$117/sqft', 'factLabel': 'Price/sqft'}]}",yes,Austin,"[{'rating': ['5/10', '6/10', '4/10'], 'data': {'Distance': ['1.28mi', '1.83mi', '2.52mi'], 'Grades': ['PK-5', '6-8', '9-12']}, 'name': ['Menchaca Elementary School', 'Bailey Middle School', 'Akins High School']}]","2,643 sqft",78748,3 Beds,TX,2.0,,,4335765,"$310,000"
Active,,"Detached, One Story",14522 SW 168th Ter ,,"{'atAGlanceFacts': [{'factValue': '1994', 'factLabel': 'Year built'}, {'factValue': '1994', 'factLabel': 'Remodeled year'}, {'factValue': 'Central Air', 'factLabel': 'Heating'}, {'factValue': 'Has Cooling', 'factLabel': 'Cooling'}, {'factValue': '', 'factLabel': 'Parking'}, {'factValue': '6,020 Sq. Ft.', 'factLabel': 'lotsize'}, {'factValue': '$188 / Sq. Ft.', 'factLabel': 'Price/sqft'}]}",,Miami,"[{'rating': ['5', '10', 'NR', '7', '3'], 'data': {'Distance': ['3.0 mi', '6.8 mi', '2.5 mi', '2.1 mi', '7.8 mi'], 'Grades': ['Preschool to 5', 'Preschool to 8', 'K to 9', '6 to 8', '9 to 12']}, 'name': ['Miami Heights Elementary School', 'Air Base Elementary School', 'Robert Morgan Voc-Tech Institute', 'Jorge Mas Canosa Middle School', 'South Dade Senior High School']}]","2,237",33177,,FL,,,,A10724000,"419,900"
Active,,,MLS #: DEGI3734606,,"{'atAGlanceFacts': [{'factValue': '', 'factLabel': 'Year built'}, {'factValue': '', 'factLabel': 'Remodeled year'}, {'factValue': '', 'factLabel': 'Heating'}, {'factValue': '', 'factLabel': 'Cooling'}, {'factValue': '', 'factLabel': 'Parking'}, {'factValue': '—', 'factLabel': 'lotsize'}, {'factValue': None, 'factLabel': 'Price/sqft'}]}",,Brooklyn,"[{'rating': ['5', 'NR', 'NR', 'NR'], 'data': {'Distance': ['0.2 mi', '0.1 mi', '0.2 mi', '0.2 mi'], 'Grades': ['Preschool to 5', 'Preschool to 8', 'Preschool to 8', 'Preschool to 12']}, 'name': ['P.S. 261 Philip Livingston', 'A Fantis Parochial School', 'Brooklyn Heights Montessori School', 'Brooklyn Friends School']}]",,11201,,NY,,,,DEGI3734606,"925,000"
for sale,,single-family home,4893 Old Hydes Ferry Pike,2 Baths,"{'atAGlanceFacts': [{'factValue': '1958', 'factLabel': 'Year built'}, {'factValue': '1958', 'factLabel': 'Remodeled year'}, {'factValue': 'Wall', 'factLabel': 'Heating'}, {'factValue': 'Central', 'factLabel': 'Cooling'}, {'factValue': 'Detached Garage', 'factLabel': 'Parking'}, {'factValue': '2.04 acres', 'factLabel': 'lotsize'}, {'factValue': '$82/sqft', 'factLabel': 'Price/sqft'}]}",yes,Nashville,"[{'rating': ['2/10', '1/10', '2/10'], 'data': {'Distance': ['7.2mi', '2.66mi', '7.83mi'], 'Grades': ['9-12', 'PK-4', '5-8']}, 'name': ['Whites Creek Comp High School', 'Cumberland Elementary School', 'Joelton Middle School']}]","3,136 sqft",37218,3 Beds,TN,1.0,,,2098634,"$257,500"
Pending,,Single Family Home,640 S Lincoln Ave,1,"{'atAGlanceFacts': [{'factValue': '1951', 'factLabel': 'Year built'}, {'factValue': '', 'factLabel': 'Remodeled year'}, {'factValue': '', 'factLabel': 'Heating'}, {'factValue': '', 'factLabel': 'Cooling'}, {'factValue': '0', 'factLabel': 'Parking'}, {'factValue': '8621', 'factLabel': 'lotsize'}, {'factValue': '$574', 'factLabel': 'Price/sqft'}]}",,Monterey Park,"[{'rating': ['9', '7', '10', '7', '6', 'NR', 'NR', 'NR'], 'data': {'Distance': ['0.3 mi', '0.6 mi', '1.2 mi', '1.6 mi', '1.7 mi', '2.3 mi', '0.4 mi', '0.6 mi'], 'Grades': ['K–8', 'K–8', '9–12', 'K–8', 'K–8', '7–12', 'K–12', 'K–8']}, 'name': ['Repetto Elementary School', 'Ynez Elementary School', 'Mark Keppel High School', 'Ramona Elementary School', 'Marguerita Elementary School', 'East Los Angeles Community Day School', 'Justice Elementary Private School', 'St. Stephen Martyr Private School']}]",1171,91755,3,CA,,,,19-514082,"$672,500"
For sale,,Single Family,23535 Dracaea Ave,Bathrooms: 3,"{'atAGlanceFacts': [{'factValue': '1980', 'factLabel': 'Year built'}, {'factValue': '', 'factLabel': 'Remodeled year'}, {'factValue': 'Forced air', 'factLabel': 'Heating'}, {'factValue': 'Central', 'factLabel': 'Cooling'}, {'factValue': '2 spaces', 'factLabel': 'Parking'}, {'factValue': '7,405 sqft lot', 'factLabel': 'lotsize'}, {'factValue': '$201', 'factLabel': 'Price/sqft'}]}",,Moreno Valley,"[{'rating': ['2/10', '2/10', '3/10'], 'data': {'Distance': ['0.5 mi', '0.5 mi', '0.3 mi'], 'Grades': ['K-5', '6-8', '9-12']}, 'name': ['Creekside Elementary School', 'Sunnymead Middle School', 'Moreno Valley High School']}]","Total interior livable area: 1,784 sqft",92553,4 bd,CA,2.0,DW19026293,,,"$359,000"
Pending,,Multi-Family Home,15310 Lydian Ave,3,"{'atAGlanceFacts': [{'factValue': '1926', 'factLabel': 'Year built'}, {'factValue': '', 'factLabel': 'Remodeled year'}, {'factValue': 'Forced Air, Space Heaters', 'factLabel': 'Heating'}, {'factValue': 'Window Unit(s)', 'factLabel': 'Cooling'}, {'factValue': '', 'factLabel': 'Parking'}, {'factValue': '5188', 'factLabel': 'lotsize'}, {'factValue': '$59', 'factLabel': 'Price/sqft'}]}",,Cleveland,"[{'rating': ['6', '5', '3', '3', '5', '3', 'NR', 'NR'], 'data': {'Distance': ['3.1 mi', '13.1 mi', '0.8 mi', '0.4 mi', '0.5 mi', '0.9 mi', '0.6 mi', '0.7 mi'], 'Grades': ['K–5', '3–12', 'PK–10', 'PK–8', '5–8', '9–11', 'K–8', '9–12']}, 'name': ['Louisa May Alcott Elementary School', 'Whitney Young School', 'Garfield Elementary School', 'Newton D Baker School', 'Constellation Schools: Westpark Community Middle', 'John Marshall School of Information Technology', 'Our Lady Of Angels Private School', 'St Joseph Academy Private School']}]",2788,44111,5.0,OH,3.00,,,4132128,"$164,900"
for sale,,single-family home,4303 Dudley Dr NE #43,3 Baths,"{'atAGlanceFacts': [{'factValue': '', 'factLabel': 'Year built'}, {'factValue': '', 'factLabel': 'Remodeled year'}, {'factValue': '', 'factLabel': 'Heating'}, {'factValue': '', 'factLabel': 'Cooling'}, {'factValue': '', 'factLabel': 'Parking'}, {'factValue': '4356 sqft', 'factLabel': 'lotsize'}, {'factValue': '$176/sqft', 'factLabel': 'Price/sqft'}]}",,Lacey,"[{'rating': ['5/10', '7/10', '5/10'], 'data': {'Distance': ['4.39mi', '4.65mi', '2.6mi'], 'Grades': ['6-8', '9-12', 'K-6']}, 'name': ['Chinook Middle School', 'North Thurston High School', 'Olympic View Elementary School']}]","2,692 sqft",98516,5 Beds,WA,,,,1547025,"$474,950"
,,Single Family,4563 33rd Ave S,2,"{'atAGlanceFacts': [{'factValue': '1907', 'factLabel': 'Year built'}, {'factValue': None, 'factLabel': 'Remodeled year'}, {'factValue': 'Wall', 'factLabel': 'Heating'}, {'factValue': 'Other', 'factLabel': 'Cooling'}, {'factValue': 'Off street', 'factLabel': 'Parking'}, {'factValue': '3,001 sqft', 'factLabel': 'lotsize'}, {'factValue': None, 'factLabel': 'Price/sqft'}]}",,Seattle,"[{'rating': ['4/10', '7/10', '4/10'], 'data': {'Distance': ['0.6 mi', '1.3 mi', '0.9 mi'], 'Grades': ['PK-5', '6-8', '9-12']}, 'name': ['Hawthorne Elementary School', 'Mercer Middle School', 'Franklin High School']}]","1,460",98118,3,WA,,,,,"$264,474"
Active,,Single Family Home,9306 Winston Hall Ct,2,"{'atAGlanceFacts': [{'factValue': '2001', 'factLabel': 'Year built'}, {'factValue': '', 'factLabel': 'Remodeled year'}, {'factValue': ', Gas Hot Air/Furnace', 'factLabel': 'Heating'}, {'factValue': 'Central Air, Gas Hot Air/Furnace', 'factLabel': 'Cooling'}, {'factValue': 'Garage - 2 Car', 'factLabel': 'Parking'}, {'factValue': '14810', 'factLabel': 'lotsize'}, {'factValue': '$220', 'factLabel': 'Price/sqft'}]}",FAMILYRM,Charlotte,"[{'rating': ['9', '9', '10', '9', '10', '7', 'NR', 'NR'], 'data': {'Distance': ['1.0 mi', '0.7 mi', '0.3 mi', '1.2 mi', '3.5 mi', '6.1 mi', '0.9 mi', '1.0 mi'], 'Grades': ['K–5', '6–8', '9–12', 'K–5', '6–8', '9–12', 'K–K', 'K–9']}, 'name': ['Elon Park Elementary School', 'Community House Middle School', 'Ardrey Kell High School', 'Hawk Ridge Elementary School', 'Jay M Robinson Middle School', 'South Mecklenburg High School', 'Kids R Kids Private School', 'Omni Montessori Private School']}]",1315,28277,3,NC,1 Story,,,3573995,"$289,900"
for sale,,multi-family,2107 Apex Ave,3 Baths,"{'atAGlanceFacts': [{'factValue': '1952', 'factLabel': 'Year built'}, {'factValue': '', 'factLabel': 'Remodeled year'}, {'factValue': 'Wall', 'factLabel': 'Heating'}, {'factValue': '', 'factLabel': 'Cooling'}, {'factValue': '', 'factLabel': 'Parking'}, {'factValue': '6,326 sqft', 'factLabel': 'lotsize'}, {'factValue': '$718/sqft', 'factLabel': 'Price/sqft'}]}",,Los Angeles,"[{'rating': ['8/10', '7/10', '8/10'], 'data': {'Distance': ['0.37mi', '1.17mi', '1.36mi'], 'Grades': ['K-6', '6-8', '9-12']}, 'name': ['Clifford Street Elementary School', 'Thomas Starr King Middle School', 'John Marshall Senior High School']}]","1,808 sqft",90039,3 Beds,CA,,,,319003168,"$1,299,000"
For sale,,Condo,142 Chestnut St APT 7,4.0,"{'atAGlanceFacts': [{'factValue': '1930', 'factLabel': 'Year built'}, {'factValue': None, 'factLabel': 'Remodeled year'}, {'factValue': 'Heat pump', 'factLabel': 'Heating'}, {'factValue': 'Central', 'factLabel': 'Cooling'}, {'factValue': 'No Data', 'factLabel': 'Parking'}, {'factValue': None, 'factLabel': 'lotsize'}, {'factValue': '$1,154', 'factLabel': 'Price/sqft'}]}",,Boston,"[{'rating': ['1/10'], 'data': {'Distance': ['0.8 mi'], 'Grades': ['1-12']}, 'name': ['William Mckinley']}]","3,463",2108,3,MA,,,,72585504,"$3,995,000"
Active Under Contract,,Single Family Home,3945 W Point Dr,3,"{'atAGlanceFacts': [{'factValue': '1964', 'factLabel': 'Year built'}, {'factValue': '', 'factLabel': 'Remodeled year'}, {'factValue': 'Central Furnace', 'factLabel': 'Heating'}, {'factValue': '', 'factLabel': 'Cooling'}, {'factValue': '2', 'factLabel': 'Parking'}, {'factValue': '4801', 'factLabel': 'lotsize'}, {'factValue': '$417', 'factLabel': 'Price/sqft'}]}",,Los Angeles,"[{'rating': ['2', '6', '2', '2', '5', '4', 'NR', 'NR'], 'data': {'Distance': ['0.5 mi', '2.6 mi', '0.7 mi', '0.6 mi', '0.5 mi', '1.3 mi', '0.6 mi', '1.0 mi'], 'Grades': ['K–5', '6–8', '6–12', 'K–5', '6–8', '6–12', 'K–8', 'K–8']}, 'name': ['Loreto Street Elementary School', 'Luther Burbank Middle School', 'Los Angeles Leadership Academy School', 'Hillside Elementary School', 'Florence Nightingale Middle School', 'Academia Avance Charter School', 'Divine Saviour Private School', 'Sycamore Grove Private School']}]",1800,90065,3,CA,,,,SR19258963,"$750,000"
Active,,,MLS #: VERU1843026,,"{'atAGlanceFacts': [{'factValue': '', 'factLabel': 'Year built'}, {'factValue': '', 'factLabel': 'Remodeled year'}, {'factValue': '', 'factLabel': 'Heating'}, {'factValue': '', 'factLabel': 'Cooling'}, {'factValue': '', 'factLabel': 'Parking'}, {'factValue': '—', 'factLabel': 'lotsize'}, {'factValue': None, 'factLabel': 'Price/sqft'}]}",,New York,"[{'rating': ['9', 'NR', 'NR', 'NR'], 'data': {'Distance': ['0.2 mi', '0.2 mi', '0.2 mi', '0.3 mi'], 'Grades': ['K to 5', 'Preschool to 8', 'N/A', 'K to 7']}, 'name': ['PS 199 Jessie Isador Straus', 'Manhattan Day School', 'West End Day School', ""Congregation B'Nai Jeshurun Heb""]}]",,10069,,NY,,,,VERU1843026,"1,699,000"
for sale,,lot/land,52 Wellwood Ln,,"{'atAGlanceFacts': [{'factValue': '', 'factLabel': 'Year built'}, {'factValue': '', 'factLabel': 'Remodeled year'}, {'factValue': '', 'factLabel': 'Heating'}, {'factValue': '', 'factLabel': 'Cooling'}, {'factValue': '', 'factLabel': 'Parking'}, {'factValue': '10018 sqft', 'factLabel': 'lotsize'}, {'factValue': '$3/sqft', 'factLabel': 'Price/sqft'}]}",,Palm Coast,"[{'rating': ['5/10', '5/10', '4/10'], 'data': {'Distance': ['3.33mi', '5.75mi', '2.4mi'], 'Grades': ['PK-6', '9-12', '7-8']}, 'name': ['Rymfire Elementary School', 'Flagler-Palm Coast High School', 'Buddy Taylor Middle School']}]","10,000 sqft",32164,,FL,,,,250392,"$25,000"
For sale,,Single Family,13080 Wilshire Dr,1.0,"{'atAGlanceFacts': [{'factValue': '1941', 'factLabel': 'Year built'}, {'factValue': None, 'factLabel': 'Remodeled year'}, {'factValue': 'Forced air', 'factLabel': 'Heating'}, {'factValue': 'No Data', 'factLabel': 'Cooling'}, {'factValue': '1 space', 'factLabel': 'Parking'}, {'factValue': '6,098 sqft', 'factLabel': 'lotsize'}, {'factValue': '$31', 'factLabel': 'Price/sqft'}]}",,Detroit,"[{'rating': ['3/10', '1/10'], 'data': {'Distance': ['2.1 mi', '1.5 mi'], 'Grades': ['K-8', '9-12']}, 'name': ['Brenda Scott Academy For Theatre Arts', 'Denby High School']}]","1,304",48213,4,MI,1,,,219110683,"$39,900"
For sale,,Condo,1555 Delucchi Ln UNIT A,1,"{'atAGlanceFacts': [{'factValue': '1979', 'factLabel': 'Year built'}, {'factValue': None, 'factLabel': 'Remodeled year'}, {'factValue': 'Forced air', 'factLabel': 'Heating'}, {'factValue': 'Central', 'factLabel': 'Cooling'}, {'factValue': '1 space', 'factLabel': 'Parking'}, {'factValue': None, 'factLabel': 'lotsize'}, {'factValue': '$192', 'factLabel': 'Price/sqft'}]}",,Reno,"[{'rating': ['5/10', '6/10', '8/10'], 'data': {'Distance': ['2.2 mi', '0.5 mi', '5.1 mi'], 'Grades': ['PK-6', '6-8', '9-12']}, 'name': ['Donner Springs Elementary School', 'Edward L Pine Middle School', 'Damonte Ranch High School']}]",860,89502,2,NV,1.0,,,190017309,"$164,900"
for sale,,lot/land,4385 Wakeman Dr,,"{'atAGlanceFacts': [{'factValue': '', 'factLabel': 'Year built'}, {'factValue': '', 'factLabel': 'Remodeled year'}, {'factValue': '', 'factLabel': 'Heating'}, {'factValue': '', 'factLabel': 'Cooling'}, {'factValue': '', 'factLabel': 'Parking'}, {'factValue': '10,454 sqft', 'factLabel': 'lotsize'}, {'factValue': None, 'factLabel': 'Price/sqft'}]}",,Winston Salem,"[{'rating': ['3/10', '2/10', '3/10'], 'data': {'Distance': ['1.71mi', '0.75mi', '2.78mi'], 'Grades': ['9-12', 'PK-5', '6-8']}, 'name': ['Carver High', 'Ibraham Elementary', 'Walkertown Middle']}]",,27105,,NC,,,,931781,"$7,000"
,,Single Family,12719 Ashford Creek Dr,3,"{'atAGlanceFacts': [{'factValue': '1981', 'factLabel': 'Year built'}, {'factValue': '1981', 'factLabel': 'Remodeled year'}, {'factValue': 'Other', 'factLabel': 'Heating'}, {'factValue': 'Central', 'factLabel': 'Cooling'}, {'factValue': '2 spaces', 'factLabel': 'Parking'}, {'factValue': '5,005 sqft', 'factLabel': 'lotsize'}, {'factValue': '$84', 'factLabel': 'Price/sqft'}]}",,Houston,"[{'rating': ['4/10', '6/10', '4/10'], 'data': {'Distance': ['0.9 mi', '2.1 mi', '1.6 mi'], 'Grades': ['PK-4', '7-8', '9-12']}, 'name': ['Heflin Elementary School', ""O'donnell Middle School"", 'Elsik High School']}]","2,309",77082,4,TX,2.0,,,4084553,"$194,900"
for sale,,coop,6837 108th St #4F,,"{'atAGlanceFacts': [{'factValue': '1939', 'factLabel': 'Year built'}, {'factValue': '', 'factLabel': 'Remodeled year'}, {'factValue': '', 'factLabel': 'Heating'}, {'factValue': '', 'factLabel': 'Cooling'}, {'factValue': '', 'factLabel': 'Parking'}, {'factValue': '0.46 acres', 'factLabel': 'lotsize'}, {'factValue': '$6/sqft', 'factLabel': 'Price/sqft'}]}",,Forest Hills,"[{'rating': ['5/10', '8/10', '10/10'], 'data': {'Distance': ['0.26mi', '0.55mi', '0.5mi'], 'Grades': ['9-12', '6-9', 'PK-5']}, 'name': ['Forest Hills High School', 'Jhs 157 Stephen A Halsey', 'Ps 196 Grand Central Parkway']}]","71,838 sqft",11375,,NY,,,,3153584,"$440,000"
Active,,Condo/Townhome/Row Home/Co-Op,1025 S Shepherd Dr Unit 102,2,"{'atAGlanceFacts': [{'factValue': '1998', 'factLabel': 'Year built'}, {'factValue': '', 'factLabel': 'Remodeled year'}, {'factValue': '', 'factLabel': 'Heating'}, {'factValue': 'Central Electric, Zoned', 'factLabel': 'Cooling'}, {'factValue': '2', 'factLabel': 'Parking'}, {'factValue': None, 'factLabel': 'lotsize'}, {'factValue': '$282', 'factLabel': 'Price/sqft'}]}",,Houston,"[{'rating': ['4', '10', '5', '10', '8', '7', 'NR', 'NR'], 'data': {'Distance': ['0.8 mi', '1.0 mi', '1.5 mi', '0.9 mi', '1.0 mi', '0.6 mi', '0.5 mi', '0.9 mi'], 'Grades': ['PK–8', '6–8', '9–12', 'PK–5', 'PK–8', '9–12', '9–12', 'PK–8']}, 'name': ['Wilson Montessori School', 'Lanier Middle School', 'Lamar High School', 'River Oaks Elementary School', 'Wharton Dual Language Academy School', 'Law Enfcmt-Crim Just High School', 'St Thomas Private School', 'St Anne Catholic Private School']}]",2658,77019,2.0,TX,,,,71547992,"$750,000"
for sale,,townhouse,4430 N Michigan Ave,4 Baths,"{'atAGlanceFacts': [{'factValue': '2016', 'factLabel': 'Year built'}, {'factValue': '', 'factLabel': 'Remodeled year'}, {'factValue': 'Forced Air', 'factLabel': 'Heating'}, {'factValue': 'Central', 'factLabel': 'Cooling'}, {'factValue': 'Off Street', 'factLabel': 'Parking'}, {'factValue': '2,500 sqft', 'factLabel': 'lotsize'}, {'factValue': '$296/sqft', 'factLabel': 'Price/sqft'}]}",yes,Portland,"[{'rating': ['3/10', '1/10', '7/10'], 'data': {'Distance': ['0.41mi', '0.53mi', '2.67mi'], 'Grades': ['9-12', 'PK-8', '9-12']}, 'name': ['Jefferson High School', 'Boise-Eliot Elementary School', 'Grant High School']}]","2,771 sqft",97217,4 Beds,OR,3.0,,,19233543,"$819,900"
Active,,Single Family Home,1189 Auburn Lane,2,"{'atAGlanceFacts': [{'factValue': '', 'factLabel': 'Year built'}, {'factValue': '', 'factLabel': 'Remodeled year'}, {'factValue': '', 'factLabel': 'Heating'}, {'factValue': '', 'factLabel': 'Cooling'}, {'factValue': '', 'factLabel': 'Parking'}, {'factValue': None, 'factLabel': 'lotsize'}, {'factValue': '$90', 'factLabel': 'Price/sqft'}]}",,Hastings,"[{'rating': ['NR', '4', '5', '5', 'NR', 'NR'], 'data': {'Distance': ['2.6 mi', '3.3 mi', '3.4 mi', '3.3 mi', '3.5 mi', '4.7 mi'], 'Grades': ['K–12', '6–8', '9–12', 'K–5', 'PK–6', '2–7']}, 'name': ['Barry Isd Special Education School', 'Hastings Middle School', 'Hastings High School', 'Central Elementary School', 'St Rose Of Lima Private School', 'Hastings Adventist Elementary Private School']}]","2,060",49058,3.0,MI,,,,161619285,"$185,800"
for sale,,townhouse,1379 Flowing Tide Dr,2.5 Baths,"{'atAGlanceFacts': [{'factValue': '', 'factLabel': 'Year built'}, {'factValue': '', 'factLabel': 'Remodeled year'}, {'factValue': '', 'factLabel': 'Heating'}, {'factValue': '', 'factLabel': 'Cooling'}, {'factValue': '', 'factLabel': 'Parking'}, {'factValue': '2,000 sqft', 'factLabel': 'lotsize'}, {'factValue': '$186/sqft', 'factLabel': 'Price/sqft'}]}",,Orlando,"[{'rating': ['5/10', '8/10', '5/10', '7/10', '7/10'], 'data': {'Distance': ['0.07mi', '3.82mi', '2.13mi', '13.43mi', '13.43mi'], 'Grades': ['PK-5', '6-8', '9-12', 'K-8', '9-12']}, 'name': ['Castle Creek Elementary School', 'Avalon Middle School', 'East River High School', 'Cornerstone Academy Charter', 'Cornerstone Charter Academy High School']}]","1,379 sqft",32828,3 Beds,FL,2.0,,yes,,"$256,980"
Active,,,756 58 St ,,"{'atAGlanceFacts': [{'factValue': '', 'factLabel': 'Year built'}, {'factValue': '1910', 'factLabel': 'Remodeled year'}, {'factValue': '', 'factLabel': 'Heating'}, {'factValue': '', 'factLabel': 'Cooling'}, {'factValue': '', 'factLabel': 'Parking'}, {'factValue': '2,003 Sq. Ft.', 'factLabel': 'lotsize'}, {'factValue': '$990 / Sq. Ft.', 'factLabel': 'Price/sqft'}]}",,Brooklyn,"[{'rating': ['8', '8', '3'], 'data': {'Distance': ['0.3 mi', '0.5 mi', '1.8 mi'], 'Grades': ['K to 5', '6 to 8', '9 to 12']}, 'name': ['PS 69 Vincent D Grippo School', 'Junior High School 220 John J Pershing', 'Franklin Delano Roosevelt High School']}]","2,000",11220,,NY,2,,,426359,"1,980,000"
Active,,,226 SW 13th Ave ,,"{'atAGlanceFacts': [{'factValue': '', 'factLabel': 'Year built'}, {'factValue': '', 'factLabel': 'Remodeled year'}, {'factValue': '', 'factLabel': 'Heating'}, {'factValue': '', 'factLabel': 'Cooling'}, {'factValue': '', 'factLabel': 'Parking'}, {'factValue': '—', 'factLabel': 'lotsize'}, {'factValue': None, 'factLabel': 'Price/sqft'}]}",,Miami,"[{'rating': ['4', '10', 'NR', '2', '2'], 'data': {'Distance': ['0.2 mi', '0.7 mi', '16.0 mi', '2.5 mi', '1.3 mi'], 'Grades': ['Preschool to 5', 'Preschool to 8', 'K to 9', '6 to 8', '9 to 12']}, 'name': ['Riverside Elementary Community School', 'Ada Merritt K-8 Center', 'Robert Morgan Voc-Tech Institute', 'Jose de Diego Middle School', 'Booker T. Washington Senior High School']}]",,33135,,FL,,,,A10380204,"300,000"
for sale,,condo,901 Colony Point Cir #119,2 Baths,"{'atAGlanceFacts': [{'factValue': '1980', 'factLabel': 'Year built'}, {'factValue': '1981', 'factLabel': 'Remodeled year'}, {'factValue': 'Forced Air', 'factLabel': 'Heating'}, {'factValue': 'Central', 'factLabel': 'Cooling'}, {'factValue': '', 'factLabel': 'Parking'}, {'factValue': '', 'factLabel': 'lotsize'}, {'factValue': '$170/sqft', 'factLabel': 'Price/sqft'}]}",,Pembroke Pines,"[{'rating': ['8/10', '7/10', '9/10'], 'data': {'Distance': ['1.38mi', '1.48mi', '0.63mi'], 'Grades': ['6-8', '9-12', 'PK-5']}, 'name': ['Walter C. Young Middle School', 'Charles W Flanagan High School', 'Pembroke Lakes Elementary School']}]",880 sqft,33026,2 Beds,FL,5.0,,,F10207046,"$150,000"
for sale,,single-family home,4517 20th Rd,4 Baths,"{'atAGlanceFacts': [{'factValue': '1925', 'factLabel': 'Year built'}, {'factValue': '1925', 'factLabel': 'Remodeled year'}, {'factValue': 'Other', 'factLabel': 'Heating'}, {'factValue': 'Central', 'factLabel': 'Cooling'}, {'factValue': 'Attached Garage', 'factLabel': 'Parking'}, {'factValue': '2,607 sqft', 'factLabel': 'lotsize'}, {'factValue': '$526/sqft', 'factLabel': 'Price/sqft'}]}",,Long Island City,"[{'rating': ['3/10', '3/10', '8/10', '8/10'], 'data': {'Distance': ['1.23mi', '1.23mi', '0.34mi', '0.34mi'], 'Grades': ['9-12', '9-12', 'K-5', 'K-5']}, 'name': ['William Cullen Bryant High School', 'William Cullen Bryant High School', 'Ps 2 Alfred Zimberg', 'Ps 2 Alfred Zimberg']}]","3,000 sqft",11105,3 Beds,NY,,,,,"$1,578,000"
For sale,Yes,Single Family,24448 Epson Ct,Bathrooms: 3,"{'atAGlanceFacts': [{'factValue': '1987', 'factLabel': 'Year built'}, {'factValue': '', 'factLabel': 'Remodeled year'}, {'factValue': 'Forced air', 'factLabel': 'Heating'}, {'factValue': 'Central', 'factLabel': 'Cooling'}, {'factValue': '3 spaces', 'factLabel': 'Parking'}, {'factValue': '1.15 acres lot', 'factLabel': 'lotsize'}, {'factValue': '$491', 'factLabel': 'Price/sqft'}]}",,Murrieta,"[{'rating': ['7/10', '6/10', '8/10'], 'data': {'Distance': ['0.5 mi', '0.9 mi', '0.7 mi'], 'Grades': ['K-5', '6-8', '9-12']}, 'name': ['Murrieta Elementary School', 'Thompson Middle School', 'Murrieta Valley High School']}]","Total interior livable area: 1,832 sqft",92562,3 bd,CA,1.0,SW19240910,,,"$899,000"
for sale,,single-family home,612 E 42nd St,2 Baths,"{'atAGlanceFacts': [{'factValue': '1930', 'factLabel': 'Year built'}, {'factValue': '1930', 'factLabel': 'Remodeled year'}, {'factValue': 'Radiant', 'factLabel': 'Heating'}, {'factValue': '', 'factLabel': 'Cooling'}, {'factValue': '', 'factLabel': 'Parking'}, {'factValue': '2,000 sqft', 'factLabel': 'lotsize'}, {'factValue': '$446/sqft', 'factLabel': 'Price/sqft'}]}",,Brooklyn,"[{'rating': ['6/10', '5/10'], 'data': {'Distance': ['0.2mi', '1.24mi'], 'Grades': ['PK-5', '6-8']}, 'name': ['Ps 198', 'Andries Hudde School']}]","1,408 sqft",11203,4 Beds,NY,,,,3187590,"$628,000"
for sale,,single-family home,25662 Green River Dr,3 Baths,"{'atAGlanceFacts': [{'factValue': '2006', 'factLabel': 'Year built'}, {'factValue': '', 'factLabel': 'Remodeled year'}, {'factValue': 'Forced Air', 'factLabel': 'Heating'}, {'factValue': 'Central', 'factLabel': 'Cooling'}, {'factValue': 'Attached Garage', 'factLabel': 'Parking'}, {'factValue': '0.51 acres', 'factLabel': 'lotsize'}, {'factValue': '$148/sqft', 'factLabel': 'Price/sqft'}]}",yes,San Antonio,"[{'rating': ['10/10', '8/10'], 'data': {'Distance': ['25.12mi', '25.12mi'], 'Grades': ['PK-5', '9-12']}, 'name': ['Timberwood Park Elementary School', 'Smithson Valley High School']}]","3,031 sqft",78260,3 Beds,TX,2.0,,,1423092,"$450,000"
Active,,Contemporary/Modern,4815 Corian Oak Dr ,,"{'atAGlanceFacts': [{'factValue': '1982', 'factLabel': 'Year built'}, {'factValue': '', 'factLabel': 'Remodeled year'}, {'factValue': 'Central Electric', 'factLabel': 'Heating'}, {'factValue': 'Central Gas', 'factLabel': 'Cooling'}, {'factValue': '', 'factLabel': 'Parking'}, {'factValue': '6,240 Sq. Ft.', 'factLabel': 'lotsize'}, {'factValue': '$111 / Sq. Ft.', 'factLabel': 'Price/sqft'}]}",,Kirby,"[{'rating': ['4', '3', '2'], 'data': {'Distance': ['1.2 mi', '1.2 mi', '2.5 mi'], 'Grades': ['Preschool to 5', '6 to 8', '9 to 12']}, 'name': ['Hopkins Elementary School', 'Kirby Middle School', 'Karen Wagner High School']}]",807,78219,,TX,1,,,43077261,"89,871"
for sale,,condo,1365 Snell Isle Blvd NE #3C,2 Baths,"{'atAGlanceFacts': [{'factValue': '1962', 'factLabel': 'Year built'}, {'factValue': '1973', 'factLabel': 'Remodeled year'}, {'factValue': 'Forced Air', 'factLabel': 'Heating'}, {'factValue': 'Central', 'factLabel': 'Cooling'}, {'factValue': 'Carport', 'factLabel': 'Parking'}, {'factValue': '', 'factLabel': 'lotsize'}, {'factValue': '$313/sqft', 'factLabel': 'Price/sqft'}]}",,Saint Petersburg,"[{'rating': ['4/10', '2/10', '6/10'], 'data': {'Distance': ['1.42mi', '3.9mi', '3.95mi'], 'Grades': ['K-5', '6-8', '9-12']}, 'name': ['North Shore Elementary School', 'John Hopkins Middle School', 'St. Petersburg High School']}]","1,200 sqft",33704,2 Beds,FL,9.0,,yes,U8029971,"$375,000"
For sale,,Single Family,927 Bethel St NE,2 ba,"{'atAGlanceFacts': [{'factValue': '1929', 'factLabel': 'Year built'}, {'factValue': '', 'factLabel': 'Remodeled year'}, {'factValue': 'Forced air', 'factLabel': 'Heating'}, {'factValue': 'Wall', 'factLabel': 'Cooling'}, {'factValue': '3 spaces', 'factLabel': 'Parking'}, {'factValue': '8,380 sqft', 'factLabel': 'lotsize'}, {'factValue': '$244', 'factLabel': 'Price/sqft'}]}",,Olympia,"[{'rating': ['7/10', '7/10', '10/10'], 'data': {'Distance': ['0.3 mi', '0.8 mi', '2.1 mi'], 'Grades': ['K-5', '6-8', '9-12']}, 'name': ['Roosevelt Elementary School', 'Reeves Middle School', 'Olympia High School']}]","1,394 sqft",98506,3 bd,WA,,1508531,,,"$339,900"
Active,,,Morningside Dr Lot 2 ,,"{'atAGlanceFacts': [{'factValue': '', 'factLabel': 'Year built'}, {'factValue': '', 'factLabel': 'Remodeled year'}, {'factValue': '', 'factLabel': 'Heating'}, {'factValue': '', 'factLabel': 'Cooling'}, {'factValue': '', 'factLabel': 'Parking'}, {'factValue': '—', 'factLabel': 'lotsize'}, {'factValue': None, 'factLabel': 'Price/sqft'}]}",,Charlotte,"[{'rating': ['9', '8', 'NR'], 'data': {'Distance': ['1.9 mi', '4.0 mi', '2.9 mi'], 'Grades': ['Preschool to 8', 'Preschool to 8', '6 to 7']}, 'name': ['Charlotte Central School', 'Hinesburg Elementary School', 'The Acorn School']}]",,5445,,VT,,,,4761154,"100,000"
,,Single Family,6260 SW 106th St,6.0,"{'atAGlanceFacts': [{'factValue': '2007', 'factLabel': 'Year built'}, {'factValue': '2007', 'factLabel': 'Remodeled year'}, {'factValue': 'Other', 'factLabel': 'Heating'}, {'factValue': 'Central', 'factLabel': 'Cooling'}, {'factValue': '2 spaces', 'factLabel': 'Parking'}, {'factValue': '1.15 acres', 'factLabel': 'lotsize'}, {'factValue': '$396', 'factLabel': 'Price/sqft'}]}",,Pinecrest,"[{'rating': ['10/10', '7/10', '6/10'], 'data': {'Distance': ['11.8 mi', '1.6 mi', '1.5 mi'], 'Grades': ['PK-8', '6-8', '8-12']}, 'name': ['Air Base Elementary School', 'Palmetto Middle School', 'Miami Palmetto Senior High School']}]","5,029",33156,6,FL,2.0,,Yes,A10783847,"$1,990,000"
,,Single Family,7918 Genesse Crk,2.0,"{'atAGlanceFacts': [{'factValue': '2014', 'factLabel': 'Year built'}, {'factValue': None, 'factLabel': 'Remodeled year'}, {'factValue': 'Forced air', 'factLabel': 'Heating'}, {'factValue': 'Central', 'factLabel': 'Cooling'}, {'factValue': '2 spaces', 'factLabel': 'Parking'}, {'factValue': '6,969 sqft', 'factLabel': 'lotsize'}, {'factValue': '$140', 'factLabel': 'Price/sqft'}]}",Not Applicable,San Antonio,"[{'rating': ['8/10', '8/10', 'NA'], 'data': {'Distance': ['1.2 mi', '1.7 mi', '1.6 mi'], 'Grades': ['PK-5', '6-8', '9-12']}, 'name': ['Scarborough Elementary School', 'Folks Middle', 'Harlan High S']}]","1,679",78254,3,TX,1.0,,,1424774,"$235,000"
for sale,,townhouse,2555 Flat Shoals Rd #702,3 Baths,"{'atAGlanceFacts': [{'factValue': '2006', 'factLabel': 'Year built'}, {'factValue': '', 'factLabel': 'Remodeled year'}, {'factValue': 'Forced Air', 'factLabel': 'Heating'}, {'factValue': 'Central', 'factLabel': 'Cooling'}, {'factValue': '', 'factLabel': 'Parking'}, {'factValue': '1,999 sqft', 'factLabel': 'lotsize'}, {'factValue': '$89/sqft', 'factLabel': 'Price/sqft'}]}",,Atlanta,"[{'rating': ['2/10', '2/10', '3/10'], 'data': {'Distance': ['2.64mi', '0.54mi', '0.57mi'], 'Grades': ['9-12', 'PK-5', '6-8']}, 'name': ['Banneker High School', 'Bethune Elementary School', 'Mcnair Middle School']}]","1,408 sqft",30349,2 Beds,GA,2.0,,yes,8691692,"$124,999"
for sale,,single-family home,489 S Country Hill Rd,5 Baths,"{'atAGlanceFacts': [{'factValue': '1968', 'factLabel': 'Year built'}, {'factValue': '', 'factLabel': 'Remodeled year'}, {'factValue': 'Forced Air', 'factLabel': 'Heating'}, {'factValue': 'Central', 'factLabel': 'Cooling'}, {'factValue': 'Attached Garage', 'factLabel': 'Parking'}, {'factValue': '0.83 acres', 'factLabel': 'lotsize'}, {'factValue': '$400/sqft', 'factLabel': 'Price/sqft'}]}",yes,Anaheim,"[{'rating': ['9/10', '9/10', '9/10'], 'data': {'Distance': ['0.74mi', '3.06mi', '2.02mi'], 'Grades': ['7-8', 'K-6', '9-12']}, 'name': ['El Rancho Charter School', 'Crescent Elementary School', 'Canyon High School']}]","3,046 sqft",92808,5 Beds,CA,2.0,,,OC19246938,"$1,219,900"
Active,,,NONE N Citrus Rd Unit - ,,"{'atAGlanceFacts': [{'factValue': '', 'factLabel': 'Year built'}, {'factValue': '', 'factLabel': 'Remodeled year'}, {'factValue': '', 'factLabel': 'Heating'}, {'factValue': '', 'factLabel': 'Cooling'}, {'factValue': '', 'factLabel': 'Parking'}, {'factValue': '—', 'factLabel': 'lotsize'}, {'factValue': None, 'factLabel': 'Price/sqft'}]}",,Waddell,"[{'rating': ['9', '9', '6'], 'data': {'Distance': ['3.8 mi', '4.4 mi', '3.7 mi'], 'Grades': ['Preschool to 6', '5 to 8', '9 to 12']}, 'name': ['Scott L Libby Elementary School', 'Verrado Middle School', 'Verrado High School']}]",,85355,,AZ,,,,5981548,"168,000"
For sale,,Townhouse,9328 World Cup Way,3 ba,"{'atAGlanceFacts': [{'factValue': '2000', 'factLabel': 'Year built'}, {'factValue': '', 'factLabel': 'Remodeled year'}, {'factValue': 'Forced air', 'factLabel': 'Heating'}, {'factValue': 'Central', 'factLabel': 'Cooling'}, {'factValue': 'Attached Garage', 'factLabel': 'Parking'}, {'factValue': '2,134 sqft', 'factLabel': 'lotsize'}, {'factValue': '$130', 'factLabel': 'Price/sqft'}]}",,Port Saint Lucie,"[{'rating': ['6/10', '5/10'], 'data': {'Distance': ['1.8 mi', '6.4 mi'], 'Grades': ['K-8', '9-12']}, 'name': ['Manatee Academy K-8', 'Fort Pierce Central High School']}]","1,653 sqft",34986,3 bd,FL,,RX-10580558,,,"$214,900"
for sale,,single-family home,2400 Chapel Hill Rd,3 Baths,"{'atAGlanceFacts': [{'factValue': '1910', 'factLabel': 'Year built'}, {'factValue': '', 'factLabel': 'Remodeled year'}, {'factValue': 'Forced Air', 'factLabel': 'Heating'}, {'factValue': 'Central', 'factLabel': 'Cooling'}, {'factValue': 'Carport', 'factLabel': 'Parking'}, {'factValue': '0.26 acres', 'factLabel': 'lotsize'}, {'factValue': '$221/sqft', 'factLabel': 'Price/sqft'}]}",yes,Durham,"[{'rating': ['1/10', '4/10', '5/10'], 'data': {'Distance': ['0.22mi', '4.41mi', '1.06mi'], 'Grades': ['PK-5', '9-12', '6-8']}, 'name': ['Lakewood Elementary', 'Charles E Jordan Sr High School', 'Sherwood Githens Middle']}]","2,832 sqft",27707,4 Beds,NC,,,,2284153,"$624,900"
Active,,Traditional,8233 Bay Tree Ln ,,"{'atAGlanceFacts': [{'factValue': '1996', 'factLabel': 'Year built'}, {'factValue': '1996', 'factLabel': 'Remodeled year'}, {'factValue': '', 'factLabel': 'Heating'}, {'factValue': '', 'factLabel': 'Cooling'}, {'factValue': '', 'factLabel': 'Parking'}, {'factValue': '0.31 Acres', 'factLabel': 'lotsize'}, {'factValue': '$124 / Sq. Ft.', 'factLabel': 'Price/sqft'}]}",,Jacksonville,"[{'rating': ['8', '5', '6'], 'data': {'Distance': ['3.7 mi', '3.0 mi', '2.0 mi'], 'Grades': ['Preschool to 5', '6 to 8', '9 to 12']}, 'name': ['Mandarin Oaks Elementary School', 'Twin Lakes Academy Middle School', 'Atlantic Coast High School']}]","3,559",32256,,FL,,,,1002934,"440,000"
Active,,Single Family Home,29 Rockwell Ln,2.5,"{'atAGlanceFacts': [{'factValue': '2018', 'factLabel': 'Year built'}, {'factValue': '', 'factLabel': 'Remodeled year'}, {'factValue': 'Central Electric', 'factLabel': 'Heating'}, {'factValue': 'Central Electric', 'factLabel': 'Cooling'}, {'factValue': '', 'factLabel': 'Parking'}, {'factValue': '10000', 'factLabel': 'lotsize'}, {'factValue': '$96', 'factLabel': 'Price/sqft'}]}",,Palm Coast,"[{'rating': ['5', '4', '6', '5', 'NR', 'NR', 'NR', 'NR'], 'data': {'Distance': ['1.0 mi', '1.9 mi', '3.8 mi', '1.9 mi', '2.5 mi', '3.0 mi', '0.5 mi', '2.0 mi'], 'Grades': ['PK–6', '7–8', '9–12', 'PK–6', '7–12', 'PK–12', 'PK–5']}, 'name': ['Rymfire Elementary School', 'Buddy Taylor Middle School', 'Flagler-Palm Coast High School', 'Lewis E. Wadsworth Elementary School', 'Flagler County Adult School', 'Flagler Virtual Instruction(Course Offerings) School', 'Palm Coast Christian Private School', 'Christ The King Lutheran Private School']}]",2045,32164,4,FL,Two,,,243069,"$195,990"
for sale,,condo,13536 Turtle Marsh Loop #530,2 Baths,"{'atAGlanceFacts': [{'factValue': '2001', 'factLabel': 'Year built'}, {'factValue': '2001', 'factLabel': 'Remodeled year'}, {'factValue': 'Forced Air', 'factLabel': 'Heating'}, {'factValue': 'Central', 'factLabel': 'Cooling'}, {'factValue': '1', 'factLabel': 'Parking'}, {'factValue': '0.37 acres', 'factLabel': 'lotsize'}, {'factValue': '$148/sqft', 'factLabel': 'Price/sqft'}]}",,Orlando,"[{'rating': ['6/10', '6/10', '7/10', '7/10', '6/10'], 'data': {'Distance': ['0.52mi', '3.49mi', '7.79mi', '7.79mi', '1.77mi'], 'Grades': ['PK-5', '9-12', 'K-8', '9-12', '6-8']}, 'name': ['Endeavor Elementary School', 'Freedom High School', 'Cornerstone Academy Charter', 'Cornerstone Charter Academy High School', 'Hunters Creek Middle School']}]","1,276 sqft",32837,3 Beds,FL,3.0,,,S5010511,"$188,900"
New construction,,Single Family,Buildable plan: Tiberon High Point,3.0,"{'atAGlanceFacts': [{'factValue': '2019', 'factLabel': 'Year built'}, {'factValue': None, 'factLabel': 'Remodeled year'}, {'factValue': 'No Data', 'factLabel': 'Heating'}, {'factValue': 'No Data', 'factLabel': 'Cooling'}, {'factValue': 'No Data', 'factLabel': 'Parking'}, {'factValue': 'No Data', 'factLabel': 'lotsize'}, {'factValue': '$342', 'factLabel': 'Price/sqft'}]}",,Seattle,"[{'rating': ['3/10', '6/10', '4/10'], 'data': {'Distance': ['0.1 mi', '0.9 mi', '0.9 mi'], 'Grades': ['PK-5', '6-8', '9-12']}, 'name': ['West Seattle Elementary School', 'Denny Middle School', 'Chief Sealth High School']}]","2,074",98126,4,WA,3,,,,"$709,950"
for sale,,townhouse,7373 Regency Square Ct #7373,3 Baths,"{'atAGlanceFacts': [{'factValue': '1982', 'factLabel': 'Year built'}, {'factValue': '', 'factLabel': 'Remodeled year'}, {'factValue': 'Electric', 'factLabel': 'Heating'}, {'factValue': 'Central', 'factLabel': 'Cooling'}, {'factValue': 'Attached Garage', 'factLabel': 'Parking'}, {'factValue': '5.76 acres', 'factLabel': 'lotsize'}, {'factValue': '$84/sqft', 'factLabel': 'Price/sqft'}]}",yes,Houston,"[{'rating': ['2/10', '5/10', '3/10', '9/10'], 'data': {'Distance': ['1.16mi', '3.74mi', '0.86mi', '0.68mi'], 'Grades': ['9-12', '6-8', 'PK-5', 'PK-8']}, 'name': ['Lee High School', 'Revere Middle School', 'Piney Point Elementary School', 'Briarmeadow Charter School']}]","1,533 sqft",77036,2 Beds,TX,2.0,,,14615417,"$129,500"
for sale,,single-family home,5113 Grice Ct,,"{'atAGlanceFacts': [{'factValue': '1957', 'factLabel': 'Year built'}, {'factValue': '1975', 'factLabel': 'Remodeled year'}, {'factValue': 'Forced Air', 'factLabel': 'Heating'}, {'factValue': 'Central', 'factLabel': 'Cooling'}, {'factValue': '', 'factLabel': 'Parking'}, {'factValue': '0.34 acres', 'factLabel': 'lotsize'}, {'factValue': '$291/sqft', 'factLabel': 'Price/sqft'}]}",yes,Charlotte,"[{'rating': ['8/10', '4/10', '1/10'], 'data': {'Distance': ['2.33mi', '0.63mi', '2.11mi'], 'Grades': ['9-12', 'PK-5', '6-9']}, 'name': ['Myers Park High', 'Pinewood Elementary', 'Sedgefield Middle']}]","1,118 sqft",28210,3 Beds,NC,1.0,,,3563314,"$325,000"
for sale,,condo,7824 Las Canas Ct #7824,3 Baths,"{'atAGlanceFacts': [{'factValue': '1974', 'factLabel': 'Year built'}, {'factValue': '', 'factLabel': 'Remodeled year'}, {'factValue': 'Forced Air', 'factLabel': 'Heating'}, {'factValue': 'Central', 'factLabel': 'Cooling'}, {'factValue': '', 'factLabel': 'Parking'}, {'factValue': '', 'factLabel': 'lotsize'}, {'factValue': '$86/sqft', 'factLabel': 'Price/sqft'}]}",,Jacksonville,"[{'rating': ['4/10', '4/10', '2/10'], 'data': {'Distance': ['2.32mi', '4.28mi', '3.32mi'], 'Grades': ['K-5', '9-12', '6-8']}, 'name': ['Beauclerc Elementary School', 'Englewood High School', 'Southside Middle School']}]","1,737 sqft",32256,3 Beds,FL,,,yes,1016030,"$149,900"
Pre-foreclosure / auction,Yes,Single Family,7632 Hillside Dr,Bathrooms: 2,"{'atAGlanceFacts': [{'factValue': '1964', 'factLabel': 'Year built'}, {'factValue': '1964', 'factLabel': 'Remodeled year'}, {'factValue': 'Forced air', 'factLabel': 'Heating'}, {'factValue': 'Central', 'factLabel': 'Cooling'}, {'factValue': '', 'factLabel': 'Parking'}, {'factValue': '8,624 sqft', 'factLabel': 'lotsize'}, {'factValue': '', 'factLabel': 'Price/sqft'}]}",Yes,Jacksonville,"[{'rating': ['5/10', '2/10', '4/10'], 'data': {'Distance': ['1.7 mi', '3.6 mi', '1.4 mi'], 'Grades': ['PK-5', '6-8', '9-12']}, 'name': ['Crystal Springs Elementary School', 'Jefferson Davis Middle School', 'Edward H. White High School']}]","Total interior livable area: 1,245 sqft",32221,3 bd,FL,1.0,,,,"$128,103"
for sale,,single-family home,6744 Biltmore Garden St,3 Baths,"{'atAGlanceFacts': [{'factValue': '2007', 'factLabel': 'Year built'}, {'factValue': '2007', 'factLabel': 'Remodeled year'}, {'factValue': 'Forced Air', 'factLabel': 'Heating'}, {'factValue': 'Central', 'factLabel': 'Cooling'}, {'factValue': 'Attached Garage', 'factLabel': 'Parking'}, {'factValue': '2,614 sqft', 'factLabel': 'lotsize'}, {'factValue': '$150/sqft', 'factLabel': 'Price/sqft'}]}",,Las Vegas,"[{'rating': ['None/10', '6/10', '6/10'], 'data': {'Distance': ['1.25mi', '1.63mi', '2.06mi'], 'Grades': ['6-8', 'PK-5', '9-12']}, 'name': ['Edmundo Eddie Escobedo Sr Middle School', 'Dean Lamar Allen Elementary School', 'Centennial High School']}]","1,763 sqft",89149,3 Beds,NV,2.0,,,2064663,"$264,500"
Under Contract Show,,Condo/Townhome/Row Home/Co-Op,3402 Ellingford Rd,2.5,"{'atAGlanceFacts': [{'factValue': '2019', 'factLabel': 'Year built'}, {'factValue': '', 'factLabel': 'Remodeled year'}, {'factValue': ', Heat Pump - Heat', 'factLabel': 'Heating'}, {'factValue': 'Heat Pump - AC, Multizone A/C', 'factLabel': 'Cooling'}, {'factValue': 'Attached Garage, Driveway', 'factLabel': 'Parking'}, {'factValue': None, 'factLabel': 'lotsize'}, {'factValue': '$123', 'factLabel': 'Price/sqft'}]}",,Charlotte,"[{'rating': ['2', '4', '1', 'NR', '2', '2', 'NR', 'NR'], 'data': {'Distance': ['1.2 mi', '2.8 mi', '0.7 mi', '1.5 mi', '3.1 mi', '3.6 mi', '2.9 mi', '4.2 mi'], 'Grades': ['K–5', '6–8', '9–12', 'K–12', 'PK–8', '9–12', 'K–12', 'K–6']}, 'name': ['Tuckaseegee Elementary School', 'Whitewater Middle School', 'West Mecklenburg High School', 'Mountain Island Day Community Charter School', 'Berryhill Elementary School', 'Harding University High School', 'Paw Creek Christian Academy Private School', 'Knowledge Is Power Early Learning Prog Private School']}]",1704,28214,4,NC,2 Story,,,3576079,"$208,900"
For sale,,Single Family,314 Hanna Ct,Bathrooms: 2,"{'atAGlanceFacts': [{'factValue': '2013', 'factLabel': 'Year built'}, {'factValue': '', 'factLabel': 'Remodeled year'}, {'factValue': 'Other', 'factLabel': 'Heating'}, {'factValue': 'Central', 'factLabel': 'Cooling'}, {'factValue': '2 spaces', 'factLabel': 'Parking'}, {'factValue': '5,850 sqft lot', 'factLabel': 'lotsize'}, {'factValue': '$175', 'factLabel': 'Price/sqft'}]}",,College Station,"[{'rating': ['6/10', '7/10', '8/10'], 'data': {'Distance': ['1 mi', '1.6 mi', '0.3 mi'], 'Grades': ['PK-4', '7-8', '9-12']}, 'name': ['Creek View Elementary School', 'College Station Middle School', 'College Station High School']}]","Total interior livable area: 1,178 sqft",77845,3 bd,TX,1.0,19010085,,,"$206,000"
Active,,Traditional,3415 Oak Links Ave ,,"{'atAGlanceFacts': [{'factValue': '1998', 'factLabel': 'Year built'}, {'factValue': '1998', 'factLabel': 'Remodeled year'}, {'factValue': 'Central Electric, Zoned', 'factLabel': 'Heating'}, {'factValue': 'Central Gas, Zoned', 'factLabel': 'Cooling'}, {'factValue': '', 'factLabel': 'Parking'}, {'factValue': '0.37 Acres', 'factLabel': 'lotsize'}, {'factValue': '$129 / Sq. Ft.', 'factLabel': 'Price/sqft'}]}",1,Houston,"[{'rating': ['7', '5', '8'], 'data': {'Distance': ['1.6 mi', '3.0 mi', '1.5 mi'], 'Grades': ['Preschool to 5', '6 to 8', '9 to 12']}, 'name': ['Falcon Pass Elementary School', 'Space Center Int', 'Clear Lake High School']}]","5,879",77059,,TX,2,,,74523821,"759,500"
for sale,,townhouse,5182 Ashley River Rd,3 Baths,"{'atAGlanceFacts': [{'factValue': '2015', 'factLabel': 'Year built'}, {'factValue': '', 'factLabel': 'Remodeled year'}, {'factValue': 'Forced Air', 'factLabel': 'Heating'}, {'factValue': 'Central', 'factLabel': 'Cooling'}, {'factValue': 'Attached Garage', 'factLabel': 'Parking'}, {'factValue': '1,830 sqft', 'factLabel': 'lotsize'}, {'factValue': '$149/sqft', 'factLabel': 'Price/sqft'}]}",,West Palm Beach,"[{'rating': ['3/10', '3/10', '4/10'], 'data': {'Distance': ['1.35mi', '0.82mi', '0.58mi'], 'Grades': ['9-12', '6-8', 'K-5']}, 'name': ['Palm Beach Lakes High School', 'Bear Lakes Middle School', 'Egret Lake Elementary School']}]","1,673 sqft",33417,3 Beds,FL,2.0,,,RX-10550671,"$249,000"
For sale,,Single Family,1615 Harpers Ferry Rd,Bathrooms: 4,"{'atAGlanceFacts': [{'factValue': '2000', 'factLabel': 'Year built'}, {'factValue': '', 'factLabel': 'Remodeled year'}, {'factValue': 'Other', 'factLabel': 'Heating'}, {'factValue': 'Central', 'factLabel': 'Cooling'}, {'factValue': '3 spaces', 'factLabel': 'Parking'}, {'factValue': '1.33 acres lot', 'factLabel': 'lotsize'}, {'factValue': '$162', 'factLabel': 'Price/sqft'}]}",Yes,College Station,"[{'rating': ['8/10', '7/10', '8/10'], 'data': {'Distance': ['1.8 mi', '4.3 mi', '3.1 mi'], 'Grades': ['PK-4', '7-8', '9-12']}, 'name': ['Forest Ridge', 'College Station Middle School', 'College Station High School']}]","Total interior livable area: 3,822 sqft",77845,4 bd,TX,0.0,19000854,,,"$619,000"
,,Condo,4779 Collins Ave APT 3306,2.0,"{'atAGlanceFacts': [{'factValue': '2000', 'factLabel': 'Year built'}, {'factValue': '2000', 'factLabel': 'Remodeled year'}, {'factValue': 'Forced air', 'factLabel': 'Heating'}, {'factValue': 'Central', 'factLabel': 'Cooling'}, {'factValue': 'Off street', 'factLabel': 'Parking'}, {'factValue': None, 'factLabel': 'lotsize'}, {'factValue': '$745', 'factLabel': 'Price/sqft'}]}",,Miami Beach,"[{'rating': ['10/10', '4/10', '5/10'], 'data': {'Distance': ['25.9 mi', '1 mi', '1.7 mi'], 'Grades': ['PK-8', '6-8', '9-12']}, 'name': ['Air Base Elementary School', 'Nautilus Middle School', 'Miami Beach Senior High School']}]","1,100",33140,1,FL,,,,A10774266,"$820,000"
Active,,Land,Scott Rd,,"{'atAGlanceFacts': [{'factValue': '', 'factLabel': 'Year built'}, {'factValue': '', 'factLabel': 'Remodeled year'}, {'factValue': '', 'factLabel': 'Heating'}, {'factValue': '', 'factLabel': 'Cooling'}, {'factValue': '', 'factLabel': 'Parking'}, {'factValue': '87120', 'factLabel': 'lotsize'}, {'factValue': None, 'factLabel': 'Price/sqft'}]}",,Signal Mountain,"[{'rating': ['4', '5', '6', 'NR'], 'data': {'Distance': ['11.0 mi', '10.9 mi', '10.9 mi', '4.5 mi'], 'Grades': ['PK–4', '5–8', '9–12', 'K–5']}, 'name': ['Griffith Elementary School', 'Sequatchie Co Middle School', 'Sequatchie Co High School', 'Signal Mountain Christian Private School']}]",0,37377,,TN,,,,1306648,"$30,000"
Active,,,1719 Douglas Ave ,,"{'atAGlanceFacts': [{'factValue': '1986', 'factLabel': 'Year built'}, {'factValue': '', 'factLabel': 'Remodeled year'}, {'factValue': '', 'factLabel': 'Heating'}, {'factValue': '', 'factLabel': 'Cooling'}, {'factValue': '', 'factLabel': 'Parking'}, {'factValue': '—', 'factLabel': 'lotsize'}, {'factValue': None, 'factLabel': 'Price/sqft'}]}",,Kissimmee,"[{'rating': ['4', '3', '5', '10', '3'], 'data': {'Distance': ['0.7 mi', '4.1 mi', '0.8 mi', '7.3 mi', '1.8 mi'], 'Grades': ['K to 5', 'K to 5', '6 to 8', '6 to 12', '9 to 12']}, 'name': ['Sunrise Elementary School', 'Thacker Avenue Elementary School For International Studies', 'Horizon Middle School', 'Osceola County School of Arts', 'Poinciana High School']}]",,34758,,FL,,,,5013368,"39,000"
,,Miscellaneous,1 Fisher Island Dr SLIP 31,,"{'atAGlanceFacts': [{'factValue': 'No Data', 'factLabel': 'Year built'}, {'factValue': None, 'factLabel': 'Remodeled year'}, {'factValue': 'No Data', 'factLabel': 'Heating'}, {'factValue': 'No Data', 'factLabel': 'Cooling'}, {'factValue': 'No Data', 'factLabel': 'Parking'}, {'factValue': None, 'factLabel': 'lotsize'}, {'factValue': 'No Data', 'factLabel': 'Price/sqft'}]}",,Miami Beach,"[{'rating': ['10/10', '4/10', '5/10'], 'data': {'Distance': ['22.2 mi', '3.3 mi', '2.4 mi'], 'Grades': ['PK-8', '6-8', '9-12']}, 'name': ['Air Base Elementary School', 'Nautilus Middle School', 'Miami Beach Senior High School']}]",,33109, ,FL,,,,A10704656,"$550,000"
Active,,Single Family Home,5470 W 5th Ave,2,"{'atAGlanceFacts': [{'factValue': '1956', 'factLabel': 'Year built'}, {'factValue': '', 'factLabel': 'Remodeled year'}, {'factValue': 'Forced Air', 'factLabel': 'Heating'}, {'factValue': 'Air Conditioning-Central', 'factLabel': 'Cooling'}, {'factValue': '', 'factLabel': 'Parking'}, {'factValue': '7727', 'factLabel': 'lotsize'}, {'factValue': '$203', 'factLabel': 'Price/sqft'}]}",,Lakewood,"[{'rating': ['3', '2', '1', '2', '5', 'NR', 'NR', 'NR'], 'data': {'Distance': ['1.2 mi', '2.5 mi', '0.9 mi', '0.6 mi', '1.6 mi', '1.5 mi', '0.4 mi', '1.0 mi'], 'Grades': ['K–6', '7–12', '9–12', 'PK–6', '7–12', '9–12', 'PK–6', '9–12']}, 'name': ['Deane Elementary School', 'Alameda International High School', 'New America School', 'Molholm Elementary School', 'Jefferson County Open Secondary School', 'Brady Exploration School', 'Montessori Private School of Lake Wood', 'Beth Jacob Private School']}]",1794,80226,4.0,CO,Ranch/1 Story,,,5071281,"$364,988"
for sale,,single-family home,2665 Castilla Isle,9 Baths,"{'atAGlanceFacts': [{'factValue': '2016', 'factLabel': 'Year built'}, {'factValue': '2017', 'factLabel': 'Remodeled year'}, {'factValue': 'Forced Air', 'factLabel': 'Heating'}, {'factValue': 'Central', 'factLabel': 'Cooling'}, {'factValue': 'Attached Garage', 'factLabel': 'Parking'}, {'factValue': '0.46 acres', 'factLabel': 'lotsize'}, {'factValue': '$2,323/sqft', 'factLabel': 'Price/sqft'}]}",yes,Fort Lauderdale,"[{'rating': ['7/10', '5/10', '7/10'], 'data': {'Distance': ['2.59mi', '1.66mi', '2.05mi'], 'Grades': ['9-12', '6-8', 'PK-5']}, 'name': ['Fort Lauderdale High School', 'Sunrise Middle School', 'Harbordale Elementary School']}]","10,330 sqft",33301,7 Beds,FL,3.0,,yes,F10158668,"$24,000,000"
for sale,,single-family home,19150 Stahelin Ave,,"{'atAGlanceFacts': [{'factValue': '1943', 'factLabel': 'Year built'}, {'factValue': '', 'factLabel': 'Remodeled year'}, {'factValue': 'Forced Air', 'factLabel': 'Heating'}, {'factValue': '', 'factLabel': 'Cooling'}, {'factValue': '', 'factLabel': 'Parking'}, {'factValue': '5,227 sqft', 'factLabel': 'lotsize'}, {'factValue': '$29/sqft', 'factLabel': 'Price/sqft'}]}",,Detroit,"[{'rating': ['4/10', '4/10', '4/10', '4/10', '3/10', '2/10', '3/10', '2/10', '6/10', '1/10', '3/10', '3/10', '2/10'], 'data': {'Distance': ['2.48mi', '2.02mi', '10.23mi', '10.64mi', '10.54mi', '10.09mi', '0.62mi', '2.09mi', '3.37mi', '4.84mi', '8.2mi', '12.82mi', '9.28mi'], 'Grades': ['9-12', 'K-8', '9-12', '9-12', 'K-8', '5-8', 'K-8', '5-8', 'K-8', '9-12', 'K-12', 'K-8', '6-12']}, 'name': ['Communication And Media Arts High School', 'Foreign Language Immersion And Cultural Studies', 'Detroit School of Arts', 'Cass Technical High School', 'Spain Elementary-Middle School', 'Clippert Academy', 'Emerson Elementary-Middle School', 'Ludington Magnet Middle School', 'Bates Academy', 'Cody Academy Of Public Leadership', 'Detroit International Academy For Young Women', ""Edward 'Duke' Ellington @ Beckham"", 'Douglass Academy For Young Men']}]","1,020 sqft",48219,3 Beds,MI,1.0,,,219087795,"$29,900"
Active,,,MLS #: DEGI3979395,,"{'atAGlanceFacts': [{'factValue': '', 'factLabel': 'Year built'}, {'factValue': '', 'factLabel': 'Remodeled year'}, {'factValue': '', 'factLabel': 'Heating'}, {'factValue': '', 'factLabel': 'Cooling'}, {'factValue': '', 'factLabel': 'Parking'}, {'factValue': '—', 'factLabel': 'lotsize'}, {'factValue': None, 'factLabel': 'Price/sqft'}]}",,New York,"[{'rating': ['9', 'NR', '10', '9', '8', '2'], 'data': {'Distance': ['0.1 mi', '0.1 mi', '0.3 mi', '3.4 mi', '3.3 mi', '0.7 mi'], 'Grades': ['Preschool to 5', 'K to 8', '6 to 8', '6 to 8', '6 to 11', '6 to 12']}, 'name': ['PS 290 Manhattan New School', ""Children's Academy"", 'Junior High School 167 Robert F Wagner', 'Nyc Lab Middle School For Collaborative Studies', 'Middle School 260 Clinton School Writers And Artists', 'Life Sciences Secondary School']}]",,10028,,NY,,,,DEGI3979395,"3,150,000"
For sale,,Condo,606 W 81st St # 129 E,Bathrooms: 1,"{'atAGlanceFacts': [{'factValue': '1971', 'factLabel': 'Year built'}, {'factValue': '', 'factLabel': 'Remodeled year'}, {'factValue': 'Forced air', 'factLabel': 'Heating'}, {'factValue': 'Central', 'factLabel': 'Cooling'}, {'factValue': '', 'factLabel': 'Parking'}, {'factValue': '-- sqft lot', 'factLabel': 'lotsize'}, {'factValue': '', 'factLabel': 'Price/sqft'}]}",,Hialeah,"[{'rating': ['10/10', '6/10', '6/10'], 'data': {'Distance': ['24.7 mi', '1.5 mi', '0.7 mi'], 'Grades': ['PK-8', '6-8', '9-12']}, 'name': ['Air Base Elementary School', 'Miami Lakes Middle School', 'Hialeah-Miami Lakes Senior High School']}]",-- sqft,33014,1 bd,FL,,A10773663,,,"$130,000"
,,Single Family,6373 S Fig Ave,1,"{'atAGlanceFacts': [{'factValue': '1966', 'factLabel': 'Year built'}, {'factValue': '1966', 'factLabel': 'Remodeled year'}, {'factValue': 'No Data', 'factLabel': 'Heating'}, {'factValue': 'No Data', 'factLabel': 'Cooling'}, {'factValue': 'Attached Garage', 'factLabel': 'Parking'}, {'factValue': '0.5 acres', 'factLabel': 'lotsize'}, {'factValue': None, 'factLabel': 'Price/sqft'}]}",Yes,Fresno,"[{'rating': ['5/10', '3/10'], 'data': {'Distance': ['0.9 mi', '0.6 mi'], 'Grades': ['K-8', '9-12']}, 'name': ['Washington Colony Elementary School', 'Washington High School']}]","1,008 sqft",93706,3,CA,1.0,,,,"$156,146"
for sale,,condo,13230 Sanford Ave #4E,,"{'atAGlanceFacts': [{'factValue': '1935', 'factLabel': 'Year built'}, {'factValue': '', 'factLabel': 'Remodeled year'}, {'factValue': 'Other', 'factLabel': 'Heating'}, {'factValue': '', 'factLabel': 'Cooling'}, {'factValue': '', 'factLabel': 'Parking'}, {'factValue': '', 'factLabel': 'lotsize'}, {'factValue': '$920/sqft', 'factLabel': 'Price/sqft'}]}",,Flushing,"[{'rating': ['3/10', '7/10', '7/10'], 'data': {'Distance': ['1.21mi', '0.82mi', '0.67mi'], 'Grades': ['9-12', '6-8', 'PK-5']}, 'name': ['John Bowne High School', 'Jhs 189 Daniel Carter Beard', 'Ps 120']}]",689 sqft,11355,,NY,,,,3146400,"$633,900"
Active,,Single Family Home,2010 Brimberry St,2,"{'atAGlanceFacts': [{'factValue': '1955', 'factLabel': 'Year built'}, {'factValue': '', 'factLabel': 'Remodeled year'}, {'factValue': '', 'factLabel': 'Heating'}, {'factValue': 'Central Electric', 'factLabel': 'Cooling'}, {'factValue': 'Parking Desc', 'factLabel': 'Parking'}, {'factValue': '7200', 'factLabel': 'lotsize'}, {'factValue': '$292', 'factLabel': 'Price/sqft'}]}",,Houston,"[{'rating': ['3', '7', '2', 'NR', '5', '2', 'NR', 'NR'], 'data': {'Distance': ['0.5 mi', '0.6 mi', '1.5 mi', '0.7 mi', '0.7 mi', '1.4 mi', '0.3 mi', '0.7 mi'], 'Grades': ['PK–5', '6–8', '9–12', 'PK–4', '5–8', '9–12', 'K–12', 'PK–12']}, 'name': ['Stevens Elementary School', 'Black Middle School', 'Waltrip High School', 'KIPP Nexus Primary School', 'KIPP Nexus Middle School', 'Scarborough High School', 'New Heights Christian Academy Private School', 'British International Private School of Houston']}]",1780,77018,3.0,TX,1,,,36263149,"$520,000"
Active,,Traditional,8627 Lawncliff Ln ,,"{'atAGlanceFacts': [{'factValue': '1983', 'factLabel': 'Year built'}, {'factValue': '1983', 'factLabel': 'Remodeled year'}, {'factValue': 'Central Electric, Central Gas', 'factLabel': 'Heating'}, {'factValue': 'Central Electric', 'factLabel': 'Cooling'}, {'factValue': '', 'factLabel': 'Parking'}, {'factValue': '5,000 Sq. Ft.', 'factLabel': 'lotsize'}, {'factValue': '$102 / Sq. Ft.', 'factLabel': 'Price/sqft'}]}",1,Houston,"[{'rating': ['5', '5', '5'], 'data': {'Distance': ['0.1 mi', '2.8 mi', '2.0 mi'], 'Grades': ['Preschool to 5', '6 to 8', '9 to 12']}, 'name': ['Reed Elementary School', 'Dean Middle School', 'Jersey Village High School']}]","2,114",77040,,TX,2,,,76977182,"216,500"
Active,,Single Family Home,15426 98th Ct NE,3.5,"{'atAGlanceFacts': [{'factValue': '2019', 'factLabel': 'Year built'}, {'factValue': '', 'factLabel': 'Remodeled year'}, {'factValue': '', 'factLabel': 'Heating'}, {'factValue': '', 'factLabel': 'Cooling'}, {'factValue': '', 'factLabel': 'Parking'}, {'factValue': '9583', 'factLabel': 'lotsize'}, {'factValue': '$386', 'factLabel': 'Price/sqft'}]}",1,Bothell,"[{'rating': ['7', '6', '9', '5', 'NR', '9', 'NR', 'NR'], 'data': {'Distance': ['0.9 mi', '1.5 mi', '0.6 mi', '1.6 mi', '2.8 mi', '1.5 mi', '1.1 mi', '1.2 mi'], 'Grades': ['PK–6', '7–9', '10–12', 'PK–6', 'PK–12', '10–12', 'PK–12', 'PK–1']}, 'name': ['Moorlands Elementary School', 'Northshore Jr High School', 'Inglemoor High School', 'Woodmoor Elementary School', 'Northshore Special Services School', 'Bothell High School', 'Cedar Park Christian Private School', 'Countryside Montessori Private School']}]",3755,98011,4,WA,,,,1496287,"$1,450,000"
for sale,,condo,1090 Carroll St #4R,2 Baths,"{'atAGlanceFacts': [{'factValue': '2019', 'factLabel': 'Year built'}, {'factValue': '', 'factLabel': 'Remodeled year'}, {'factValue': '', 'factLabel': 'Heating'}, {'factValue': '', 'factLabel': 'Cooling'}, {'factValue': '', 'factLabel': 'Parking'}, {'factValue': '', 'factLabel': 'lotsize'}, {'factValue': '$1,038/sqft', 'factLabel': 'Price/sqft'}]}",,Brooklyn,"[{'rating': ['4/10', '4/10'], 'data': {'Distance': ['0.39mi', '0.28mi'], 'Grades': ['6-8', 'PK-5']}, 'name': ['Ms 61 Gladstone H Atwell', 'Ps 161 The Crown']}]",578 sqft,11225,,NY,2.0,,,3963700,"$600,000"
For sale,Yes,Single Family,5370 Christie Ann Pl # 17,Bathrooms: 2,"{'atAGlanceFacts': [{'factValue': '1992', 'factLabel': 'Year built'}, {'factValue': '1992', 'factLabel': 'Remodeled year'}, {'factValue': 'Forced air', 'factLabel': 'Heating'}, {'factValue': 'Central', 'factLabel': 'Cooling'}, {'factValue': 'Attached Garage', 'factLabel': 'Parking'}, {'factValue': '-- sqft lot', 'factLabel': 'lotsize'}, {'factValue': '$133', 'factLabel': 'Price/sqft'}]}",,Sarasota,"[{'rating': ['10/10', '9/10', '6/10'], 'data': {'Distance': ['1 mi', '1.3 mi', '4.5 mi'], 'Grades': ['K-5', '6-8', '9-12']}, 'name': ['Ashton Elementary School', 'Sarasota Middle School', 'Sarasota High School']}]","Total interior livable area: 1,936 sqft",34233,3 bd,FL,1.0,O5821850,,,"$258,000"
for sale,,townhouse,2047 S Darien St,,"{'atAGlanceFacts': [{'factValue': '1920', 'factLabel': 'Year built'}, {'factValue': '', 'factLabel': 'Remodeled year'}, {'factValue': 'Radiant', 'factLabel': 'Heating'}, {'factValue': 'Wall', 'factLabel': 'Cooling'}, {'factValue': '', 'factLabel': 'Parking'}, {'factValue': '672 sqft', 'factLabel': 'lotsize'}, {'factValue': '$198/sqft', 'factLabel': 'Price/sqft'}]}",,Philadelphia,"[{'rating': ['1/10', '3/10'], 'data': {'Distance': ['0.42mi', '0.17mi'], 'Grades': ['9-12', 'PK-8']}, 'name': ['South Philadelphia High School', 'Southwark School']}]",860 sqft,19148,2 Beds,PA,2.0,,,PAPH838222,"$169,900"
,,Townhouse,7900 Westheimer Rd APT 116,2,"{'atAGlanceFacts': [{'factValue': '1967', 'factLabel': 'Year built'}, {'factValue': '1967', 'factLabel': 'Remodeled year'}, {'factValue': 'Other', 'factLabel': 'Heating'}, {'factValue': 'Central', 'factLabel': 'Cooling'}, {'factValue': 'No Data', 'factLabel': 'Parking'}, {'factValue': '5.08 acres', 'factLabel': 'lotsize'}, {'factValue': '$104', 'factLabel': 'Price/sqft'}]}",,Houston,"[{'rating': ['7/10', '5/10', '2/10'], 'data': {'Distance': ['1.2 mi', '2.4 mi', '0.7 mi'], 'Grades': ['PK-5', '6-8', '9-12']}, 'name': ['Briargrove Elementary School', 'Grady Middle School', 'Lee High School']}]",985,77063,2,TX,1.0,,,57229694,"$102,500"
for sale,,single-family home,2620 Rutherford Dr,2 Baths,"{'atAGlanceFacts': [{'factValue': '1925', 'factLabel': 'Year built'}, {'factValue': '1943', 'factLabel': 'Remodeled year'}, {'factValue': 'Forced Air', 'factLabel': 'Heating'}, {'factValue': 'Central', 'factLabel': 'Cooling'}, {'factValue': '2', 'factLabel': 'Parking'}, {'factValue': '4,620 sqft', 'factLabel': 'lotsize'}, {'factValue': '$776/sqft', 'factLabel': 'Price/sqft'}]}",yes,Los Angeles,"[{'rating': ['7/10', '6/10', '3/10'], 'data': {'Distance': ['0.65mi', '1.58mi', '1.38mi'], 'Grades': ['K-6', '9-12', '6-8']}, 'name': ['Cheremoya Avenue Elementary School', 'Hollywood Senior High School', 'Joseph Le Conte Middle School']}]","1,713 sqft",90068,2 Beds,CA,1.0,,,19532386,"$1,329,500"
Active,,,1949 79 St ,,"{'atAGlanceFacts': [{'factValue': '1925', 'factLabel': 'Year built'}, {'factValue': '1925', 'factLabel': 'Remodeled year'}, {'factValue': '', 'factLabel': 'Heating'}, {'factValue': '', 'factLabel': 'Cooling'}, {'factValue': '', 'factLabel': 'Parking'}, {'factValue': '1,683 Sq. Ft.', 'factLabel': 'lotsize'}, {'factValue': '$738 / Sq. Ft.', 'factLabel': 'Price/sqft'}]}",,Brooklyn,"[{'rating': ['8', '7', '4'], 'data': {'Distance': ['0.1 mi', '0.5 mi', '0.5 mi'], 'Grades': ['K to 5', '6 to 8', '9 to 12']}, 'name': ['PS 186 Dr Irving A Gladstone', 'I.S. 96 Seth Low', 'New Utrecht High School']}]","1,312",11214,,NY,2,,,435102,"968,000"
Active,,Single Family Home,124 Roach Hollow Rd,2,"{'atAGlanceFacts': [{'factValue': '1960', 'factLabel': 'Year built'}, {'factValue': '', 'factLabel': 'Remodeled year'}, {'factValue': 'Central, Electric', 'factLabel': 'Heating'}, {'factValue': 'Central, Electric', 'factLabel': 'Cooling'}, {'factValue': '', 'factLabel': 'Parking'}, {'factValue': '69696', 'factLabel': 'lotsize'}, {'factValue': '$51', 'factLabel': 'Price/sqft'}]}",,Ringgold,"[{'rating': ['6', '8', '7', '7', '9', '7', 'NR', 'NR'], 'data': {'Distance': ['1.5 mi', '2.7 mi', '2.5 mi', '3.0 mi', '4.9 mi', '4.8 mi', '3.1 mi', '3.2 mi'], 'Grades': ['PK–5', '6–8', '9–12', 'PK–5', '6–8', '9–12', '3–8', '2–8']}, 'name': ['Graysville Elementary School', 'Ringgold Middle School', 'Ringgold High School', 'Boynton Elementary School', 'Heritage Middle School', 'Heritage High School', 'Misty Meadows SDA Private School', 'Misty Meadows Sda Private School']}]",1750,30736,2.0,GA,,,,1304195,"$89,900"
For sale,,Single Family,1115 Mcadams Ave,Bathrooms: 2,"{'atAGlanceFacts': [{'factValue': '1949', 'factLabel': 'Year built'}, {'factValue': '1960', 'factLabel': 'Remodeled year'}, {'factValue': 'Forced air', 'factLabel': 'Heating'}, {'factValue': 'Central', 'factLabel': 'Cooling'}, {'factValue': '1 space', 'factLabel': 'Parking'}, {'factValue': '7,840 sqft lot', 'factLabel': 'lotsize'}, {'factValue': '$133', 'factLabel': 'Price/sqft'}]}",Yes,Dallas,"[{'rating': ['9/10', '3/10', '2/10'], 'data': {'Distance': ['1.1 mi', '1.7 mi', '2.6 mi'], 'Grades': ['PK-5', '6-8', '9-12']}, 'name': ['Jimmie Tyler Brashear Elementary School', 'Zan Wesley Holmes Jr Middle School', 'Justin F Kimball High School']}]","Total interior livable area: 1,500 sqft",75224,3 bd,TX,1.0,14159970,,,"$199,000"
Active,,Traditional,8517 Neuse Hunter Dr ,,"{'atAGlanceFacts': [{'factValue': '2001', 'factLabel': 'Year built'}, {'factValue': '2001', 'factLabel': 'Remodeled year'}, {'factValue': '', 'factLabel': 'Heating'}, {'factValue': '', 'factLabel': 'Cooling'}, {'factValue': '', 'factLabel': 'Parking'}, {'factValue': '7,405 Sq. Ft.', 'factLabel': 'lotsize'}, {'factValue': '$124 / Sq. Ft.', 'factLabel': 'Price/sqft'}]}",2,Raleigh,"[{'rating': ['4', '3', '5'], 'data': {'Distance': ['0.2 mi', '3.1 mi', '3.9 mi'], 'Grades': ['Preschool to 5', '6 to 8', '9 to 12']}, 'name': ['Wildwood Forest Elementary', 'East Millbrook Middle', 'Wakefield High']}]","1,609",27616,,NC,,,,2289019,"199,900"
New construction,,Single Family,3595 Santa Fe Ave SPC 85,Bathrooms: 2,"{'atAGlanceFacts': [{'factValue': '2019', 'factLabel': 'Year built'}, {'factValue': '', 'factLabel': 'Remodeled year'}, {'factValue': 'Forced air', 'factLabel': 'Heating'}, {'factValue': 'Central', 'factLabel': 'Cooling'}, {'factValue': '3 spaces', 'factLabel': 'Parking'}, {'factValue': '3,990 sqft lot', 'factLabel': 'lotsize'}, {'factValue': '$318', 'factLabel': 'Price/sqft'}]}",,Long Beach,"[{'rating': ['7/10', '4/10', '3/10'], 'data': {'Distance': ['0.6 mi', '0.7 mi', '1.7 mi'], 'Grades': ['K-8', '6-8', '9-12']}, 'name': ['Muir K-8', 'Stephens Middle School', 'Cabrillo High School']}]","Total interior livable area: 1,600 sqft",90810,4 bd,CA,1.0,SB19168100,,,"$509,000"
For sale,,Mobile / Manufactured,3700 X St UNIT 66,1.0,"{'atAGlanceFacts': [{'factValue': '1977', 'factLabel': 'Year built'}, {'factValue': '1977', 'factLabel': 'Remodeled year'}, {'factValue': 'Forced air', 'factLabel': 'Heating'}, {'factValue': 'No Data', 'factLabel': 'Cooling'}, {'factValue': 'Detached Garage', 'factLabel': 'Parking'}, {'factValue': None, 'factLabel': 'lotsize'}, {'factValue': '$68', 'factLabel': 'Price/sqft'}]}",,Vancouver,"[{'rating': ['2/10', '3/10', '4/10'], 'data': {'Distance': ['0.5 mi', '1.1 mi', '1.2 mi'], 'Grades': ['K-5', '6-8', '9-12']}, 'name': ['Washington Elementary School', 'Discovery Middle School', ""Hudson's Bay High School""]}]",924,98663,2,WA,1,,,19396963,"$62,900"
for sale,,single-family home,5144 Somersett Ln,3 Baths,"{'atAGlanceFacts': [{'factValue': '2005', 'factLabel': 'Year built'}, {'factValue': '', 'factLabel': 'Remodeled year'}, {'factValue': 'Heat Pump', 'factLabel': 'Heating'}, {'factValue': 'Central', 'factLabel': 'Cooling'}, {'factValue': 'Carport', 'factLabel': 'Parking'}, {'factValue': '5227 sqft', 'factLabel': 'lotsize'}, {'factValue': '$121/sqft', 'factLabel': 'Price/sqft'}]}",yes,Wilmington,"[{'rating': ['8/10', '7/10', '5/10'], 'data': {'Distance': ['0.98mi', '1.26mi', '1.2mi'], 'Grades': ['K-5', '9-12', '6-8']}, 'name': ['Holly Tree Elementary', 'John T Hoggard High', 'Roland-Grise Middle School']}]","2,890 sqft",28409,4 Beds,NC,2.0,,,100193596,"$349,900"
Active,,,4598 Leona Ave ,,"{'atAGlanceFacts': [{'factValue': '1955', 'factLabel': 'Year built'}, {'factValue': '', 'factLabel': 'Remodeled year'}, {'factValue': '', 'factLabel': 'Heating'}, {'factValue': '', 'factLabel': 'Cooling'}, {'factValue': '', 'factLabel': 'Parking'}, {'factValue': '8,190 Sq. Ft.', 'factLabel': 'lotsize'}, {'factValue': '$81 / Sq. Ft.', 'factLabel': 'Price/sqft'}]}",1,Memphis,"[{'rating': ['2', '3', '3'], 'data': {'Distance': ['0.5 mi', '1.1 mi', '0.3 mi'], 'Grades': ['K to 5', '6 to 8', '9 to 12']}, 'name': ['Willow Oaks Elementary School', 'Colonial Middle School', 'Overton High School']}]",,38117,,TN,,,,10065806,"129,900"
for sale,,single-family home,943 Konga Dr,12 Baths,"{'atAGlanceFacts': [{'factValue': '2010', 'factLabel': 'Year built'}, {'factValue': '2010', 'factLabel': 'Remodeled year'}, {'factValue': 'Forced Air', 'factLabel': 'Heating'}, {'factValue': 'Central', 'factLabel': 'Cooling'}, {'factValue': 'Attached Garage', 'factLabel': 'Parking'}, {'factValue': '0.53 acres', 'factLabel': 'lotsize'}, {'factValue': '$608/sqft', 'factLabel': 'Price/sqft'}]}",yes,Las Vegas,"[{'rating': ['7/10', '5/10', 'None/10'], 'data': {'Distance': ['0.77mi', '1.84mi', '1.31mi'], 'Grades': ['PK-5', '9-12', '6-8']}, 'name': ['Louis Wiener Jr Elementary School', 'Silverado High School', 'Jack Lund Schofield Middle School']}]","5,753 sqft",89123,9 Beds,NV,2.0,,yes,2063700,"$3,500,000"
For sale,,Single Family,237 Sommerville Pl # 235,2 ba,"{'atAGlanceFacts': [{'factValue': '1890', 'factLabel': 'Year built'}, {'factValue': '', 'factLabel': 'Remodeled year'}, {'factValue': 'Oil', 'factLabel': 'Heating'}, {'factValue': '', 'factLabel': 'Cooling'}, {'factValue': '', 'factLabel': 'Parking'}, {'factValue': '5,227 sqft', 'factLabel': 'lotsize'}, {'factValue': '$335', 'factLabel': 'Price/sqft'}]}",,Yonkers,"[{'rating': ['2/10', '2/10'], 'data': {'Distance': ['0.3 mi', '0.7 mi'], 'Grades': ['PK-6', '7-12']}, 'name': ['School 9', 'Palisade Preparatory School']}]","1,000 sqft",10703,2 bd,NY,,4843581,,,"$335,000"
Active,,Single Family Home,Highlands at Weddington,3.5,"{'atAGlanceFacts': [{'factValue': '', 'factLabel': 'Year built'}, {'factValue': '', 'factLabel': 'Remodeled year'}, {'factValue': '', 'factLabel': 'Heating'}, {'factValue': '', 'factLabel': 'Cooling'}, {'factValue': '', 'factLabel': 'Parking'}, {'factValue': None, 'factLabel': 'lotsize'}, {'factValue': '$154', 'factLabel': 'Price/sqft'}]}",,Wesley Chapel,"[{'rating': ['7', '10', '10', 'NR', '6', '10', 'NR', 'NR'], 'data': {'Distance': ['0.9 mi', '2.0 mi', '2.1 mi', '2.0 mi', '3.3 mi', '3.5 mi', '0.9 mi', '4.7 mi'], 'Grades': ['K–5', '6–8', '9–12', 'PK–5', '6–8', '9–12', 'K–12', 'K–12']}, 'name': ['Wesley Chapel Elementary School', 'Weddington Middle School', 'Weddington High School', 'Weddington Elementary School', 'Sun Valley Middle School', 'Cuthbertson High School', 'Arborbrook Christian Academy Private School', 'Fellowship Christian Private School']}]","3,968",28104,4,NC,,,,1671274,"$609,900"
Active,,,7701 Baymeadows Cir West #1123 ,,"{'atAGlanceFacts': [{'factValue': '1984', 'factLabel': 'Year built'}, {'factValue': '1984', 'factLabel': 'Remodeled year'}, {'factValue': '', 'factLabel': 'Heating'}, {'factValue': '', 'factLabel': 'Cooling'}, {'factValue': '', 'factLabel': 'Parking'}, {'factValue': '—', 'factLabel': 'lotsize'}, {'factValue': '$99 / Sq. Ft.', 'factLabel': 'Price/sqft'}]}",,Jacksonville,"[{'rating': ['4', '2', '4'], 'data': {'Distance': ['2.4 mi', '3.1 mi', '4.1 mi'], 'Grades': ['K to 5', '6 to 8', '9 to 12']}, 'name': ['Beauclerc Elementary School', 'Southside Middle School', 'Englewood High School']}]","1,220",32256,,FL,,,,1022527,"121,000"
For sale,,Single Family,6382 Faustino Way,4.0,"{'atAGlanceFacts': [{'factValue': '1984', 'factLabel': 'Year built'}, {'factValue': None, 'factLabel': 'Remodeled year'}, {'factValue': 'Forced air', 'factLabel': 'Heating'}, {'factValue': 'Central', 'factLabel': 'Cooling'}, {'factValue': '2 spaces', 'factLabel': 'Parking'}, {'factValue': '0.29 acres', 'factLabel': 'lotsize'}, {'factValue': '$242', 'factLabel': 'Price/sqft'}]}",,Sacramento,"[{'rating': ['8/10', '6/10'], 'data': {'Distance': ['0.2 mi', '0.9 mi'], 'Grades': ['K-8', '9-12']}, 'name': ['Genevieve Didion School', 'John F. Kennedy High School']}]","3,715",95831,5,CA,2,,Yes,19052648,"$899,000"
for sale,,lot/land,117 Serenity Trl #117,,"{'atAGlanceFacts': [{'factValue': '', 'factLabel': 'Year built'}, {'factValue': '', 'factLabel': 'Remodeled year'}, {'factValue': '', 'factLabel': 'Heating'}, {'factValue': '', 'factLabel': 'Cooling'}, {'factValue': '', 'factLabel': 'Parking'}, {'factValue': '1.00 acres', 'factLabel': 'lotsize'}, {'factValue': None, 'factLabel': 'Price/sqft'}]}",,McKinney,"[{'rating': ['8/10', '6/10', '3/10'], 'data': {'Distance': ['6.69mi', '6.38mi', '5.94mi'], 'Grades': ['9-12', '6-8', 'K-5']}, 'name': ['Mckinney North High School', 'Scott Morgan Johnson Middle School', 'Webb Elementary School']}]",,75071,,TX,,,,14062582,"$199,990"
for sale,,lot/land,1026 N 4th St,,"{'atAGlanceFacts': [{'factValue': '', 'factLabel': 'Year built'}, {'factValue': '', 'factLabel': 'Remodeled year'}, {'factValue': '', 'factLabel': 'Heating'}, {'factValue': '', 'factLabel': 'Cooling'}, {'factValue': '', 'factLabel': 'Parking'}, {'factValue': '988 sqft', 'factLabel': 'lotsize'}, {'factValue': None, 'factLabel': 'Price/sqft'}]}",,Philadelphia,"[{'rating': ['3/10', '1/10'], 'data': {'Distance': ['0.35mi', '0.93mi'], 'Grades': ['PK-8', '6-12']}, 'name': ['Ludlow James R School', 'Penn Treaty Middle School']}]",,19123,,PA,,,,PAPH794224,"$300,000"
for sale,,single-family home,4956 Seville Ct,2 Baths,"{'atAGlanceFacts': [{'factValue': '1962', 'factLabel': 'Year built'}, {'factValue': '1979', 'factLabel': 'Remodeled year'}, {'factValue': 'Forced Air', 'factLabel': 'Heating'}, {'factValue': 'Central', 'factLabel': 'Cooling'}, {'factValue': 'Attached Garage', 'factLabel': 'Parking'}, {'factValue': '10,000 sqft', 'factLabel': 'lotsize'}, {'factValue': '$273/sqft', 'factLabel': 'Price/sqft'}]}",,Cape Coral,"[{'rating': ['3/10', '8/10', '5/10', '4/10', '5/10', '7/10', '5/10', '7/10', '7/10', '4/10', '3/10', '5/10', '7/10', '8/10', '5/10', '5/10', '7/10', '3/10', '4/10', '6/10', '6/10', '5/10', '6/10', '7/10'], 'data': {'Distance': ['6.81mi', '4.42mi', '4.36mi', '11.93mi', '6.1mi', '11.74mi', '3.48mi', '6.01mi', '1.66mi', '10.02mi', '8.05mi', '1.93mi', '3.11mi', '3.25mi', '7.65mi', '4.07mi', '8.83mi', '10.09mi', '7.68mi', '8.83mi', '4.86mi', '7.33mi', '3.34mi', '8.08mi'], 'Grades': ['PK-5', '6-8', 'PK-5', '9-12', '6-8', 'PK-8', '9-12', 'PK-5', 'PK-5', 'PK-5', 'PK-5', 'PK-5', '6-8', 'PK-5', '9-12', 'PK-5', 'PK-5', 'PK-5', 'PK-5', '6-8', 'PK-5', '6-8', '9-12', '9-12']}, 'name': ['Hector A. Cafferata Jr Elementary School', 'Challenger Middle School', 'Patriot Elementary School', 'Island Coast High School', 'Caloosa Middle School', 'North Fort Myers Academy For The Arts', 'Cape Coral High School', 'Caloosa Elementary School', 'Cape Elementary School', 'J. Colin English Elementary School', 'Tropic Isles Elementary School', 'Pelican Elementary School', 'Gulf Middle School', 'Gulf Elementary School', 'Mariner High School', 'Skyline Elementary School', 'Diplomat Elementary School', 'Dr Carrie D Robinson Littleton Elementary School', 'Hancock Creek Elementary School', 'Diplomat Middle School', 'Trafalgar Elementary School', 'Mariner Middle School', 'Ida S. Baker High School', 'North Fort Myers High School']}]","1,386 sqft",33904,2 Beds,FL,1.0,,yes,219075201,"$379,000"
foreclosure,,single-family home,61 Belden St,,"{'atAGlanceFacts': [{'factValue': '1900', 'factLabel': 'Year built'}, {'factValue': '', 'factLabel': 'Remodeled year'}, {'factValue': 'Forced Air', 'factLabel': 'Heating'}, {'factValue': '', 'factLabel': 'Cooling'}, {'factValue': 'Detached Garage', 'factLabel': 'Parking'}, {'factValue': '5609 sqft', 'factLabel': 'lotsize'}, {'factValue': None, 'factLabel': 'Price/sqft'}]}",,Binghamton,"[{'rating': ['2/10', '1/10', '3/10'], 'data': {'Distance': ['1.07mi', '0.21mi', '1.47mi'], 'Grades': ['6-8', 'PK-5', 'PK, 9-12']}, 'name': ['East Middle School', 'Benjamin Franklin Elementary School', 'Binghamton High School']}]","1,156 sqft",13903,2 Beds,NY,2,,,,
For sale,,Single Family,136 Water Hazard Ln,Bathrooms: 3,"{'atAGlanceFacts': [{'factValue': '2005', 'factLabel': 'Year built'}, {'factValue': '2005', 'factLabel': 'Remodeled year'}, {'factValue': 'Forced air', 'factLabel': 'Heating'}, {'factValue': 'Central', 'factLabel': 'Cooling'}, {'factValue': 'Attached Garage', 'factLabel': 'Parking'}, {'factValue': '4,791 sqft lot', 'factLabel': 'lotsize'}, {'factValue': '$142', 'factLabel': 'Price/sqft'}]}",,Las Vegas,"[{'rating': ['7/10', '7/10', '4/10'], 'data': {'Distance': ['1.2 mi', '1.5 mi', '1.5 mi'], 'Grades': ['PK-5', '6-8', '9-12']}, 'name': ['Robert L Forbuss Elementary School', 'Wilbur & Theresa Faiss Middle School', 'Sierra Vista High School']}]","Total interior livable area: 2,667 sqft",89148,4 bd,NV,2.0,2148766,,,"$379,900"
for sale,,multi-family,3430 W Le Moyne St,2 Baths,"{'atAGlanceFacts': [{'factValue': '1895', 'factLabel': 'Year built'}, {'factValue': '', 'factLabel': 'Remodeled year'}, {'factValue': '', 'factLabel': 'Heating'}, {'factValue': '', 'factLabel': 'Cooling'}, {'factValue': 'Detached Garage', 'factLabel': 'Parking'}, {'factValue': '2,952 sqft', 'factLabel': 'lotsize'}, {'factValue': None, 'factLabel': 'Price/sqft'}]}",,Chicago,"[{'rating': ['1/10', '1/10', '3/10'], 'data': {'Distance': ['1.2mi', '8.76mi', '0.19mi'], 'Grades': ['9-12', '9-12', 'PK-8']}, 'name': ['Orr Academy High School', 'Hope College Prep High School', 'Lowell Elementary School']}]","1,344 sqft",60651,5 Beds,IL,,,,10291274,"$249,900"
Pending,,Mfd/Mobile Home,314 SE 70th Cir,3,"{'atAGlanceFacts': [{'factValue': '2019', 'factLabel': 'Year built'}, {'factValue': '', 'factLabel': 'Remodeled year'}, {'factValue': 'Central Electric', 'factLabel': 'Heating'}, {'factValue': 'Central Electric', 'factLabel': 'Cooling'}, {'factValue': '', 'factLabel': 'Parking'}, {'factValue': '21780', 'factLabel': 'lotsize'}, {'factValue': '$76', 'factLabel': 'Price/sqft'}]}",,Ocala,"[{'rating': ['5', '4', '6', '3', 'NR', '1', 'NR', 'NR'], 'data': {'Distance': ['3.1 mi', '4.8 mi', '3.4 mi', '2.4 mi', '2.8 mi', '3.6 mi', '0.6 mi', '2.6 mi'], 'Grades': ['PK–5', '6–8', '9–12', 'PK–5', '6–12', '6–12', '1–10', '1–8']}, 'name': ['Ward-Highlands Elementary School', 'Fort King Middle School', 'Forest High School', 'Maplewood Elementary School', 'Silver River Mentoring And Instruction School', 'Hillcrest School', 'Cedar Creek Christian Academy Private School', 'Heritage Junior Academy Private School']}]",1898,34472,5,FL,1,,,566628,"$144,000"
For sale,,Multi Family,2427 Lynnhaven Dr,Bathrooms: 2,"{'atAGlanceFacts': [{'factValue': '1968', 'factLabel': 'Year built'}, {'factValue': '', 'factLabel': 'Remodeled year'}, {'factValue': '', 'factLabel': 'Heating'}, {'factValue': '', 'factLabel': 'Cooling'}, {'factValue': 'Off street, On street, Attached Garage', 'factLabel': 'Parking'}, {'factValue': '10,010 sqft lot', 'factLabel': 'lotsize'}, {'factValue': '$80', 'factLabel': 'Price/sqft'}]}",,Springfield,"[{'rating': ['6/10', '2/10', '7/10'], 'data': {'Distance': ['0.3 mi', '1.1 mi', '2.5 mi'], 'Grades': ['PK-5', '6-8', '9-12']}, 'name': ['Owen Marsh Elementary School', 'U S Grant Middle School', 'Springfield High School']}]","Total interior livable area: 1,885 sqft",62704,4 bd,IL,1.0,CA996503,,,"$149,900"
,,Single Family,6450 SW 26th St,2.0,"{'atAGlanceFacts': [{'factValue': '1960', 'factLabel': 'Year built'}, {'factValue': '1960', 'factLabel': 'Remodeled year'}, {'factValue': 'Forced air', 'factLabel': 'Heating'}, {'factValue': 'No Data', 'factLabel': 'Cooling'}, {'factValue': 'Attached Garage', 'factLabel': 'Parking'}, {'factValue': '7,492 sqft', 'factLabel': 'lotsize'}, {'factValue': '$381', 'factLabel': 'Price/sqft'}]}",,Miami,"[{'rating': ['8/10', '3/10', '3/10'], 'data': {'Distance': ['0.4 mi', '1.1 mi', '1.6 mi'], 'Grades': ['PK-5', '6-8', '9-12']}, 'name': ['Coral Terrace Elementary School', 'West Miami Middle School', 'South Miami Senior High School']}]","1,256",33155,3,FL,1.0,,,A10780653,"$478,000"
for sale,,single-family home,653 N Oxford St,,"{'atAGlanceFacts': [{'factValue': '1911', 'factLabel': 'Year built'}, {'factValue': '1961', 'factLabel': 'Remodeled year'}, {'factValue': 'Other', 'factLabel': 'Heating'}, {'factValue': 'Central', 'factLabel': 'Cooling'}, {'factValue': '', 'factLabel': 'Parking'}, {'factValue': '5,445 sqft', 'factLabel': 'lotsize'}, {'factValue': '$44/sqft', 'factLabel': 'Price/sqft'}]}",,Indianapolis,"[{'rating': ['1/10', '1/10'], 'data': {'Distance': ['0.4mi', '1.0mi'], 'Grades': ['PK-6', '9-12']}, 'name': ['Thomas D. Gregg School 15', 'Arsenal Technical High School']}]","2,472 sqft",46201,2 Beds,IN,,,,21667706,"$109,900"
Active,,,3103 Chisca Rd ,,"{'atAGlanceFacts': [{'factValue': '1920', 'factLabel': 'Year built'}, {'factValue': '', 'factLabel': 'Remodeled year'}, {'factValue': '', 'factLabel': 'Heating'}, {'factValue': '', 'factLabel': 'Cooling'}, {'factValue': '', 'factLabel': 'Parking'}, {'factValue': '8,000 Sq. Ft.', 'factLabel': 'lotsize'}, {'factValue': None, 'factLabel': 'Price/sqft'}]}",,Memphis,"[{'rating': ['3', 'NR', '3', 'NR', '3'], 'data': {'Distance': ['0.4 mi', '0.8 mi', '1.0 mi', '1.1 mi', '1.7 mi'], 'Grades': ['K to 2', 'Preschool to 8', '6 to 8', '6 to 8', '9 to 12']}, 'name': ['Arrow Academy of Excellence', 'St. Anne Elementary School', 'Sherwood Middle School', 'Southern Avenue Middle School', 'East High School']}]",,38111,,TN,,,,10046983,"54,360"
,,Single Family,29010 Gooseberry,2.0,"{'atAGlanceFacts': [{'factValue': '2019', 'factLabel': 'Year built'}, {'factValue': None, 'factLabel': 'Remodeled year'}, {'factValue': 'Gas', 'factLabel': 'Heating'}, {'factValue': 'Central', 'factLabel': 'Cooling'}, {'factValue': 'Attached Garage', 'factLabel': 'Parking'}, {'factValue': '0.42 acres', 'factLabel': 'lotsize'}, {'factValue': '$162', 'factLabel': 'Price/sqft'}]}",Not Applicable,San Antonio,"[{'rating': ['8/10', '8/10', '8/10'], 'data': {'Distance': ['0.7 mi', '4.9 mi', '8.2 mi'], 'Grades': ['PK-5', '6-8', '9-12']}, 'name': ['Kinder Ranch Elementary', 'Spring Branch Middle School', 'Smithson Valley High School']}]","2,373",78260,3,TX,1.0,,,1422647,"$384,900"
Active,,Single Family Home,18322 Arcola Bay Ln,2,"{'atAGlanceFacts': [{'factValue': '2019', 'factLabel': 'Year built'}, {'factValue': '', 'factLabel': 'Remodeled year'}, {'factValue': '', 'factLabel': 'Heating'}, {'factValue': 'Central Electric', 'factLabel': 'Cooling'}, {'factValue': 'Parking Desc', 'factLabel': 'Parking'}, {'factValue': '5401', 'factLabel': 'lotsize'}, {'factValue': '$140', 'factLabel': 'Price/sqft'}]}",,Richmond,"[{'rating': [], 'data': {'Distance': [], 'Grades': []}, 'name': []}]",1717,77407,4.0,TX,1,,,62437682,"$239,990"
Active,,,31 Bunker Ct ,,"{'atAGlanceFacts': [{'factValue': '1995', 'factLabel': 'Year built'}, {'factValue': '1995', 'factLabel': 'Remodeled year'}, {'factValue': 'Central, Electric', 'factLabel': 'Heating'}, {'factValue': 'Central Air', 'factLabel': 'Cooling'}, {'factValue': '', 'factLabel': 'Parking'}, {'factValue': '0.25 Acres', 'factLabel': 'lotsize'}, {'factValue': '$150 / Sq. Ft.', 'factLabel': 'Price/sqft'}]}",,ROTONDA WEST,"[{'rating': ['6', '6', '7'], 'data': {'Distance': ['1.3 mi', '1.1 mi', '3.2 mi'], 'Grades': ['Preschool to 5', '6 to 8', '9 to 12']}, 'name': ['Vineland Elementary School', 'L. A. Ainger Middle School', 'Lemon Bay High School']}]","2,189",33947,,FL,One,,,D6109426,"329,000"
for sale,,multi-family,5917 Tampa Ave,,"{'atAGlanceFacts': [{'factValue': '1948', 'factLabel': 'Year built'}, {'factValue': '', 'factLabel': 'Remodeled year'}, {'factValue': 'Other', 'factLabel': 'Heating'}, {'factValue': 'Evaporative', 'factLabel': 'Cooling'}, {'factValue': '4', 'factLabel': 'Parking'}, {'factValue': '5,998 sqft', 'factLabel': 'lotsize'}, {'factValue': '$100/sqft', 'factLabel': 'Price/sqft'}]}",,El Paso,"[{'rating': ['4/10', '9/10', '5/10'], 'data': {'Distance': ['1.97mi', '0.12mi', '0.93mi'], 'Grades': ['9-12', 'PK-5', '6-8']}, 'name': ['Burges High School', 'Hawkins Elementary School', 'Ross Middle School']}]","1,954 sqft",79905,,TX,1.0,,,820097,"$195,000"
for sale,,condo,11511 122nd St #RT,3 Baths,"{'atAGlanceFacts': [{'factValue': '1940', 'factLabel': 'Year built'}, {'factValue': '', 'factLabel': 'Remodeled year'}, {'factValue': '', 'factLabel': 'Heating'}, {'factValue': '', 'factLabel': 'Cooling'}, {'factValue': '', 'factLabel': 'Parking'}, {'factValue': '2,800 sqft', 'factLabel': 'lotsize'}, {'factValue': None, 'factLabel': 'Price/sqft'}]}",,South Ozone Park,"[{'rating': ['5/10', '3/10', '8/10'], 'data': {'Distance': ['0.16mi', '1.08mi', '0.35mi'], 'Grades': ['6-8', '9-12', 'PK-5']}, 'name': ['Jhs 226 Virgil I Grisson', 'John Adams High School', 'Ps 155']}]","1,224 sqft",11420,3 Beds,NY,,,,,"$615,000"
Active,,Condo/Townhome/Row Home/Co-Op,12127 Lemon Ridge Ln Unit 121,2,"{'atAGlanceFacts': [{'factValue': '1980', 'factLabel': 'Year built'}, {'factValue': '', 'factLabel': 'Remodeled year'}, {'factValue': '', 'factLabel': 'Heating'}, {'factValue': 'Central Electric', 'factLabel': 'Cooling'}, {'factValue': '', 'factLabel': 'Parking'}, {'factValue': '1110', 'factLabel': 'lotsize'}, {'factValue': '$64', 'factLabel': 'Price/sqft'}]}",1,Houston,"[{'rating': ['3', '4', '2', '1', '5', '6', 'NR', 'NR'], 'data': {'Distance': ['0.9 mi', '2.0 mi', '1.3 mi', '0.5 mi', '0.5 mi', '2.1 mi', '0.5 mi', '0.7 mi'], 'Grades': ['PK–5', '6–8', '9–12', 'PK–5', '5–8', '6–12', 'PK–3', '9–12']}, 'name': ['Anderson Elementary School', 'Fondren Middle School', 'Westbury High School', 'Foerster Elementary School', 'Inspired For Excellence Academy We School', 'Yes Prep - Brays Oaks School', 'Restoration Academy Private School', 'New Beginning Christian Academy Private School']}]",1244,77035,2.0,TX,2,,,8936253,"$80,000"
foreclosure,,single-family home,1327 Dog Track Rd,2 Baths,"{'atAGlanceFacts': [{'factValue': '1991', 'factLabel': 'Year built'}, {'factValue': '1991', 'factLabel': 'Remodeled year'}, {'factValue': 'Forced Air', 'factLabel': 'Heating'}, {'factValue': 'Central', 'factLabel': 'Cooling'}, {'factValue': 'Attached Garage', 'factLabel': 'Parking'}, {'factValue': '0.25 acres', 'factLabel': 'lotsize'}, {'factValue': '$83/sqft', 'factLabel': 'Price/sqft'}]}",,Pensacola,"[{'rating': ['3/10', '3/10', '7/10'], 'data': {'Distance': ['4.51mi', '3.97mi', '0.45mi'], 'Grades': ['9-12', '6-8', 'K-5']}, 'name': ['Escambia High School', 'Jim C. Bailey Middle School', 'Blue Angels Elementary School']}]","1,144 sqft",32506,3 Beds,FL,1.0,,,564926,"$95,000"
Active,,Condo/Townhome/Row Home/Co-Op,14172 E Colorado Dr Unit 203,1,"{'atAGlanceFacts': [{'factValue': '1979', 'factLabel': 'Year built'}, {'factValue': '', 'factLabel': 'Remodeled year'}, {'factValue': 'Forced Air', 'factLabel': 'Heating'}, {'factValue': 'Air Conditioning-Central', 'factLabel': 'Cooling'}, {'factValue': '', 'factLabel': 'Parking'}, {'factValue': None, 'factLabel': 'lotsize'}, {'factValue': '$233', 'factLabel': 'Price/sqft'}]}",Wood,Aurora,"[{'rating': ['4', '2', '2', '4', '3', '3', 'NR', 'NR'], 'data': {'Distance': ['0.3 mi', '1.4 mi', '0.7 mi', '0.2 mi', '2.1 mi', '2.3 mi', '1.9 mi', '2.1 mi'], 'Grades': ['PK–5', '6–8', '9–12', 'PK–8', '6–8', 'K–12', 'PK–8', 'PK–8']}, 'name': ['Jewell Elementary School', 'Aurora Hills Middle School', 'Gateway High School', 'AXL Academy School', 'Mrachek Middle School', 'Vanguard Classical School - East', 'Wood Adventist Christian Private School', 'Meadowood Christian Private School']}]",708,80012,1,CO,Condominium,,,4701712,"$165,000"
for sale,,single-family home,2067 Peterson Dr,4 Baths,"{'atAGlanceFacts': [{'factValue': '2007', 'factLabel': 'Year built'}, {'factValue': '2015', 'factLabel': 'Remodeled year'}, {'factValue': 'Other', 'factLabel': 'Heating'}, {'factValue': 'Central', 'factLabel': 'Cooling'}, {'factValue': 'Attached Garage', 'factLabel': 'Parking'}, {'factValue': '0.43 acres', 'factLabel': 'lotsize'}, {'factValue': '$130/sqft', 'factLabel': 'Price/sqft'}]}",yes,Chattanooga,"[{'rating': ['5/10', '6/10', '3/10'], 'data': {'Distance': ['5.05mi', '1.42mi', '6.4mi'], 'Grades': ['6-8', 'K-5', '9-12']}, 'name': ['Ooltewah Middle School', 'East Brainerd Elementary School', 'Ooltewah High School']}]","3,079 sqft",37421,5 Beds,TN,,,,1310432,"$399,900"
for sale,,single-family home,3252 Ancroft Cv,3 Baths,"{'atAGlanceFacts': [{'factValue': '1968', 'factLabel': 'Year built'}, {'factValue': '', 'factLabel': 'Remodeled year'}, {'factValue': 'Forced Air', 'factLabel': 'Heating'}, {'factValue': '', 'factLabel': 'Cooling'}, {'factValue': 'Off Street', 'factLabel': 'Parking'}, {'factValue': '0.31 acres', 'factLabel': 'lotsize'}, {'factValue': '$41/sqft', 'factLabel': 'Price/sqft'}]}",yes,Memphis,"[{'rating': ['2/10', '1/10', '1/10', '2/10'], 'data': {'Distance': ['2.18mi', '0.79mi', '0.79mi', '2.18mi'], 'Grades': ['9-12', 'PK-5', 'PK-5', '9-12']}, 'name': ['Raleigh Egypt High School', 'Scenic Hills Elementary School', 'Scenic Hills Elementary School', 'Raleigh Egypt High School']}]","2,803 sqft",38128,4 Beds,TN,1.0,,,10067810,"$114,900"
,,Single Family,13363 Hackney Pony,2.0,"{'atAGlanceFacts': [{'factValue': '2019', 'factLabel': 'Year built'}, {'factValue': None, 'factLabel': 'Remodeled year'}, {'factValue': 'Electric', 'factLabel': 'Heating'}, {'factValue': 'Central', 'factLabel': 'Cooling'}, {'factValue': 'Attached Garage', 'factLabel': 'Parking'}, {'factValue': '4,791 sqft', 'factLabel': 'lotsize'}, {'factValue': '$139', 'factLabel': 'Price/sqft'}]}",Not Applicable,San Antonio,"[{'rating': ['NA', '8/10', 'NA'], 'data': {'Distance': ['2 mi', '0.5 mi', '2.9 mi'], 'Grades': ['PK-5', '6-8', '9-12']}, 'name': ['Kallison Elementary School', 'Folks Middle', 'Harlan High S']}]","1,703",78254,4,TX,1.0,,,1420667,"$237,500"
For sale,,Single Family,10652 Les Jardins Dr,4,"{'atAGlanceFacts': [{'factValue': '1968', 'factLabel': 'Year built'}, {'factValue': '2000', 'factLabel': 'Remodeled year'}, {'factValue': 'Forced air', 'factLabel': 'Heating'}, {'factValue': 'Central', 'factLabel': 'Cooling'}, {'factValue': '2 spaces', 'factLabel': 'Parking'}, {'factValue': '0.41 acres', 'factLabel': 'lotsize'}, {'factValue': '$389', 'factLabel': 'Price/sqft'}]}",Yes,Dallas,"[{'rating': ['8/10', '3/10', '4/10'], 'data': {'Distance': ['1 mi', '2.3 mi', '1.5 mi'], 'Grades': ['PK-5', '6-8', '9-12']}, 'name': ['Harry C Withers Elementary School', 'Ewell D Walker Middle School', 'W T White High School']}]","2,954",75229,3,TX,1.0,,Yes,14202843,"$1,150,000"
for sale,,single-family home,5708 Bonneville Ln,3 Baths,"{'atAGlanceFacts': [{'factValue': '1964', 'factLabel': 'Year built'}, {'factValue': '', 'factLabel': 'Remodeled year'}, {'factValue': 'Other', 'factLabel': 'Heating'}, {'factValue': 'Evaporative', 'factLabel': 'Cooling'}, {'factValue': 'Attached Garage', 'factLabel': 'Parking'}, {'factValue': '9,701 sqft', 'factLabel': 'lotsize'}, {'factValue': '$104/sqft', 'factLabel': 'Price/sqft'}]}",yes,El Paso,"[{'rating': ['6/10', '3/10', '7/10'], 'data': {'Distance': ['1.6mi', '0.85mi', '0.57mi'], 'Grades': ['9-12', '6-8', 'PK-5']}, 'name': ['Coronado High School', 'Morehead Middle School', 'Western Hills Elementary School']}]","2,969 sqft",79912,5 Beds,TX,1.0,,yes,815644,"$309,000"
Pending,,Single Family Home,10721 Crockett St,5.5,"{'atAGlanceFacts': [{'factValue': '1948', 'factLabel': 'Year built'}, {'factValue': '', 'factLabel': 'Remodeled year'}, {'factValue': '', 'factLabel': 'Heating'}, {'factValue': '', 'factLabel': 'Cooling'}, {'factValue': '', 'factLabel': 'Parking'}, {'factValue': '9111', 'factLabel': 'lotsize'}, {'factValue': '$236', 'factLabel': 'Price/sqft'}]}",,Sun Valley,"[{'rating': ['3', '5', '1', '4', '7', '2', 'NR', 'NR'], 'data': {'Distance': ['0.5 mi', '1.4 mi', '2.1 mi', '0.4 mi', '0.8 mi', '2.2 mi', '0.3 mi', '0.6 mi'], 'Grades': ['K–5', '6–12', '6–12', 'K–5', '6–12', '9–12', 'K–12', 'K–8']}, 'name': ['Glenwood Elementary School', 'Sun Valley Engineering And Technology Magnet School', 'North Valley Military Institute College Preparatory Academy School', 'Roscoe Elementary School', 'Alliance Marine-Innovation and Technology 6-12 Complex  School', 'Sun Valley High School', 'St. Augustine Academy Private School', 'Our Lady Of The Holy Rosary Private School']}]",3258,91352,5,CA,Stories/Levels,,,319004419,"$769,000"
Pending,,Single Family Home,7724 W Fargo Ln,2.5,"{'atAGlanceFacts': [{'factValue': '2019', 'factLabel': 'Year built'}, {'factValue': '', 'factLabel': 'Remodeled year'}, {'factValue': 'Gas Heat', 'factLabel': 'Heating'}, {'factValue': 'Refrigeration, Ceiling Fan(s)', 'factLabel': 'Cooling'}, {'factValue': 'Electric Door Opener, Over Height Garage, RV Gate, RV Parking', 'factLabel': 'Parking'}, {'factValue': '8168', 'factLabel': 'lotsize'}, {'factValue': '$161', 'factLabel': 'Price/sqft'}]}",,Peoria,"[{'rating': ['8', '8', 'NR', '7', '9', 'NR', 'NR', 'NR'], 'data': {'Distance': ['0.6 mi', '1.4 mi', '1.4 mi', '1.3 mi', '1.3 mi', '1.5 mi', '1.3 mi', '1.8 mi'], 'Grades': ['PK–8', '7–12', '7–12', 'K–8', 'K–8', '7–12', '12–12', 'PK–6']}, 'name': ['Apache Elementary School', 'Sunrise Mountain High School', 'West-Mec - Sunrise Mountain High School', 'Coyote Hills Elementary School', 'Peoria Traditional School', 'Ischool2020 School', 'Life Development Institute Private School', 'Sunrise Montessori Private School - North Campus']}]",2549,85382,4,AZ,1,,,5864760,"$409,900"
Active,,,MLS #: TMRP1850603,,"{'atAGlanceFacts': [{'factValue': '', 'factLabel': 'Year built'}, {'factValue': '', 'factLabel': 'Remodeled year'}, {'factValue': '', 'factLabel': 'Heating'}, {'factValue': '', 'factLabel': 'Cooling'}, {'factValue': '', 'factLabel': 'Parking'}, {'factValue': '—', 'factLabel': 'lotsize'}, {'factValue': None, 'factLabel': 'Price/sqft'}]}",,New York,"[{'rating': ['10', '8', '9', '8', '8'], 'data': {'Distance': ['0.4 mi', '1.5 mi', '2.1 mi', '1.9 mi', '2.1 mi'], 'Grades': ['Preschool to 5', '6 to 8', '6 to 8', '6 to 11', '9 to 12']}, 'name': ['PS 59 Beekman Hill International', 'Junior High School 104 Simon Baruch', 'Nyc Lab Middle School For Collaborative Studies', 'Middle School 260 Clinton School Writers And Artists', 'Nyc Lab High School For Collaborative Studies']}]",,10022,Bath,NY,,,,TMRP1850603,"950,000"
,,,Martin Anderson Beac,,"{'atAGlanceFacts': [{'factValue': None, 'factLabel': 'Year built'}, {'factValue': None, 'factLabel': 'Remodeled year'}, {'factValue': None, 'factLabel': 'Heating'}, {'factValue': None, 'factLabel': 'Cooling'}, {'factValue': None, 'factLabel': 'Parking'}, {'factValue': None, 'factLabel': 'lotsize'}, {'factValue': None, 'factLabel': 'Price/sqft'}]}",,Orlando,"[{'rating': ['6/10', '4/10', '5/10'], 'data': {'Distance': ['0.9 mi', '0.4 mi', '2 mi'], 'Grades': ['PK-5', '6-8', '9-12']}, 'name': ['Wetherbee Elementary', 'South Creek Middle School', 'Cypress Creek High School']}]",,32824,0.44 acres,FL,,,,O5731775,"$495,000"
For sale,,Single Family,5442 Taft Ave,4.0,"{'atAGlanceFacts': [{'factValue': '2019', 'factLabel': 'Year built'}, {'factValue': '1948', 'factLabel': 'Remodeled year'}, {'factValue': 'Forced air', 'factLabel': 'Heating'}, {'factValue': 'Central', 'factLabel': 'Cooling'}, {'factValue': '2 spaces', 'factLabel': 'Parking'}, {'factValue': '3 acres', 'factLabel': 'lotsize'}, {'factValue': '$915', 'factLabel': 'Price/sqft'}]}",,La Jolla,"[{'rating': ['9/10', '9/10', '9/10'], 'data': {'Distance': ['0.2 mi', '1.3 mi', '1.4 mi'], 'Grades': ['K-5', '6-8', '9-12']}, 'name': ['Bird Rock Elementary School', 'Muirlands Middle School', 'La Jolla High School']}]","3,280",92037,4,CA,0,,,190048944,"$2,999,999"
for sale,,condo,101 N Ocean Dr #448,,"{'atAGlanceFacts': [{'factValue': '1925', 'factLabel': 'Year built'}, {'factValue': '1988', 'factLabel': 'Remodeled year'}, {'factValue': 'Forced Air', 'factLabel': 'Heating'}, {'factValue': 'Central', 'factLabel': 'Cooling'}, {'factValue': '', 'factLabel': 'Parking'}, {'factValue': '', 'factLabel': 'lotsize'}, {'factValue': '$298/sqft', 'factLabel': 'Price/sqft'}]}",,Hollywood,"[{'rating': ['4/10', '3/10', '4/10'], 'data': {'Distance': ['2.17mi', '1.57mi', '1.93mi'], 'Grades': ['6-8', 'PK-5', '9-12']}, 'name': ['Olsen Middle School', 'Hollywood Central Elementary School', 'South Broward High School']}]",504 sqft,33019,,FL,7.0,,,F10196364,"$150,000"
for sale,,townhouse,1405 Vermont St #B,4 Baths,"{'atAGlanceFacts': [{'factValue': '2014', 'factLabel': 'Year built'}, {'factValue': '', 'factLabel': 'Remodeled year'}, {'factValue': 'Electric', 'factLabel': 'Heating'}, {'factValue': 'Central', 'factLabel': 'Cooling'}, {'factValue': 'Attached Garage', 'factLabel': 'Parking'}, {'factValue': '1,564 sqft', 'factLabel': 'lotsize'}, {'factValue': '$269/sqft', 'factLabel': 'Price/sqft'}]}",,Houston,"[{'rating': ['6/10', '10/10', '5/10'], 'data': {'Distance': ['1.89mi', '0.77mi', '0.23mi'], 'Grades': ['9-12', '6-8', 'PK-8']}, 'name': ['Lamar High School', 'Lanier Middle School', 'Wilson Montessori']}]","2,529 sqft",77006,3 Beds,TX,4.0,,,74210001,"$680,000"
foreclosure,,single-family home,5023 Showdown Ln,2 Baths,"{'atAGlanceFacts': [{'factValue': '2001', 'factLabel': 'Year built'}, {'factValue': '2001', 'factLabel': 'Remodeled year'}, {'factValue': 'Other', 'factLabel': 'Heating'}, {'factValue': 'Central', 'factLabel': 'Cooling'}, {'factValue': 'Attached Garage', 'factLabel': 'Parking'}, {'factValue': '6,764 sqft', 'factLabel': 'lotsize'}, {'factValue': '$107/sqft', 'factLabel': 'Price/sqft'}]}",yes,Grand Prairie,"[{'rating': ['6/10', 'None/10', '9/10', '7/10', '8/10'], 'data': {'Distance': ['3.05mi', '7.27mi', '0.24mi', '1.09mi', '3.48mi'], 'Grades': ['9-12', 'PK, 9-12', 'PK-5', '6-8', '9-12']}, 'name': ['South Grand Prairie High School', 'Crosswinds High School', 'Colin Powell Elementary School', 'Ronald W Reagan Middle School', 'John A Dubiski Career High School']}]","2,200 sqft",75052,3 Beds,TX,1.0,,,,"$234,558"
Active,,Condo/Townhome/Row Home/Co-Op,2121 W Royal Palm Rd Apt 1046,1,"{'atAGlanceFacts': [{'factValue': '1980', 'factLabel': 'Year built'}, {'factValue': '', 'factLabel': 'Remodeled year'}, {'factValue': 'Electric Heat', 'factLabel': 'Heating'}, {'factValue': 'Refrigeration', 'factLabel': 'Cooling'}, {'factValue': 'Carport Spaces', 'factLabel': 'Parking'}, {'factValue': '692', 'factLabel': 'lotsize'}, {'factValue': '$198', 'factLabel': 'Price/sqft'}]}",,Phoenix,"[{'rating': ['3', '5', '7', '1', '1', 'NR', 'NR', 'NR'], 'data': {'Distance': ['0.6 mi', '0.5 mi', '1.6 mi', '0.4 mi', '0.7 mi', '1.0 mi', '1.4 mi', '1.6 mi'], 'Grades': ['K–5', '5–8', '9–12', 'PK–12', 'K–8', '9–12', 'PK–9', '1–12']}, 'name': ['Richard E Miller School', 'Royal Palm Middle School', 'Cortez High School', 'Asdb/Phoenix Day School', 'Edupreneurship Student Center (ESC) Phoenix School', 'Pillar Academy Online School', 'Torah Day Private School of Phoenix', 'Gompers Habilitation Center Private School']}]",429,85021,0,AZ,1,,,6011600,"$85,000"
,,Single Family,16612 Haynes St,3.0,"{'atAGlanceFacts': [{'factValue': 'No Data', 'factLabel': 'Year built'}, {'factValue': None, 'factLabel': 'Remodeled year'}, {'factValue': 'No Data', 'factLabel': 'Heating'}, {'factValue': 'No Data', 'factLabel': 'Cooling'}, {'factValue': 'No Data', 'factLabel': 'Parking'}, {'factValue': '6,942 sqft', 'factLabel': 'lotsize'}, {'factValue': '$320', 'factLabel': 'Price/sqft'}]}",,Lake Balboa,"[{'rating': ['3/10', '5/10', '6/10'], 'data': {'Distance': ['0.8 mi', '0.7 mi', '0.5 mi'], 'Grades': ['K-5', '6-8', '9-12']}, 'name': ['Gault Street Elementary School', 'William Mulholland Middle School', 'Birmingham Community Charter High School']}]","1,874",91406,4,CA,,,,,"$599,000"
for sale,,townhouse,7922 Craig St,,"{'atAGlanceFacts': [{'factValue': '1925', 'factLabel': 'Year built'}, {'factValue': '', 'factLabel': 'Remodeled year'}, {'factValue': '', 'factLabel': 'Heating'}, {'factValue': 'None', 'factLabel': 'Cooling'}, {'factValue': '', 'factLabel': 'Parking'}, {'factValue': '2,285 sqft', 'factLabel': 'lotsize'}, {'factValue': '$87/sqft', 'factLabel': 'Price/sqft'}]}",,Philadelphia,"[{'rating': ['2/10', '3/10', '1/10'], 'data': {'Distance': ['0.8mi', '0.3mi', '0.68mi'], 'Grades': ['7-8', 'K-6', '9-12']}, 'name': ['Meehan Austin Middle School', 'Brown Joseph H School', 'Lincoln High School']}]","1,714 sqft",19136,3 Beds,PA,2.0,,,PAPH841972,"$149,900"
,,Townhouse,102 Tendick St # 305,3.0,"{'atAGlanceFacts': [{'factValue': '2019', 'factLabel': 'Year built'}, {'factValue': None, 'factLabel': 'Remodeled year'}, {'factValue': 'Heat pump', 'factLabel': 'Heating'}, {'factValue': 'Central', 'factLabel': 'Cooling'}, {'factValue': 'No Data', 'factLabel': 'Parking'}, {'factValue': '958 sqft', 'factLabel': 'lotsize'}, {'factValue': '$239', 'factLabel': 'Price/sqft'}]}",Not Applicable,San Antonio,"[{'rating': ['4/10', '3/10'], 'data': {'Distance': ['0.4 mi', '2.7 mi'], 'Grades': ['PK-6', '9-12']}, 'name': ['Lamar Elementary School', 'Edison High School']}]","1,671",78209,3,TX,2.0,,," 305, San Antonio, TX 78209","$399,000"
Pre-foreclosure,Yes,Single Family,28034 Parkridge Ln,Bathrooms: 3,"{'atAGlanceFacts': [{'factValue': '1987', 'factLabel': 'Year built'}, {'factValue': '1987', 'factLabel': 'Remodeled year'}, {'factValue': 'Other', 'factLabel': 'Heating'}, {'factValue': 'Central', 'factLabel': 'Cooling'}, {'factValue': '6 spaces', 'factLabel': 'Parking'}, {'factValue': '7,400 sqft', 'factLabel': 'lotsize'}, {'factValue': '', 'factLabel': 'Price/sqft'}]}",Yes,Santa Clarita,"[{'rating': ['7/10', '8/10', '9/10'], 'data': {'Distance': ['0.9 mi', '2 mi', '1.9 mi'], 'Grades': ['K-6', '7-8', '9-12']}, 'name': ['Mitchell Community Elementary School', 'Sierra Vista Junior High School', 'Canyon High School']}]","Total interior livable area: 1,930 sqft",91387,4 bd,CA,2.0,,,,"$517,481"
Active,,,8135 Ashby Gap Way Lot No 226 ,,"{'atAGlanceFacts': [{'factValue': '2019', 'factLabel': 'Year built'}, {'factValue': '', 'factLabel': 'Remodeled year'}, {'factValue': 'Central, Gas', 'factLabel': 'Heating'}, {'factValue': 'Central, Electric', 'factLabel': 'Cooling'}, {'factValue': '', 'factLabel': 'Parking'}, {'factValue': '—', 'factLabel': 'lotsize'}, {'factValue': '$124 / Sq. Ft.', 'factLabel': 'Price/sqft'}]}",1,Hixson,"[{'rating': ['6', '6', '6'], 'data': {'Distance': ['1.1 mi', '2.8 mi', '0.7 mi'], 'Grades': ['Preschool to 5', '6 to 8', '9 to 12']}, 'name': ['Daisy Elementary School', 'Soddy Daisy Middle School', 'Soddy Daisy High School']}]","2,484",37343,,TN,"2 Level, Site Built",,,1305288,"309,000"
for sale,,single-family home,1001 Farragut Ave,,"{'atAGlanceFacts': [{'factValue': '1965', 'factLabel': 'Year built'}, {'factValue': '1970', 'factLabel': 'Remodeled year'}, {'factValue': 'Heat Pump', 'factLabel': 'Heating'}, {'factValue': 'Central', 'factLabel': 'Cooling'}, {'factValue': 'Off Street, Attached Garage', 'factLabel': 'Parking'}, {'factValue': '10497 sqft', 'factLabel': 'lotsize'}, {'factValue': '$116/sqft', 'factLabel': 'Price/sqft'}]}",,Knoxville,"[{'rating': ['3/10', '3/10', '5/10'], 'data': {'Distance': ['0.81mi', '1.03mi', '1.15mi'], 'Grades': ['K-5', '9-12', '6-8']}, 'name': ['Christenberry Elementary School', 'Fulton High School', 'Whittle Springs Middle School']}]",905 sqft,37917,3 Beds,TN,,,,1103125,"$104,900"
for sale,,single-family home,7 Daisy Cir,4 Baths,"{'atAGlanceFacts': [{'factValue': '', 'factLabel': 'Year built'}, {'factValue': '', 'factLabel': 'Remodeled year'}, {'factValue': 'Forced Air', 'factLabel': 'Heating'}, {'factValue': 'Central', 'factLabel': 'Cooling'}, {'factValue': 'Attached Garage', 'factLabel': 'Parking'}, {'factValue': '5.00 acres', 'factLabel': 'lotsize'}, {'factValue': '$142/sqft', 'factLabel': 'Price/sqft'}]}",yes,Clarksville,"[{'rating': ['8/10', '9/10', '5/10'], 'data': {'Distance': ['5.01mi', '5.07mi', '0.23mi'], 'Grades': ['6-8', '9-12', 'PK-5']}, 'name': ['Rossview Middle School', 'Rossview High School', 'Moore Magnet Elementary School']}]","2,527 sqft",37040,4 Beds,TN,2,,,2099733,"$359,900"
for sale,,townhouse,172 Jamie Ln,3 Baths,"{'atAGlanceFacts': [{'factValue': '1999', 'factLabel': 'Year built'}, {'factValue': '1999', 'factLabel': 'Remodeled year'}, {'factValue': 'Forced Air', 'factLabel': 'Heating'}, {'factValue': 'Central', 'factLabel': 'Cooling'}, {'factValue': '', 'factLabel': 'Parking'}, {'factValue': '500 sqft', 'factLabel': 'lotsize'}, {'factValue': '$265/sqft', 'factLabel': 'Price/sqft'}]}",,Staten Island,"[{'rating': ['9/10', '6/10', '5/10'], 'data': {'Distance': ['1.39mi', '1.94mi', '2.38mi'], 'Grades': ['6-8', 'PK-5', '9-12']}, 'name': ['Is 75 Frank D Paulo', 'Space Shuttle Columbia School', 'Tottenville High School']}]","1,354 sqft",10312,3 Beds,NY,3.0,,yes,,"$359,000"
Active,,Land,19300 Bothell Way NE,,"{'atAGlanceFacts': [{'factValue': '1993', 'factLabel': 'Year built'}, {'factValue': '', 'factLabel': 'Remodeled year'}, {'factValue': '', 'factLabel': 'Heating'}, {'factValue': '', 'factLabel': 'Cooling'}, {'factValue': '', 'factLabel': 'Parking'}, {'factValue': '78844', 'factLabel': 'lotsize'}, {'factValue': None, 'factLabel': 'Price/sqft'}]}",,Bothell,"[{'rating': ['5', '6', '9', '7', 'NR', '2', 'NR', 'NR'], 'data': {'Distance': ['0.7 mi', '1.2 mi', '0.7 mi', '0.6 mi', '1.1 mi', '1.1 mi', '0.3 mi', '0.4 mi'], 'Grades': ['PK–6', '7–9', '10–12', 'PK–6', 'PK–12', '9–12', 'PK–8', 'PK–8']}, 'name': ['Westhill Elementary School', 'Canyon Park Jr High School', 'Bothell High School', 'Maywood Hills Elementary School', 'Northshore Special Services School', 'Northshore Online School', 'St Brendan Parish Private School', 'Heritage Christian Academy Private School']}]",0,98011,,WA,,,,1192155,"$1,200,000"
For sale,,Single Family,2010 W Huisache Ave,1 ba,"{'atAGlanceFacts': [{'factValue': '1942', 'factLabel': 'Year built'}, {'factValue': '', 'factLabel': 'Remodeled year'}, {'factValue': 'Forced air', 'factLabel': 'Heating'}, {'factValue': 'Central', 'factLabel': 'Cooling'}, {'factValue': '', 'factLabel': 'Parking'}, {'factValue': '7,840 sqft', 'factLabel': 'lotsize'}, {'factValue': '$176', 'factLabel': 'Price/sqft'}]}",,San Antonio,"[{'rating': ['3/10', '2/10', '2/10'], 'data': {'Distance': ['0.4 mi', '2.3 mi', '0.7 mi'], 'Grades': ['PK-8', '6-8', '9-12']}, 'name': ['Woodlawn Elementary School', 'Longfellow Middle School', 'Jefferson High School']}]","1,560 sqft",78201,4 bd,TX,,1423720,,,"$274,900"
,,Single Family,1610 Marburg St,1.0,"{'atAGlanceFacts': [{'factValue': '1935', 'factLabel': 'Year built'}, {'factValue': None, 'factLabel': 'Remodeled year'}, {'factValue': 'No Data', 'factLabel': 'Heating'}, {'factValue': 'Refrigeration', 'factLabel': 'Cooling'}, {'factValue': 'No Data', 'factLabel': 'Parking'}, {'factValue': '7,500 sqft', 'factLabel': 'lotsize'}, {'factValue': None, 'factLabel': 'Price/sqft'}]}",,Dallas,"[{'rating': ['7/10', '2/10', '2/10'], 'data': {'Distance': ['0.5 mi', '1.5 mi', '1 mi'], 'Grades': ['PK-5', '6-8', '9-12']}, 'name': ['Charles Rice Learning Center', 'Billy Earl Dade Middle School', 'Lincoln Humanities/Communications']}]","1,132 sqft",75215,3,TX,1.0,,,,
for sale,,lot/land,4111 S 3rd Street Rd,,"{'atAGlanceFacts': [{'factValue': '', 'factLabel': 'Year built'}, {'factValue': '', 'factLabel': 'Remodeled year'}, {'factValue': '', 'factLabel': 'Heating'}, {'factValue': '', 'factLabel': 'Cooling'}, {'factValue': '', 'factLabel': 'Parking'}, {'factValue': '1.5 acres', 'factLabel': 'lotsize'}, {'factValue': None, 'factLabel': 'Price/sqft'}]}",,Waco,"[{'rating': ['3/10', '3/10', '3/10'], 'data': {'Distance': ['1.83mi', '2.98mi', '2.82mi'], 'Grades': ['PK-5', '9-12', '6-8']}, 'name': ['South Waco Elementary School', 'University High School', 'Cesar Chavez Middle School']}]",,76706,,TX,,,,187983,"$150,000"
,,Condo,3211 SW 44th St APT 103,1.0,"{'atAGlanceFacts': [{'factValue': '1977', 'factLabel': 'Year built'}, {'factValue': '1978', 'factLabel': 'Remodeled year'}, {'factValue': 'Wall', 'factLabel': 'Heating'}, {'factValue': 'Wall', 'factLabel': 'Cooling'}, {'factValue': 'No Data', 'factLabel': 'Parking'}, {'factValue': None, 'factLabel': 'lotsize'}, {'factValue': '$212', 'factLabel': 'Price/sqft'}]}",,Dania Beach,"[{'rating': ['3/10', '4/10', '4/10'], 'data': {'Distance': ['2.3 mi', '2.5 mi', '1.5 mi'], 'Grades': ['PK-5', '6-8', '9-12']}, 'name': ['Collins Elementary School', 'Attucks Middle School', 'Hollywood Hills High School']}]",400,33312,1,FL,,,,A10776962,"$85,000"
for sale,,single-family home,1416 Dock St,2 Baths,"{'atAGlanceFacts': [{'factValue': '1920', 'factLabel': 'Year built'}, {'factValue': '1982', 'factLabel': 'Remodeled year'}, {'factValue': 'Forced Air', 'factLabel': 'Heating'}, {'factValue': 'Central', 'factLabel': 'Cooling'}, {'factValue': '', 'factLabel': 'Parking'}, {'factValue': '3,223 sqft', 'factLabel': 'lotsize'}, {'factValue': '$170/sqft', 'factLabel': 'Price/sqft'}]}",yes,Wilmington,"[{'rating': ['1/10', '4/10', '2/10'], 'data': {'Distance': ['0.64mi', '0.17mi', '0.37mi'], 'Grades': ['K-5', '9-12', '6-8']}, 'name': ['Annie H Snipes Elementary', 'New Hanover High', 'Williston Middle']}]","1,734 sqft",28401,4 Beds,NC,2.0,,,100181204,"$294,900"
for sale,,single-family home,7 Gage Ct,4 Baths,"{'atAGlanceFacts': [{'factValue': '1952', 'factLabel': 'Year built'}, {'factValue': '1952', 'factLabel': 'Remodeled year'}, {'factValue': 'Other', 'factLabel': 'Heating'}, {'factValue': 'Central', 'factLabel': 'Cooling'}, {'factValue': 'Attached Garage', 'factLabel': 'Parking'}, {'factValue': '0.86 acres', 'factLabel': 'lotsize'}, {'factValue': '$502/sqft', 'factLabel': 'Price/sqft'}]}",yes,Houston,"[{'rating': ['9/10', '10/10', '8/10'], 'data': {'Distance': ['0.25mi', '1.17mi', '0.66mi'], 'Grades': ['PK-5', '6-8', '9-12']}, 'name': ['Bunker Hill Elementary School', 'Memorial Middle School', 'Memorial High School']}]","2,986 sqft",77024,4 Beds,TX,1,,yes,12958663,"$1,500,000"
Active,,,116 Violet Ct ,,"{'atAGlanceFacts': [{'factValue': '2019', 'factLabel': 'Year built'}, {'factValue': '', 'factLabel': 'Remodeled year'}, {'factValue': 'Electric', 'factLabel': 'Heating'}, {'factValue': 'Central Air', 'factLabel': 'Cooling'}, {'factValue': '', 'factLabel': 'Parking'}, {'factValue': '7,026 Sq. Ft.', 'factLabel': 'lotsize'}, {'factValue': '$124 / Sq. Ft.', 'factLabel': 'Price/sqft'}]}",,POINCIANA,"[{'rating': ['2', '3', '1', 'NR'], 'data': {'Distance': ['1.9 mi', '8.0 mi', '1.8 mi', '4.3 mi'], 'Grades': ['Preschool to 4', 'Preschool to 12', '5 to 8', '8 to 12']}, 'name': ['Laurel Elementary School', 'Haines City Senior High School', 'Lake Marion Creek Elementary School', 'Palmer Academy']}]","1,400",34759,,FL,One,,,C7421524,"173,990"
Active,,2 Story,3 Hemingway Ave #80 ,,"{'atAGlanceFacts': [{'factValue': '2017', 'factLabel': 'Year built'}, {'factValue': '', 'factLabel': 'Remodeled year'}, {'factValue': 'Forced Air, Gas', 'factLabel': 'Heating'}, {'factValue': 'Central', 'factLabel': 'Cooling'}, {'factValue': '', 'factLabel': 'Parking'}, {'factValue': '—', 'factLabel': 'lotsize'}, {'factValue': '$133 / Sq. Ft.', 'factLabel': 'Price/sqft'}]}","Direct Vent, Gas Log, 1 Fireplace",Ashville,"[{'rating': ['9', '6', '7', '7'], 'data': {'Distance': ['1.1 mi', '1.2 mi', '0.5 mi', '1.2 mi'], 'Grades': ['K to 5', '3 to 5', '6 to 8', '6 to 8']}, 'name': ['Ashville Elementary School', 'Amanda-Clearcreek Elementary School', 'Teays Valley East Middle School', 'Amanda-Clearcreek Middle School']}]","2,322",43103,,OH,,,,218001711,"309,900"
Active,,Traditional,5329 Rue St ,,"{'atAGlanceFacts': [{'factValue': '2019', 'factLabel': 'Year built'}, {'factValue': '', 'factLabel': 'Remodeled year'}, {'factValue': 'Central Electric', 'factLabel': 'Heating'}, {'factValue': 'Central Electric', 'factLabel': 'Cooling'}, {'factValue': '', 'factLabel': 'Parking'}, {'factValue': '5,500 Sq. Ft.', 'factLabel': 'lotsize'}, {'factValue': '$140 / Sq. Ft.', 'factLabel': 'Price/sqft'}]}",,Houston,"[{'rating': ['2', '3', '1'], 'data': {'Distance': ['1.4 mi', '1.1 mi', '1.6 mi'], 'Grades': ['Preschool to 8', '6 to 8', '9 to 12']}, 'name': ['Woodson School', 'Thomas Middle School', 'Sterling High School']}]","1,300",77033,,TX,1,,,49973214,"181,500"
for sale,,single-family home,15269 NW 7th St,3 Baths,"{'atAGlanceFacts': [{'factValue': '1996', 'factLabel': 'Year built'}, {'factValue': '1997', 'factLabel': 'Remodeled year'}, {'factValue': 'Electric', 'factLabel': 'Heating'}, {'factValue': 'Central', 'factLabel': 'Cooling'}, {'factValue': 'Detached Garage', 'factLabel': 'Parking'}, {'factValue': '6,208 sqft', 'factLabel': 'lotsize'}, {'factValue': '$203/sqft', 'factLabel': 'Price/sqft'}]}",,Pembroke Pines,"[{'rating': ['8/10', '7/10', '7/10'], 'data': {'Distance': ['1.62mi', '0.41mi', '1.66mi'], 'Grades': ['6-8', 'PK-5', '9-12']}, 'name': ['Walter C. Young Middle School', 'Silver Palms Elementary School', 'Charles W Flanagan High School']}]","2,067 sqft",33028,3 Beds,FL,1.0,,,A10775305,"$419,900"
for sale,,single-family home,22609 Hilltop Ave,2 Baths,"{'atAGlanceFacts': [{'factValue': '2016', 'factLabel': 'Year built'}, {'factValue': '', 'factLabel': 'Remodeled year'}, {'factValue': 'Forced Air', 'factLabel': 'Heating'}, {'factValue': 'Central', 'factLabel': 'Cooling'}, {'factValue': '4', 'factLabel': 'Parking'}, {'factValue': '5,500 sqft', 'factLabel': 'lotsize'}, {'factValue': '$325/sqft', 'factLabel': 'Price/sqft'}]}",,Panama City Beach,"[{'rating': ['6/10', '7/10'], 'data': {'Distance': ['7.85mi', '10.07mi'], 'Grades': ['6-8', 'PK-12']}, 'name': ['Surfside Middle School', 'J.R. Arnold High School']}]",792 sqft,32413,2 Beds,FL,,,,692069,"$257,500"
 / auction,,Single Family,639 S 189th St,2.0,"{'atAGlanceFacts': [{'factValue': '1975', 'factLabel': 'Year built'}, {'factValue': None, 'factLabel': 'Remodeled year'}, {'factValue': 'No Data', 'factLabel': 'Heating'}, {'factValue': 'No Data', 'factLabel': 'Cooling'}, {'factValue': 'No Data', 'factLabel': 'Parking'}, {'factValue': '8,276 sqft', 'factLabel': 'lotsize'}, {'factValue': None, 'factLabel': 'Price/sqft'}]}",,Burien,"[{'rating': ['7/10', '3/10', '3/10'], 'data': {'Distance': ['0.5 mi', '2.6 mi', '2.4 mi'], 'Grades': ['K-6', '7-8', '9-12']}, 'name': ['North Hill-Primary School', 'Pacific Middle School', 'Mount Rainier High School']}]","1,310 sqft",98148,3,WA,,,,,
for sale,,single-family home,4045 Goodlett Cv,3 Baths,"{'atAGlanceFacts': [{'factValue': '1955', 'factLabel': 'Year built'}, {'factValue': '', 'factLabel': 'Remodeled year'}, {'factValue': 'Forced Air', 'factLabel': 'Heating'}, {'factValue': 'Central', 'factLabel': 'Cooling'}, {'factValue': 'Attached Garage', 'factLabel': 'Parking'}, {'factValue': '0.35 acres', 'factLabel': 'lotsize'}, {'factValue': '$172/sqft', 'factLabel': 'Price/sqft'}]}",yes,Memphis,"[{'rating': ['8/10', '3/10', '7/10', '8/10', '3/10', '7/10'], 'data': {'Distance': ['3.1mi', '1.94mi', '2.19mi', '3.1mi', '1.94mi', '2.19mi'], 'Grades': ['6-8', '9-12', 'PK-5', '6-8', '9-12', 'PK-5']}, 'name': ['White Station Middle School', 'East High School', 'White Station Elementary School', 'White Station Middle School', 'East High School', 'White Station Elementary School']}]","2,840 sqft",38111,5 Beds,TN,1.0,,,10065131,"$488,000"
for sale,,condo,8712 Frankford Ave #8,,"{'atAGlanceFacts': [{'factValue': '1964', 'factLabel': 'Year built'}, {'factValue': '', 'factLabel': 'Remodeled year'}, {'factValue': '', 'factLabel': 'Heating'}, {'factValue': '', 'factLabel': 'Cooling'}, {'factValue': '', 'factLabel': 'Parking'}, {'factValue': '933 sqft', 'factLabel': 'lotsize'}, {'factValue': '$159/sqft', 'factLabel': 'Price/sqft'}]}",,Philadelphia,"[{'rating': ['2/10', '4/10', '1/10'], 'data': {'Distance': ['1.63mi', '0.44mi', '1.58mi'], 'Grades': ['7-8', 'PK-6', '9-12']}, 'name': ['Meehan Austin Middle School', 'Holme Thomas School', 'Lincoln High School']}]","1,540 sqft",19136,,PA,,,,PAPH849320,"$245,000"
Pre-foreclosure / auction,,Single Family,1200 Mission Dr,,"{'atAGlanceFacts': [{'factValue': '1968', 'factLabel': 'Year built'}, {'factValue': '', 'factLabel': 'Remodeled year'}, {'factValue': 'Other', 'factLabel': 'Heating'}, {'factValue': 'Central', 'factLabel': 'Cooling'}, {'factValue': '2 spaces', 'factLabel': 'Parking'}, {'factValue': '9,380 sqft', 'factLabel': 'lotsize'}, {'factValue': '', 'factLabel': 'Price/sqft'}]}",,Antioch,"[{'rating': ['2/10', '3/10', '3/10'], 'data': {'Distance': ['0.4 mi', '0.7 mi', '0.9 mi'], 'Grades': ['K-5', '6-8', '9-12']}, 'name': ['Mission Elementary School', 'Park Middle School', 'Antioch High School']}]",,94509,3 bd,CA,,,,,"$409,841"
Active,,Bungalow,1849 Powell Pl ,,"{'atAGlanceFacts': [{'factValue': '1916', 'factLabel': 'Year built'}, {'factValue': '1970', 'factLabel': 'Remodeled year'}, {'factValue': '', 'factLabel': 'Heating'}, {'factValue': '', 'factLabel': 'Cooling'}, {'factValue': '', 'factLabel': 'Parking'}, {'factValue': '5,317 Sq. Ft.', 'factLabel': 'lotsize'}, {'factValue': '$173 / Sq. Ft.', 'factLabel': 'Price/sqft'}]}",,Jacksonville,"[{'rating': ['4', '3', '4'], 'data': {'Distance': ['0.3 mi', '3.0 mi', '0.8 mi'], 'Grades': ['Preschool to 5', '6 to 8', '9 to 12']}, 'name': ['West Riverside Elementary School', 'Lake Shore Middle School', 'Robert E. Lee High School']}]","3,172",32205,,FL,,,,1007753,"550,000"
For sale,,Single Family,2117 Seminary Ave,1.0,"{'atAGlanceFacts': [{'factValue': '1922', 'factLabel': 'Year built'}, {'factValue': '1931', 'factLabel': 'Remodeled year'}, {'factValue': 'Other', 'factLabel': 'Heating'}, {'factValue': 'No Data', 'factLabel': 'Cooling'}, {'factValue': 'Detached Garage', 'factLabel': 'Parking'}, {'factValue': '4,225 sqft', 'factLabel': 'lotsize'}, {'factValue': '$556', 'factLabel': 'Price/sqft'}]}",,Oakland,"[{'rating': ['4/10', '4/10'], 'data': {'Distance': ['0.3 mi', '0.5 mi'], 'Grades': ['K-8', '6-12']}, 'name': ['Greenleaf Elementary School', 'Coliseum College Prep Academy']}]",711,94621,2,CA,0,,,40889896,"$395,000"
for sale,,single-family home,2628 SE 9th St,3 Baths,"{'atAGlanceFacts': [{'factValue': '1978', 'factLabel': 'Year built'}, {'factValue': '1979', 'factLabel': 'Remodeled year'}, {'factValue': 'Forced Air', 'factLabel': 'Heating'}, {'factValue': 'Central', 'factLabel': 'Cooling'}, {'factValue': 'Attached Garage', 'factLabel': 'Parking'}, {'factValue': '7,500 sqft', 'factLabel': 'lotsize'}, {'factValue': '$370/sqft', 'factLabel': 'Price/sqft'}]}",,Pompano Beach,"[{'rating': ['3/10', '6/10', '4/10'], 'data': {'Distance': ['2.7mi', '0.73mi', '1.85mi'], 'Grades': ['9-12', 'PK-5', '6-8']}, 'name': ['Blanche Ely High School', 'Mcnab Elementary School', 'Pompano Beach Middle School']}]","2,377 sqft",33062,3 Beds,FL,1.0,,yes,F10125644,"$879,900"
for sale,,condo,900 N Pennsylvania St #100,3 Baths,"{'atAGlanceFacts': [{'factValue': '1981', 'factLabel': 'Year built'}, {'factValue': '', 'factLabel': 'Remodeled year'}, {'factValue': 'Forced Air', 'factLabel': 'Heating'}, {'factValue': 'Central', 'factLabel': 'Cooling'}, {'factValue': '2', 'factLabel': 'Parking'}, {'factValue': '', 'factLabel': 'lotsize'}, {'factValue': '$718/sqft', 'factLabel': 'Price/sqft'}]}",yes,Denver,"[{'rating': ['6/10', '5/10', '7/10'], 'data': {'Distance': ['1.51mi', '0.37mi', '0.52mi'], 'Grades': ['9-12', 'PK-8', '6-8']}, 'name': ['East High School', 'Dora Moore ECE - 8th Grade School', 'Morey Middle School']}]","2,613 sqft",80203,3 Beds,CO,,,,2055757,"$1,875,000"
for sale,,single-family home,9118 Nyssa St,3 Baths,"{'atAGlanceFacts': [{'factValue': '1980', 'factLabel': 'Year built'}, {'factValue': '1980', 'factLabel': 'Remodeled year'}, {'factValue': 'Other', 'factLabel': 'Heating'}, {'factValue': 'Central', 'factLabel': 'Cooling'}, {'factValue': 'Attached Garage', 'factLabel': 'Parking'}, {'factValue': '0.64 acres', 'factLabel': 'lotsize'}, {'factValue': '$181/sqft', 'factLabel': 'Price/sqft'}]}",yes,Houston,"[{'rating': ['2/10', '2/10', '1/10', '2/10', '2/10', '1/10'], 'data': {'Distance': ['2.41mi', '1.63mi', '0.83mi', '1.63mi', '2.41mi', '0.83mi'], 'Grades': ['6-8', 'PK-5', '9-12', 'PK-5', '6-8', '9-12']}, 'name': ['Forest Brook Middle', 'Hiliard El', 'North Forest High School', 'Hiliard El', 'Forest Brook Middle', 'North Forest High School']}]","1,655 sqft",77078,3 Beds,TX,1.0,,yes,17497356,"$299,999"
for sale,,lot/land,403 Corliss,,"{'atAGlanceFacts': [{'factValue': '', 'factLabel': 'Year built'}, {'factValue': '', 'factLabel': 'Remodeled year'}, {'factValue': '', 'factLabel': 'Heating'}, {'factValue': '', 'factLabel': 'Cooling'}, {'factValue': '', 'factLabel': 'Parking'}, {'factValue': '5,271 sqft', 'factLabel': 'lotsize'}, {'factValue': None, 'factLabel': 'Price/sqft'}]}",,San Antonio,"[{'rating': ['2/10', '2/10', '3/10'], 'data': {'Distance': ['1.84mi', '1.98mi', '0.54mi'], 'Grades': ['6-8', '9-12', 'PK-8']}, 'name': ['Davis Middle School', 'Houston High School', 'M L King Academy']}]",,78220,,TX,,,,1393655,"$10,000"
,,Single Family,2635 Hollow Hook Rd,2,"{'atAGlanceFacts': [{'factValue': '1966', 'factLabel': 'Year built'}, {'factValue': '1966', 'factLabel': 'Remodeled year'}, {'factValue': 'Other', 'factLabel': 'Heating'}, {'factValue': 'Central', 'factLabel': 'Cooling'}, {'factValue': '2 spaces', 'factLabel': 'Parking'}, {'factValue': '9,239 sqft', 'factLabel': 'lotsize'}, {'factValue': '$152', 'factLabel': 'Price/sqft'}]}",,Houston,"[{'rating': ['3/10', '1/10', '2/10'], 'data': {'Distance': ['0.6 mi', '1 mi', '0.7 mi'], 'Grades': ['PK-5', '6-8', '9-12']}, 'name': ['Spring Shadow Elementary School', 'Spring Woods Middle School', 'Northbrook High School']}]","2,109",77080,3,TX,1.0,,,60953146,"$319,979"
For sale,,Single Family,2804 Soffiano Ln,Bathrooms: 3,"{'atAGlanceFacts': [{'factValue': '2011', 'factLabel': 'Year built'}, {'factValue': '2011', 'factLabel': 'Remodeled year'}, {'factValue': 'Other', 'factLabel': 'Heating'}, {'factValue': 'Central', 'factLabel': 'Cooling'}, {'factValue': '2 spaces', 'factLabel': 'Parking'}, {'factValue': '6,385 sqft lot', 'factLabel': 'lotsize'}, {'factValue': '$93', 'factLabel': 'Price/sqft'}]}",,League City,"[{'rating': ['6/10', '6/10', '4/10'], 'data': {'Distance': ['1.1 mi', '2.5 mi', '2.2 mi'], 'Grades': ['PK-4', '5-6', '9-12']}, 'name': ['Jake Silbernagel Elementary School', 'John And Shamarion Barber Middle School', 'Dickinson High School']}]","Total interior livable area: 3,004 sqft",77573,4 bd,TX,2.0,62785140,,,"$279,000"
Active,,,502 Alston Dr ,,"{'atAGlanceFacts': [{'factValue': '2017', 'factLabel': 'Year built'}, {'factValue': '', 'factLabel': 'Remodeled year'}, {'factValue': 'Gas', 'factLabel': 'Heating'}, {'factValue': 'Central, Electric', 'factLabel': 'Cooling'}, {'factValue': '', 'factLabel': 'Parking'}, {'factValue': '1 Acre', 'factLabel': 'lotsize'}, {'factValue': '$168 / Sq. Ft.', 'factLabel': 'Price/sqft'}]}",1,Chattanooga,"[{'rating': ['6', '9', '4', 'NR'], 'data': {'Distance': ['3.4 mi', '2.9 mi', '2.5 mi', '3.2 mi'], 'Grades': ['Preschool to 5', 'K to 5', '6 to 12', '1 to 8']}, 'name': ['Lookout Valley Elementary School', 'Lookout Mountain Elementary School', 'Lookout Valley Middle / High School', 'Wildwood Adventist Elementary School']}]","2,230",37419,,TN,2 Level,,,1306015,"375,000"
Active,,1 Story,8402 Cassia Cv ,,"{'atAGlanceFacts': [{'factValue': '2019', 'factLabel': 'Year built'}, {'factValue': '', 'factLabel': 'Remodeled year'}, {'factValue': 'Natural Gas Heat', 'factLabel': 'Heating'}, {'factValue': 'Central Heating', 'factLabel': 'Cooling'}, {'factValue': '', 'factLabel': 'Parking'}, {'factValue': '6,392 Sq. Ft.', 'factLabel': 'lotsize'}, {'factValue': '$136 / Sq. Ft.', 'factLabel': 'Price/sqft'}]}",,Converse,"[{'rating': [], 'data': {'Distance': [], 'Grades': []}, 'name': []}]","1,910",78109,,TX,,,,1426567,"259,995"
for sale,,single-family home,601 Pennsylvania Ave NW #212,,"{'atAGlanceFacts': [{'factValue': '1991', 'factLabel': 'Year built'}, {'factValue': '', 'factLabel': 'Remodeled year'}, {'factValue': 'Forced Air', 'factLabel': 'Heating'}, {'factValue': 'Central', 'factLabel': 'Cooling'}, {'factValue': 'Attached Garage, On Street', 'factLabel': 'Parking'}, {'factValue': '', 'factLabel': 'lotsize'}, {'factValue': '$561/sqft', 'factLabel': 'Price/sqft'}]}",,Washington,"[{'rating': ['8/10', '3/10'], 'data': {'Distance': ['0.82mi', '2.02mi'], 'Grades': ['PK-5', '6-12']}, 'name': ['Thomson Elementary School', 'Cardozo Education Campus']}]",801 sqft,20004,,DC,3.0,,,DCDC444552,"$449,000"
,,Single Family,4816 NW 48th Ter,3.0,"{'atAGlanceFacts': [{'factValue': '2019', 'factLabel': 'Year built'}, {'factValue': None, 'factLabel': 'Remodeled year'}, {'factValue': 'No Data', 'factLabel': 'Heating'}, {'factValue': 'No Data', 'factLabel': 'Cooling'}, {'factValue': '2 spaces', 'factLabel': 'Parking'}, {'factValue': 'No Data', 'factLabel': 'lotsize'}, {'factValue': '$193', 'factLabel': 'Price/sqft'}]}",,Tamarac,"[{'rating': ['4/10', '3/10', '3/10'], 'data': {'Distance': ['1 mi', '2.1 mi', '2 mi'], 'Grades': ['PK-5', '6-8', '9-12']}, 'name': ['Park Lakes Elementary School', 'Lauderdale Lakes Middle School', 'Boyd H. Anderson High School']}]","1,984",33319,4,FL,2.0,,,,"$382,359"
Active,,Spanish/Mediterranean,8325 Grand Canal Dr ,,"{'atAGlanceFacts': [{'factValue': '1978', 'factLabel': 'Year built'}, {'factValue': '1978', 'factLabel': 'Remodeled year'}, {'factValue': 'Central Air', 'factLabel': 'Heating'}, {'factValue': 'Has Cooling', 'factLabel': 'Cooling'}, {'factValue': '', 'factLabel': 'Parking'}, {'factValue': '0.54 Acres', 'factLabel': 'lotsize'}, {'factValue': '$207 / Sq. Ft.', 'factLabel': 'Price/sqft'}]}",,Miami,"[{'rating': ['8', '10', 'NR', '5', '4'], 'data': {'Distance': ['0.7 mi', '17.6 mi', '11.9 mi', '1.7 mi', '0.7 mi'], 'Grades': ['Preschool to 5', 'Preschool to 8', 'K to 9', '6 to 8', '9 to 12']}, 'name': ['Seminole Elementary School', 'Air Base Elementary School', 'Robert Morgan Voc-Tech Institute', 'Rockway Middle School', 'Miami Coral Park Senior High School']}]","4,048",33144,,FL,,,,A10689004,"839,000"
for sale,,multi-family,11930 165th St,5 Baths,"{'atAGlanceFacts': [{'factValue': '1930', 'factLabel': 'Year built'}, {'factValue': '2019', 'factLabel': 'Remodeled year'}, {'factValue': 'Baseboard', 'factLabel': 'Heating'}, {'factValue': '', 'factLabel': 'Cooling'}, {'factValue': 'Carport, Off Street, Detached Garage', 'factLabel': 'Parking'}, {'factValue': '4,000 sqft', 'factLabel': 'lotsize'}, {'factValue': '$436/sqft', 'factLabel': 'Price/sqft'}]}",,Jamaica,"[{'rating': ['3/10'], 'data': {'Distance': ['0.31mi'], 'Grades': ['PK-5']}, 'name': ['Ps 140 Edward K Ellington']}]","2,200 sqft",11434,8 Beds,NY,2,,,,"$959,000"
for sale,,single-family home,1506 E Genesee St,3 Baths,"{'atAGlanceFacts': [{'factValue': '1957', 'factLabel': 'Year built'}, {'factValue': '1999', 'factLabel': 'Remodeled year'}, {'factValue': 'Forced Air', 'factLabel': 'Heating'}, {'factValue': 'Central, Wall', 'factLabel': 'Cooling'}, {'factValue': '', 'factLabel': 'Parking'}, {'factValue': '6,250 sqft', 'factLabel': 'lotsize'}, {'factValue': '$133/sqft', 'factLabel': 'Price/sqft'}]}",,Tampa,"[{'rating': ['2/10', '3/10', '4/10'], 'data': {'Distance': ['9.71mi', '0.23mi', '0.69mi'], 'Grades': ['6-8', 'PK-5', '9-12']}, 'name': ['Mclane Middle School', 'Edison Elementary School', 'Middleton High School']}]","2,098 sqft",33610,5 Beds,FL,1,,,T3212421,"$280,000"
For sale,,Single Family,51 Golden Star,2.0,"{'atAGlanceFacts': [{'factValue': '1975', 'factLabel': 'Year built'}, {'factValue': None, 'factLabel': 'Remodeled year'}, {'factValue': 'Forced air', 'factLabel': 'Heating'}, {'factValue': 'Central', 'factLabel': 'Cooling'}, {'factValue': '2 spaces', 'factLabel': 'Parking'}, {'factValue': '6,298 sqft', 'factLabel': 'lotsize'}, {'factValue': '$532', 'factLabel': 'Price/sqft'}]}",,Irvine,"[{'rating': ['8/10', '8/10', '9/10'], 'data': {'Distance': ['0.2 mi', '0.3 mi', '1 mi'], 'Grades': ['K-6', '7-8', '9-12']}, 'name': ['Deerfield Elementary School', 'Venado Middle School', 'Irvine High School']}]","1,688",92604,3,CA,1,,Yes,AR19258917,"$898,000"
for sale,,lot/land,1304 Beech Valley Rd NE,,"{'atAGlanceFacts': [{'factValue': '2004', 'factLabel': 'Year built'}, {'factValue': '2004', 'factLabel': 'Remodeled year'}, {'factValue': '', 'factLabel': 'Heating'}, {'factValue': '', 'factLabel': 'Cooling'}, {'factValue': '', 'factLabel': 'Parking'}, {'factValue': '8,712 sqft', 'factLabel': 'lotsize'}, {'factValue': '$242/sqft', 'factLabel': 'Price/sqft'}]}",yes,Atlanta,"[{'rating': ['6/10', '8/10', '8/10'], 'data': {'Distance': ['1.92mi', '1.5mi', '0.49mi'], 'Grades': ['9-12', '6-8', 'K-5']}, 'name': ['Grady High School', 'Inman Middle School', 'Morningside Elementary School']}]","3,548 sqft",30306,5 Beds,GA,2.0,,,6628797,"$859,000"
for sale,,single-family home,8739 Meadowbrook Dr,3 Baths,"{'atAGlanceFacts': [{'factValue': '1967', 'factLabel': 'Year built'}, {'factValue': '1967', 'factLabel': 'Remodeled year'}, {'factValue': 'Heat Pump', 'factLabel': 'Heating'}, {'factValue': 'Central', 'factLabel': 'Cooling'}, {'factValue': 'Attached Garage', 'factLabel': 'Parking'}, {'factValue': '0.3 acres', 'factLabel': 'lotsize'}, {'factValue': '$113/sqft', 'factLabel': 'Price/sqft'}]}",yes,Pensacola,"[{'rating': ['4/10', '3/10', '6/10'], 'data': {'Distance': ['2.47mi', '2.6mi', '5.03mi'], 'Grades': ['PK-5', '6-8', '9-12']}, 'name': ['L. D. Mcarthur Elementary School', 'Ferry Pass Middle School', 'J. M. Tate Senior High School']}]","2,400 sqft",32514,3 Beds,FL,1.0,,,561002,"$270,000"
For sale,,Single Family,327 7th Ave N,2,"{'atAGlanceFacts': [{'factValue': '1925', 'factLabel': 'Year built'}, {'factValue': '2014', 'factLabel': 'Remodeled year'}, {'factValue': 'Other', 'factLabel': 'Heating'}, {'factValue': 'Central', 'factLabel': 'Cooling'}, {'factValue': '1 space', 'factLabel': 'Parking'}, {'factValue': '6,098 sqft', 'factLabel': 'lotsize'}, {'factValue': '$323', 'factLabel': 'Price/sqft'}]}",Yes,Saint Petersburg,"[{'rating': ['4/10', '2/10', '6/10'], 'data': {'Distance': ['1.5 mi', '1.6 mi', '1.9 mi'], 'Grades': ['K-5', '6-8', '9-12']}, 'name': ['North Shore Elementary School', 'John Hopkins Middle School', 'St. Petersburg High School']}]","1,544",33701,3,FL,0.0,,,U8060888,"$499,000"
Active,,Contemporary,777 N Ashley Dr #1204 ,,"{'atAGlanceFacts': [{'factValue': '2007', 'factLabel': 'Year built'}, {'factValue': '2012', 'factLabel': 'Remodeled year'}, {'factValue': 'Central, Heat Pump', 'factLabel': 'Heating'}, {'factValue': 'Central Air', 'factLabel': 'Cooling'}, {'factValue': '', 'factLabel': 'Parking'}, {'factValue': '—', 'factLabel': 'lotsize'}, {'factValue': '$434 / Sq. Ft.', 'factLabel': 'Price/sqft'}]}",,TAMPA,"[{'rating': ['2', '3', '3'], 'data': {'Distance': ['1.1 mi', '4.8 mi', '0.7 mi'], 'Grades': ['Preschool to 5', '6 to 8', '9 to 12']}, 'name': ['Just Elementary School', 'Madison Middle School', 'Blake High School']}]",754,33602,,FL,One,,,T3214251,"327,500"
Active,,Single Family Home,1920 W Union Park Dr,2,"{'atAGlanceFacts': [{'factValue': '2019', 'factLabel': 'Year built'}, {'factValue': '', 'factLabel': 'Remodeled year'}, {'factValue': 'Gas Heat, ENERGY STAR Qualified Equipment', 'factLabel': 'Heating'}, {'factValue': 'Refrigeration, Ceiling Fan(s), Programmable Thmstat, ENERGY STAR Qualified Equipment', 'factLabel': 'Cooling'}, {'factValue': 'Electric Door Opener, Dir Entry frm Garage', 'factLabel': 'Parking'}, {'factValue': '10160', 'factLabel': 'lotsize'}, {'factValue': '$219', 'factLabel': 'Price/sqft'}]}",,Phoenix,"[{'rating': ['5', '4', '5', '9', '10', 'NR', 'NR', 'NR'], 'data': {'Distance': ['3.4 mi', '2.8 mi', '3.0 mi', '0.9 mi', '1.7 mi', '2.0 mi', '1.3 mi', '3.9 mi'], 'Grades': ['PK–6', '7–8', '9–12', 'PK–8', 'K–9', '9–12', '6–12', 'PK–8']}, 'name': ['Esperanza Elementary School', 'Deer Valley Middle School', 'Barry Goldwater High School', 'Norterra Canyon K-8 School', 'Adams Traditional Academy School', 'Northeast Campus School', 'Brightmont Academy - Deer Valley Private School', 'Brite Future Academy Private School']}]",2440,85085,3,AZ,1,,,6010648,"$534,064"
Active,,,14852 E Kentucky Dr #921 ,,"{'atAGlanceFacts': [{'factValue': '1980', 'factLabel': 'Year built'}, {'factValue': '1980', 'factLabel': 'Remodeled year'}, {'factValue': 'Baseboard, Electric', 'factLabel': 'Heating'}, {'factValue': 'Air Conditioning-Room', 'factLabel': 'Cooling'}, {'factValue': '', 'factLabel': 'Parking'}, {'factValue': '—', 'factLabel': 'lotsize'}, {'factValue': '$195 / Sq. Ft.', 'factLabel': 'Price/sqft'}]}",1,AURORA,"[{'rating': ['3', '2', '2', '2'], 'data': {'Distance': ['0.7 mi', '1.3 mi', '0.5 mi', '2.0 mi'], 'Grades': ['K to 5', '6 to 8', '9 to 12', '9 to 12']}, 'name': ['Tollgate Elementary School', 'Aurora Hills Middle School', 'Gateway High School', 'William Smith High School']}]",664,80012,,CO,,,,7229126,"129,800"
for sale,,single-family home,6903 Beckett St,2 Baths,"{'atAGlanceFacts': [{'factValue': '1976', 'factLabel': 'Year built'}, {'factValue': '1976', 'factLabel': 'Remodeled year'}, {'factValue': 'Other', 'factLabel': 'Heating'}, {'factValue': '', 'factLabel': 'Cooling'}, {'factValue': '1', 'factLabel': 'Parking'}, {'factValue': '6,910 sqft', 'factLabel': 'lotsize'}, {'factValue': '$541/sqft', 'factLabel': 'Price/sqft'}]}",,Tujunga,"[{'rating': ['5/10', '3/10', '6/10'], 'data': {'Distance': ['1.61mi', '0.17mi', '1.12mi'], 'Grades': ['6-8', 'K-5', '9-12']}, 'name': ['Mt. Gleason Middle School', 'Pinewood Avenue Elementary School', 'Verdugo Hills Senior High School']}]","1,199 sqft",91042,3 Beds,CA,1.0,,,319004897,"$649,000"
for sale,,single-family home,6 W Monteagle Cir,5 Baths,"{'atAGlanceFacts': [{'factValue': '2007', 'factLabel': 'Year built'}, {'factValue': '2007', 'factLabel': 'Remodeled year'}, {'factValue': 'Other', 'factLabel': 'Heating'}, {'factValue': 'Central', 'factLabel': 'Cooling'}, {'factValue': 'Attached Garage', 'factLabel': 'Parking'}, {'factValue': '0.28 acres', 'factLabel': 'lotsize'}, {'factValue': '$173/sqft', 'factLabel': 'Price/sqft'}]}",yes,The Woodlands,"[{'rating': ['10/10', '10/10', '9/10'], 'data': {'Distance': ['0.76mi', '5.07mi', '3.78mi'], 'Grades': ['PK-6', '7-8', '9-12']}, 'name': ['Deretchin Elementary School', 'Mccullough J High School', 'The Woodlands High School']}]","5,498 sqft",77382,5 Beds,TX,2.0,,yes,55416494,"$949,900"
for sale,,townhouse,3226 Huntington Woods Blvd,,"{'atAGlanceFacts': [{'factValue': '1983', 'factLabel': 'Year built'}, {'factValue': '1983', 'factLabel': 'Remodeled year'}, {'factValue': 'Heat Pump', 'factLabel': 'Heating'}, {'factValue': 'Central', 'factLabel': 'Cooling'}, {'factValue': '', 'factLabel': 'Parking'}, {'factValue': '3,920 sqft', 'factLabel': 'lotsize'}, {'factValue': '$118/sqft', 'factLabel': 'Price/sqft'}]}",,Tallahassee,"[{'rating': ['4/10', '3/10', '2/10'], 'data': {'Distance': ['2.15mi', '1.18mi', '3.14mi'], 'Grades': ['9-12', 'PK-5', '6-8']}, 'name': ['Amos P. Godby High School', 'Astoria Park Elementary School', 'Griffin Middle School']}]",765 sqft,32303,2 Beds,FL,,,,307414,"$89,900"
for sale,,single-family home,217 SW Whitewood Dr,2 Baths,"{'atAGlanceFacts': [{'factValue': '2001', 'factLabel': 'Year built'}, {'factValue': '2001', 'factLabel': 'Remodeled year'}, {'factValue': 'Forced Air', 'factLabel': 'Heating'}, {'factValue': 'Central', 'factLabel': 'Cooling'}, {'factValue': 'Attached Garage', 'factLabel': 'Parking'}, {'factValue': '0.3 acres', 'factLabel': 'lotsize'}, {'factValue': '$152/sqft', 'factLabel': 'Price/sqft'}]}",,Pt Saint Lucie,"[{'rating': ['8/10', '5/10', '4/10', '3/10', '5/10', '6/10', '7/10', '5/10'], 'data': {'Distance': ['6.79mi', '0.84mi', '8.43mi', '1.15mi', '3.61mi', '4.81mi', '4.08mi', '3.25mi'], 'Grades': ['K-8', '9-12', 'PK-8', 'PK-5', 'PK-5', 'K-8', 'K-8', 'PK-8']}, 'name': ['West Gate K-8 School', 'Treasure Coast High School', 'Allapattah Flats K-8', 'Windmill Point Elementary School', 'Bayshore Elementary School', 'Manatee Academy K-8', 'St. Lucie West K-8 School', 'Oak Hammock K-8 School']}]","2,162 sqft",34953,4 Beds,FL,1.0,,yes,RX-10501415,"$329,000"
for rent,,single-family home,4323 N Central Park Ave,3.5 Baths,"{'atAGlanceFacts': [{'factValue': '1913', 'factLabel': 'Year built'}, {'factValue': '', 'factLabel': 'Remodeled year'}, {'factValue': 'Gas Gas', 'factLabel': 'Heating'}, {'factValue': '', 'factLabel': 'Cooling'}, {'factValue': 'Garage Detached', 'factLabel': 'Parking'}, {'factValue': '', 'factLabel': 'lotsize'}, {'factValue': None, 'factLabel': 'Price/sqft'}]}",yes,Chicago,"[{'rating': ['1/10', '4/10', '2/10', 'None/10'], 'data': {'Distance': ['12.15mi', '0.13mi', '0.38mi', '0.56mi'], 'Grades': ['9-12', 'PK-6', '7-12', '7-8']}, 'name': ['Hope College Prep High School', 'Henry Elementary School', 'Roosevelt High School', 'Marshall Middle School']}]","3,300 sqft",60618,4 Beds,IL,,,,10588057,"$5,500/mo"
,,,7000 E Broadway Ave,,"{'atAGlanceFacts': [{'factValue': None, 'factLabel': 'Year built'}, {'factValue': None, 'factLabel': 'Remodeled year'}, {'factValue': None, 'factLabel': 'Heating'}, {'factValue': None, 'factLabel': 'Cooling'}, {'factValue': None, 'factLabel': 'Parking'}, {'factValue': None, 'factLabel': 'lotsize'}, {'factValue': None, 'factLabel': 'Price/sqft'}]}",,Tampa,"[{'rating': ['2/10', '3/10', '4/10'], 'data': {'Distance': ['0.3 mi', '6.1 mi', '5.7 mi'], 'Grades': ['PK-5', '6-8', '9-12']}, 'name': ['Kenly Elementary School', 'Mann Middle School', 'Blake High School']}]",,33619,1.43 acres,FL,,,,T3198357,"$349,900"
For sale,,Single Family,5398 Alcola Way S,2,"{'atAGlanceFacts': [{'factValue': '1971', 'factLabel': 'Year built'}, {'factValue': '1993', 'factLabel': 'Remodeled year'}, {'factValue': 'Forced air', 'factLabel': 'Heating'}, {'factValue': 'Central', 'factLabel': 'Cooling'}, {'factValue': '2 spaces', 'factLabel': 'Parking'}, {'factValue': '7,666 sqft', 'factLabel': 'lotsize'}, {'factValue': '$173', 'factLabel': 'Price/sqft'}]}",Yes,Saint Petersburg,"[{'rating': ['2/10', '4/10', '4/10'], 'data': {'Distance': ['1 mi', '0.5 mi', '0.3 mi'], 'Grades': ['PK-5', '6-8', '9-12']}, 'name': ['Maximo Elementary School', 'Bay Point Middle School', 'Lakewood High School']}]","1,617",33712,3,FL,1.0,,Yes,U8064831,"$280,000"
For sale,,Single Family,410 Trymore Dr SE,3 ba,"{'atAGlanceFacts': [{'factValue': '2016', 'factLabel': 'Year built'}, {'factValue': '', 'factLabel': 'Remodeled year'}, {'factValue': 'Electric', 'factLabel': 'Heating'}, {'factValue': 'Central', 'factLabel': 'Cooling'}, {'factValue': 'Attached Garage', 'factLabel': 'Parking'}, {'factValue': '6,098 sqft', 'factLabel': 'lotsize'}, {'factValue': '$103', 'factLabel': 'Price/sqft'}]}",,Palm Bay,"[{'rating': ['5/10', '4/10', '5/10'], 'data': {'Distance': ['0.9 mi', '3.5 mi', '1.3 mi'], 'Grades': ['PK-6', '7-8', '9-12']}, 'name': ['Westside Elementary School', 'Southwest Middle School', 'Bayside High School']}]","2,761 sqft",32909,4 bd,FL,,860740,,,"$284,900"
Active,,Traditional,4215 W Cleveland St ,,"{'atAGlanceFacts': [{'factValue': '1968', 'factLabel': 'Year built'}, {'factValue': '1992', 'factLabel': 'Remodeled year'}, {'factValue': 'Central', 'factLabel': 'Heating'}, {'factValue': 'Central Air', 'factLabel': 'Cooling'}, {'factValue': '', 'factLabel': 'Parking'}, {'factValue': '0.32 Acres', 'factLabel': 'lotsize'}, {'factValue': '$316 / Sq. Ft.', 'factLabel': 'Price/sqft'}]}","Family Room, Living Room, Wood Burning",TAMPA,"[{'rating': ['8', '9', '7'], 'data': {'Distance': ['0.8 mi', '1.1 mi', '1.6 mi'], 'Grades': ['Preschool to 5', '6 to 8', '9 to 12']}, 'name': ['Grady Elementary School', 'Coleman Middle School', 'Plant High School']}]","2,500",33609,,FL,Two,,,J900406,"789,000"
Active,,Single Family Home,4550 NW 160th St,2,"{'atAGlanceFacts': [{'factValue': '1964', 'factLabel': 'Year built'}, {'factValue': '', 'factLabel': 'Remodeled year'}, {'factValue': 'Central Electric', 'factLabel': 'Heating'}, {'factValue': 'Central Electric', 'factLabel': 'Cooling'}, {'factValue': '', 'factLabel': 'Parking'}, {'factValue': '64904', 'factLabel': 'lotsize'}, {'factValue': '$36', 'factLabel': 'Price/sqft'}]}",,Reddick,"[{'rating': ['1', '4', '3', '3', '6', '5'], 'data': {'Distance': ['0.9 mi', '4.1 mi', '4.7 mi', '4.7 mi', '12.9 mi', '11.9 mi'], 'Grades': ['PK–5', '6–8', '9–12', 'K–5', '6–8', '9–12']}, 'name': ['Reddick-Collier Elementary School', 'North Marion Middle School', 'North Marion High School', 'Mcintosh Area School', 'Howard Middle School', 'Vanguard High School']}]",3056,32686,3,FL,1,,,567138,"$109,900"
foreclosure,,single-family home,9640 Andora Ave,3 Baths,"{'atAGlanceFacts': [{'factValue': '1976', 'factLabel': 'Year built'}, {'factValue': '1976', 'factLabel': 'Remodeled year'}, {'factValue': 'Other', 'factLabel': 'Heating'}, {'factValue': 'Central', 'factLabel': 'Cooling'}, {'factValue': '', 'factLabel': 'Parking'}, {'factValue': '0.83 acres', 'factLabel': 'lotsize'}, {'factValue': '$356/sqft', 'factLabel': 'Price/sqft'}]}",,Chatsworth,"[{'rating': ['5/10', '5/10', '7/10'], 'data': {'Distance': ['1.27mi', '2.3mi', '1.85mi'], 'Grades': ['K-5', '9-12', '6-8']}, 'name': ['Chatsworth Park Elementary School', 'Chatsworth Charter High School', 'Ernest Lawrence Middle School']}]","2,691 sqft",91311,3 Beds,CA,,,yes,,"$961,595"
For sale,Yes,Single Family,106 Ocean Way St,Bathrooms: 3,"{'atAGlanceFacts': [{'factValue': '1959', 'factLabel': 'Year built'}, {'factValue': '1980', 'factLabel': 'Remodeled year'}, {'factValue': 'Forced air', 'factLabel': 'Heating'}, {'factValue': '', 'factLabel': 'Cooling'}, {'factValue': '2 spaces', 'factLabel': 'Parking'}, {'factValue': '0.34 acres lot', 'factLabel': 'lotsize'}, {'factValue': '$152', 'factLabel': 'Price/sqft'}]}",,Corpus Christi,"[{'rating': ['6/10', '3/10', '5/10'], 'data': {'Distance': ['1.4 mi', '1.5 mi', '1.1 mi'], 'Grades': ['PK-5', '6-8', '9-12']}, 'name': ['Wilson Elementary School', 'Hamlin Middle School', 'Ray High School']}]","Total interior livable area: 3,398 sqft",78411,4 bd,TX,2.0,343479,,,"$515,000"
,,Single Family,Buildable plan: The Westford Coronado,4.0,"{'atAGlanceFacts': [{'factValue': '2019', 'factLabel': 'Year built'}, {'factValue': None, 'factLabel': 'Remodeled year'}, {'factValue': 'No Data', 'factLabel': 'Heating'}, {'factValue': 'No Data', 'factLabel': 'Cooling'}, {'factValue': '2 spaces', 'factLabel': 'Parking'}, {'factValue': 'No Data', 'factLabel': 'lotsize'}, {'factValue': '$131', 'factLabel': 'Price/sqft'}]}",,San Antonio,"[{'rating': ['8/10', '9/10', '9/10'], 'data': {'Distance': ['0.9 mi', '1.6 mi', '1.7 mi'], 'Grades': ['PK-5', '6-8', '9-12']}, 'name': ['Tuscany Heights Elementary School', 'Tejeda Middle School', 'Johnson High School']}]","3,143",78258,3,TX,2.0,,,,"$412,900"
Active,,"Multi-Level, Modern",4350 32nd Ave W ,,"{'atAGlanceFacts': [{'factValue': '2017', 'factLabel': 'Year built'}, {'factValue': '2017', 'factLabel': 'Remodeled year'}, {'factValue': '', 'factLabel': 'Heating'}, {'factValue': 'Ductless HP-Mini Split', 'factLabel': 'Cooling'}, {'factValue': '', 'factLabel': 'Parking'}, {'factValue': '642 Sq. Ft.', 'factLabel': 'lotsize'}, {'factValue': '$525 / Sq. Ft.', 'factLabel': 'Price/sqft'}]}",,Seattle,"[{'rating': ['9', '8', '6', '8', '9', '6'], 'data': {'Distance': ['0.4 mi', '1.4 mi', '2.4 mi', '2.1 mi', '1.6 mi', '3.4 mi'], 'Grades': ['K to 5', 'K to 8', '6 to 8', 'K to 12', '9 to 12', '9 to 12']}, 'name': ['Lawton Elementary School', 'Salmon Bay School', 'McClure Middle School', 'Home School Resource Center', 'Ballard High School', 'The Center School']}]","1,333",98199,,WA,,,,1499023,"699,988"
for sale,,single-family home,Sierra Plan in Yowell Ranch,2.5 Baths,"{'atAGlanceFacts': [{'factValue': '', 'factLabel': 'Year built'}, {'factValue': '', 'factLabel': 'Remodeled year'}, {'factValue': '', 'factLabel': 'Heating'}, {'factValue': '', 'factLabel': 'Cooling'}, {'factValue': '', 'factLabel': 'Parking'}, {'factValue': '', 'factLabel': 'lotsize'}, {'factValue': '$94/sqft', 'factLabel': 'Price/sqft'}]}",,Killeen,"[{'rating': ['7/10', '3/10', '6/10'], 'data': {'Distance': ['1.27mi', '2.79mi', '1.56mi'], 'Grades': ['PK-5', '9-12', '6-8']}, 'name': ['Saegert Elementary School', 'C E Ellison High School', 'Charles E Patterson Middle School']}]","2,171 sqft",76542,3 Beds,TX,1.0,,,,"$203,900+"
for sale,,single-family home,6008 Englewood Ave,3 Baths,"{'atAGlanceFacts': [{'factValue': '1996', 'factLabel': 'Year built'}, {'factValue': '1996', 'factLabel': 'Remodeled year'}, {'factValue': 'Forced Air', 'factLabel': 'Heating'}, {'factValue': 'Central', 'factLabel': 'Cooling'}, {'factValue': 'Attached Garage', 'factLabel': 'Parking'}, {'factValue': '10,019 sqft', 'factLabel': 'lotsize'}, {'factValue': '$125/sqft', 'factLabel': 'Price/sqft'}]}",yes,Yakima,"[{'rating': ['2/10', '2/10', '2/10', '3/10'], 'data': {'Distance': ['3.55mi', '1.5mi', '1.04mi', '1.74mi'], 'Grades': ['9-12', '9-12', 'K-5', '6-8']}, 'name': ['Davis High School', 'Eisenhower High School', 'Gilbert Elementary School', 'Wilson Middle School']}]","4,786 sqft",98908,3 Beds,WA,,,,19-2956,"$599,000"
for sale,,single-family home,11800 Weybrook Park Dr,3 Baths,"{'atAGlanceFacts': [{'factValue': '2005', 'factLabel': 'Year built'}, {'factValue': '2005', 'factLabel': 'Remodeled year'}, {'factValue': 'Forced Air', 'factLabel': 'Heating'}, {'factValue': 'Central', 'factLabel': 'Cooling'}, {'factValue': 'Attached Garage', 'factLabel': 'Parking'}, {'factValue': '8,276 sqft', 'factLabel': 'lotsize'}, {'factValue': '$273/sqft', 'factLabel': 'Price/sqft'}]}",yes,Las Vegas,"[{'rating': ['None/10', '5/10', '8/10'], 'data': {'Distance': ['2.95mi', '3.17mi', '1.53mi'], 'Grades': ['6-8', '9-12', 'PK-5']}, 'name': ['Lois & Jerry Tarkanian Middle School', 'Desert Oasis High School', 'Evelyn Stuckey Elementary School']}]","1,901 sqft",89141,2 Beds,NV,1.0,,yes,2154204,"$519,000"
for sale,,single-family home,8709 Abbington Pl,4 Baths,"{'atAGlanceFacts': [{'factValue': '2018', 'factLabel': 'Year built'}, {'factValue': '', 'factLabel': 'Remodeled year'}, {'factValue': 'Forced Air', 'factLabel': 'Heating'}, {'factValue': 'Central', 'factLabel': 'Cooling'}, {'factValue': 'Attached Garage', 'factLabel': 'Parking'}, {'factValue': '6,794 sqft', 'factLabel': 'lotsize'}, {'factValue': '$130/sqft', 'factLabel': 'Price/sqft'}]}",yes,McKinney,"[{'rating': ['8/10', '9/10', '10/10'], 'data': {'Distance': ['3.27mi', '2.27mi', '0.83mi'], 'Grades': ['9-12', '6-8', 'K-5']}, 'name': ['Mckinney Boyd High School', 'Dowell Middle School', 'Dean And Mildred Bennett Elementary School']}]","3,914 sqft",75070,5 Beds,TX,2.0,,,14210292,"$508,000"
,,Single Family,1017 Tea Olive Ln,4.0,"{'atAGlanceFacts': [{'factValue': '2019', 'factLabel': 'Year built'}, {'factValue': None, 'factLabel': 'Remodeled year'}, {'factValue': 'No Data', 'factLabel': 'Heating'}, {'factValue': 'No Data', 'factLabel': 'Cooling'}, {'factValue': '2 spaces', 'factLabel': 'Parking'}, {'factValue': '1,738 sqft', 'factLabel': 'lotsize'}, {'factValue': '$224', 'factLabel': 'Price/sqft'}]}",,Dallas,"[{'rating': ['7/10', '3/10', '3/10'], 'data': {'Distance': ['0.6 mi', '1.8 mi', '1.2 mi'], 'Grades': ['PK-5', '6-8', '9-12']}, 'name': ['Sidney Lanier Expressive Arts Vang', 'Thomas A Edison Middle Learning Ce', 'L G Pinkston High School']}]","2,295",75212,3,TX,3.0,,,,"$515,000"
Active,,,140 NW 14th Ave #9 ,,"{'atAGlanceFacts': [{'factValue': '1974', 'factLabel': 'Year built'}, {'factValue': '1974', 'factLabel': 'Remodeled year'}, {'factValue': 'Central Air', 'factLabel': 'Heating'}, {'factValue': 'Has Cooling', 'factLabel': 'Cooling'}, {'factValue': '', 'factLabel': 'Parking'}, {'factValue': '—', 'factLabel': 'lotsize'}, {'factValue': '$228 / Sq. Ft.', 'factLabel': 'Price/sqft'}]}",,Miami,"[{'rating': ['4', '10', 'NR', '2', '2'], 'data': {'Distance': ['0.8 mi', '21.2 mi', '16.2 mi', '2.3 mi', '1.2 mi'], 'Grades': ['Preschool to 5', 'Preschool to 8', 'K to 9', '6 to 8', '9 to 12']}, 'name': ['Citrus Grove Elementary School', 'Air Base Elementary School', 'Robert Morgan Voc-Tech Institute', 'Jose de Diego Middle School', 'Booker T. Washington Senior High School']}]",700,33125,,FL,,,,A10774147,"159,900"
for sale,,condo,912 N San Vicente Blvd #2,3 Baths,"{'atAGlanceFacts': [{'factValue': '2009', 'factLabel': 'Year built'}, {'factValue': '2009', 'factLabel': 'Remodeled year'}, {'factValue': 'Forced Air', 'factLabel': 'Heating'}, {'factValue': 'Central', 'factLabel': 'Cooling'}, {'factValue': '2', 'factLabel': 'Parking'}, {'factValue': '6,609 sqft', 'factLabel': 'lotsize'}, {'factValue': '$772/sqft', 'factLabel': 'Price/sqft'}]}",yes,West Hollywood,"[{'rating': ['10/10', '3/10', '6/10'], 'data': {'Distance': ['0.16mi', '2.81mi', '1.43mi'], 'Grades': ['K-5', '6-8', '9-12']}, 'name': ['West Hollywood Elementary School', 'Hubert Howe Bancroft Middle School', 'Fairfax Senior High School']}]","1,800 sqft",90069,3 Beds,CA,,,,19-518296,"$1,389,000"
,,Single Family,524 SW 24th Ave,1,"{'atAGlanceFacts': [{'factValue': '1954', 'factLabel': 'Year built'}, {'factValue': '1955', 'factLabel': 'Remodeled year'}, {'factValue': 'No Data', 'factLabel': 'Heating'}, {'factValue': 'Central', 'factLabel': 'Cooling'}, {'factValue': 'Off street', 'factLabel': 'Parking'}, {'factValue': '6,298 sqft', 'factLabel': 'lotsize'}, {'factValue': None, 'factLabel': 'Price/sqft'}]}",,Fort Lauderdale,"[{'rating': ['4/10', '4/10', '3/10'], 'data': {'Distance': ['0.3 mi', '1.7 mi', '0.6 mi'], 'Grades': ['PK-5', '6-8', '9-12']}, 'name': ['Riverland Elementary School', 'New River Middle School', 'Stranahan High School']}]",1 sqft,33312,3,FL,1.0,,,,"$197,717"
for sale,,single-family home,1009 S Rybolt Ave,,"{'atAGlanceFacts': [{'factValue': '1935', 'factLabel': 'Year built'}, {'factValue': '1935', 'factLabel': 'Remodeled year'}, {'factValue': 'Other', 'factLabel': 'Heating'}, {'factValue': '', 'factLabel': 'Cooling'}, {'factValue': '', 'factLabel': 'Parking'}, {'factValue': '6795 sqft', 'factLabel': 'lotsize'}, {'factValue': '$111/sqft', 'factLabel': 'Price/sqft'}]}",,Indianapolis,"[{'rating': ['None/10', '4/10', '2/10', '3/10', '5/10'], 'data': {'Distance': ['3.71mi', '1.96mi', '3.85mi', '0.92mi', '2.06mi'], 'Grades': ['9', '10-12', '10-12', 'PK-6', '7-8']}, 'name': ['Ben Davis Ninth Grade Center', 'Ben Davis University High School', 'Ben Davis High School', 'Maplewood Elementary School', 'Lynhurst 7th & 8th Grade Center']}]",588 sqft,46241,,IN,,,,21667425,"$65,000"
New construction,,Single Family,2573 E Wyandotte Ct,Bathrooms: 4,"{'atAGlanceFacts': [{'factValue': '', 'factLabel': 'Year built'}, {'factValue': '', 'factLabel': 'Remodeled year'}, {'factValue': '', 'factLabel': 'Heating'}, {'factValue': '', 'factLabel': 'Cooling'}, {'factValue': 'Attached Garage', 'factLabel': 'Parking'}, {'factValue': '5,492 sqft lot', 'factLabel': 'lotsize'}, {'factValue': '$217', 'factLabel': 'Price/sqft'}]}",,Chino,"[{'rating': ['6/10', '3/10', '6/10'], 'data': {'Distance': ['0.7 mi', '1.2 mi', '1.5 mi'], 'Grades': ['PK-6', '7-8', '9-12']}, 'name': ['Sultana Elementary School', 'De Anza Middle School', 'Ontario High School']}]","Total interior livable area: 2,543 sqft",91762,4 bd,CA,0.0,IV19246063,,,"$550,865"
Active,,,12323 US Highway 21 Hwy ,,"{'atAGlanceFacts': [{'factValue': '', 'factLabel': 'Year built'}, {'factValue': '', 'factLabel': 'Remodeled year'}, {'factValue': '', 'factLabel': 'Heating'}, {'factValue': '', 'factLabel': 'Cooling'}, {'factValue': '', 'factLabel': 'Parking'}, {'factValue': '—', 'factLabel': 'lotsize'}, {'factValue': None, 'factLabel': 'Price/sqft'}]}",,Huntersville,"[{'rating': ['5', '4', '3'], 'data': {'Distance': ['1.1 mi', '0.9 mi', '1.3 mi'], 'Grades': ['Preschool to 5', '6 to 8', '9 to 12']}, 'name': ['Legette Blythe Elementary', 'John M Alexander Middle', 'North Mecklenburg High']}]",,28078,,NC,,,,3556308,"150,000"
,,Mobile / Manufactured,803 Sheriff Ln,2.0,"{'atAGlanceFacts': [{'factValue': '1991', 'factLabel': 'Year built'}, {'factValue': None, 'factLabel': 'Remodeled year'}, {'factValue': 'No Data', 'factLabel': 'Heating'}, {'factValue': 'Central', 'factLabel': 'Cooling'}, {'factValue': '2 spaces', 'factLabel': 'Parking'}, {'factValue': None, 'factLabel': 'lotsize'}, {'factValue': '$49', 'factLabel': 'Price/sqft'}]}",,Kissimmee,"[{'rating': ['4/10', '6/10'], 'data': {'Distance': ['9.5 mi', '4.9 mi'], 'Grades': ['PK-8', '9-12']}, 'name': ['Westside K-8 School', 'Celebration High School']}]","1,320",34746,3,FL,0,,Yes,10674273,"$65,000"
for sale,,single-family home,2106 Lynbrook Ln,2 Baths,"{'atAGlanceFacts': [{'factValue': '1961', 'factLabel': 'Year built'}, {'factValue': '1961', 'factLabel': 'Remodeled year'}, {'factValue': 'Forced Air', 'factLabel': 'Heating'}, {'factValue': 'Central', 'factLabel': 'Cooling'}, {'factValue': 'Attached Garage', 'factLabel': 'Parking'}, {'factValue': '7,597 sqft', 'factLabel': 'lotsize'}, {'factValue': '$131/sqft', 'factLabel': 'Price/sqft'}]}",,Garland,"[{'rating': ['3/10', '3/10', '7/10', '3/10', '3/10', '4/10', '4/10', '4/10', '4/10', '9/10', '8/10', '4/10', '5/10', '5/10', '10/10', '2/10', '9/10', '10/10', '4/10', '3/10', '5/10', '3/10', '4/10', '9/10', '6/10', '2/10', '4/10', '3/10', '3/10', '6/10', '5/10', '3/10', '6/10', '5/10', '10/10', '4/10', '5/10', '5/10', '4/10', '7/10', '5/10', '5/10', '4/10', '7/10', '5/10', '6/10', '3/10', '5/10', '3/10', '4/10', '6/10', '9/10', '8/10', '6/10', '5/10', '7/10', '6/10', '6/10', '3/10', '7/10', '9/10', '6/10', '4/10', '8/10', '5/10'], 'data': {'Distance': ['5.66mi', '2.24mi', '2.92mi', '2.63mi', '3.6mi', '0.93mi', '2.04mi', '5.67mi', '3.06mi', '2.75mi', '2.01mi', '1.71mi', '2.57mi', '2.72mi', '2.06mi', '2.4mi', '3.91mi', '2.16mi', '3.06mi', '2.38mi', '3.11mi', '2.44mi', '0.44mi', '1.33mi', '4.8mi', '2.48mi', '0.32mi', '3.16mi', '2.96mi', '1.43mi', '3.38mi', '1.28mi', '3.09mi', '3.37mi', '2.23mi', '0.73mi', '3.71mi', '8.8mi', '4.98mi', '3.99mi', '4.64mi', '5.16mi', '5.7mi', '4.72mi', '6.68mi', '5.55mi', '4.3mi', '4.22mi', '7.48mi', '5.05mi', '5.85mi', '7.87mi', '6.58mi', '6.69mi', '5.71mi', '4.72mi', '4.74mi', '6.18mi', '2.73mi', '6.66mi', '6.47mi', '7.74mi', '7.66mi', '2.99mi', '7.73mi'], 'Grades': ['PK-5', 'PK-5', '6-8', '6-8', 'PK-5', 'PK-5', 'PK-5', '6-8', 'PK-5', 'PK-5', 'PK-5', '9-12', 'PK-5', 'PK-5', 'PK-5', 'PK-5', 'PK-5', 'PK-5', 'PK-5', 'PK-5', '9-12', '6-8', 'PK-5', 'PK-5', 'PK-5', '9-12', '6-8', '6-8', 'PK-5', 'PK-5', 'PK-5', 'PK-5', 'PK-5', 'PK-5', 'PK-5', 'PK-5', 'PK-5', 'PK-5', 'PK-5', 'PK-5', '6-8', '9-12', 'PK-5', 'PK-5', 'PK-5', 'PK-5', '6-8', 'PK-5', 'PK-5', '9-12', 'PK-5', 'PK-5', 'K-5', '6-8', 'PK-5', 'PK-5', 'PK-5', '9-12', 'PK-5', '9-12', 'PK-5', 'PK-5', '6-8', '6-8', 'PK-5']}, 'name': ['Glen Couch Elementary School', 'Freeman Elementary School', 'Jackson Technology Center', 'Bussey Middle School', 'Weaver Elementary School', 'Caldwell Elementary School', 'Centerville Elementary School', 'Coyle Middle School', 'Davis Elementary School', 'Beaver Technology Center', 'Watson Technology Center', 'Garland High School', 'Golden Meadows Elementary School', 'Bullock Elementary School', 'Kimberlin Academy For Excel', 'Heather Glen Elementary School', 'Classical Center At Vial Elementary School', 'Hillside Academy For Excel', 'Handley El', 'Montclair Elementary School', 'N Garland High School', ""O'banion Middle School"", 'Park Crest Elementary School', 'Roach Elementary School', 'Rowlett Elementary School', 'S Garland High School', 'Sam Houston Middle School', 'Sellers Middle School', 'Shorehaven Elementary School', 'Southgate Elementary School', 'Cooper Elementary School', 'Daugherty Elementary School', 'Bradfield Elementary School', 'Ethridge Elementary School', 'Walnut Glen Academy For Excel', 'Williams Elementary School', 'George Washington Carver Elementary School', 'Liberty Grove Elementary School', 'Hickman Elementary School', 'Northlake Elementary School', 'Webb Middle School', 'Lakeview Centennial High School', 'Toler Elementary School', 'Spring Creek Elementary School', 'Luna Elementary School', 'Back Elementary School', 'Lyles Middle School', 'Shugart Elementary School', 'Herfurth Elementary School', 'Naaman Forest High School', 'Abbett Elementary School', 'Keeley Elementary School', 'Robert B Sewell Elementary School', 'B G Hudson Middle School', 'Katherine Stephens Elementary School', 'Vernal Lister Elementary School', 'Norma Dorsey Elementary School', 'Rowlett High School', 'Club Hill Elementary School', 'Sachse High School', 'John W Armstrong Elementary School', 'Nita Pearson Elementary School', 'Vernon Schrade Middle School', 'Classical Center At Brandenburg Mi', 'Steadham Elementary School']}]","1,515 sqft",75041,3 Beds,TX,1.0,,,14241100,"$198,500"
for sale,,single-family home,940 SE 22nd Ave,2 Baths,"{'atAGlanceFacts': [{'factValue': '1959', 'factLabel': 'Year built'}, {'factValue': '1960', 'factLabel': 'Remodeled year'}, {'factValue': 'Forced Air', 'factLabel': 'Heating'}, {'factValue': 'Central', 'factLabel': 'Cooling'}, {'factValue': 'Off Street', 'factLabel': 'Parking'}, {'factValue': '8,000 sqft', 'factLabel': 'lotsize'}, {'factValue': '$316/sqft', 'factLabel': 'Price/sqft'}]}",,Pompano Beach,"[{'rating': ['3/10', '6/10', '4/10'], 'data': {'Distance': ['2.48mi', '0.45mi', '1.65mi'], 'Grades': ['9-12', 'PK-5', '6-8']}, 'name': ['Blanche Ely High School', 'Mcnab Elementary School', 'Pompano Beach Middle School']}]","2,060 sqft",33062,3 Beds,FL,1.0,,yes,F10164456,"$650,000"
,,Single Family,1188 NW 45th Ter,2.0,"{'atAGlanceFacts': [{'factValue': '1962', 'factLabel': 'Year built'}, {'factValue': '1967', 'factLabel': 'Remodeled year'}, {'factValue': 'No Data', 'factLabel': 'Heating'}, {'factValue': 'Central', 'factLabel': 'Cooling'}, {'factValue': '1 space', 'factLabel': 'Parking'}, {'factValue': '7,873 sqft', 'factLabel': 'lotsize'}, {'factValue': None, 'factLabel': 'Price/sqft'}]}",,Lauderhill,"[{'rating': ['5/10', '4/10'], 'data': {'Distance': ['0.3 mi', '0.7 mi'], 'Grades': ['PK-5', '6-11']}, 'name': ['Lauderhill Paul Turner Elementary School', 'Lauderhill 6-12 STEM-MED Magnet School']}]","1,670 sqft",33313,4,FL,2,,,,"$264,010"
for sale,,condo,2424 SE 17th St #315B,2 Baths,"{'atAGlanceFacts': [{'factValue': '1969', 'factLabel': 'Year built'}, {'factValue': '2005', 'factLabel': 'Remodeled year'}, {'factValue': 'Forced Air', 'factLabel': 'Heating'}, {'factValue': 'Central', 'factLabel': 'Cooling'}, {'factValue': '', 'factLabel': 'Parking'}, {'factValue': '', 'factLabel': 'lotsize'}, {'factValue': '$258/sqft', 'factLabel': 'Price/sqft'}]}",,Fort Lauderdale,"[{'rating': ['7/10', '5/10', '7/10'], 'data': {'Distance': ['3.77mi', '3.08mi', '1.26mi'], 'Grades': ['9-12', '6-8', 'PK-5']}, 'name': ['Fort Lauderdale High School', 'Sunrise Middle School', 'Harbordale Elementary School']}]",796 sqft,33316,2 Beds,FL,3.0,,,F10206630,"$205,000"
Active,,Condo/Townhome/Row Home/Co-Op,3204 Van Aken Blvd,2.5,"{'atAGlanceFacts': [{'factValue': '2018', 'factLabel': 'Year built'}, {'factValue': '', 'factLabel': 'Remodeled year'}, {'factValue': 'Forced Air', 'factLabel': 'Heating'}, {'factValue': 'Central Air', 'factLabel': 'Cooling'}, {'factValue': '', 'factLabel': 'Parking'}, {'factValue': None, 'factLabel': 'lotsize'}, {'factValue': '$146', 'factLabel': 'Price/sqft'}]}",,Shaker Heights,"[{'rating': ['4', '6', '5', '4', '4', 'NR', 'NR', 'NR'], 'data': {'Distance': ['0.3 mi', '2.3 mi', '0.4 mi', '0.4 mi', '1.3 mi', '1.4 mi', '1.3 mi', '1.4 mi'], 'Grades': ['PK–4', '7–8', '8–12', '5–6', '3–8', '9–12', '9–12', 'K–8']}, 'name': ['Onaway Elementary School', 'Shaker Heights Middle School', 'Shaker Heights High School', 'Woodbury Elementary School', 'Phoenix Village Academy Primary 2 School', 'George V. Voinovich Reclamation Academy School', 'Beaumont Private School', 'Ruffing Montessori Ingalls Elementary Private School']}]",2053,44120,2.0,OH,3.00,,,4127888,"$299,900"
Active,,,10400 Oakland Rd ,"1,750","{'atAGlanceFacts': [{'factValue': '', 'factLabel': 'Year built'}, {'factValue': '', 'factLabel': 'Remodeled year'}, {'factValue': '', 'factLabel': 'Heating'}, {'factValue': '', 'factLabel': 'Cooling'}, {'factValue': '', 'factLabel': 'Parking'}, {'factValue': '2.68 Acres', 'factLabel': 'lotsize'}, {'factValue': None, 'factLabel': 'Price/sqft'}]}",,San Antonio,"[{'rating': ['6', '5', '5'], 'data': {'Distance': ['0.8 mi', '1.0 mi', '2.1 mi'], 'Grades': ['Preschool to 5', '6 to 8', '9 to 12']}, 'name': ['Thornton Elementary School', 'Rudder Middle School', 'Marshall High School']}]",,78240,Baths,TX,,,,1410604,"350,000"
for sale,,coop,975 Park Ave #14B,4 Baths,"{'atAGlanceFacts': [{'factValue': '1929', 'factLabel': 'Year built'}, {'factValue': '', 'factLabel': 'Remodeled year'}, {'factValue': '', 'factLabel': 'Heating'}, {'factValue': 'Central', 'factLabel': 'Cooling'}, {'factValue': '', 'factLabel': 'Parking'}, {'factValue': '0.27 acres', 'factLabel': 'lotsize'}, {'factValue': '$37/sqft', 'factLabel': 'Price/sqft'}]}",yes,New York,"[{'rating': ['9/10', '8/10', '3/10', '8/10', '9/10', '10/10', '10/10'], 'data': {'Distance': ['3.36mi', '3.36mi', '0.74mi', '3.39mi', '5.76mi', '0.42mi', '0.12mi'], 'Grades': ['6-8', '9-12', '6-12', '6-11', '6-8', '6-8', 'PK-5']}, 'name': ['Nyc Lab Ms For Collaborative Studies', 'Nyc Lab High School For Collaborative Studies', 'Life Sciences Secondary School', 'Ms 260 Clinton School Writers And Artists', 'Lower Manhattan Community Middle School', 'Jhs 167 Robert F Wagner', 'Ps 6 Lillie D Blake']}]","142,075 sqft",10028,4 Beds,NY,15,,,3595659,"$5,300,000"
for sale,,single-family home,2127 Stafford Dr,2.5 Baths,"{'atAGlanceFacts': [{'factValue': '', 'factLabel': 'Year built'}, {'factValue': '', 'factLabel': 'Remodeled year'}, {'factValue': '', 'factLabel': 'Heating'}, {'factValue': '', 'factLabel': 'Cooling'}, {'factValue': '', 'factLabel': 'Parking'}, {'factValue': '', 'factLabel': 'lotsize'}, {'factValue': '$97/sqft', 'factLabel': 'Price/sqft'}]}",,Fayetteville,"[{'rating': ['4/10', '4/10', '2/10'], 'data': {'Distance': ['0.54mi', '5.97mi', '4.13mi'], 'Grades': ['PK-5', '6-8', '9-12']}, 'name': ['Lake Rim Elementary', 'Anne Chesnutt Middle', 'Seventy-First High']}]","2,434 sqft",28314,4 Beds,NC,2.0,,,,"$236,670"
Active,,Single Family Home,17528 Silverspur Drive,2,"{'atAGlanceFacts': [{'factValue': '', 'factLabel': 'Year built'}, {'factValue': '', 'factLabel': 'Remodeled year'}, {'factValue': '', 'factLabel': 'Heating'}, {'factValue': '', 'factLabel': 'Cooling'}, {'factValue': '', 'factLabel': 'Parking'}, {'factValue': None, 'factLabel': 'lotsize'}, {'factValue': '$126', 'factLabel': 'Price/sqft'}]}",,Babcock Ranch,"[{'rating': ['6', '5', '7', '7', 'NR', '10', 'NR'], 'data': {'Distance': ['19.2 mi', '20.4 mi', '20.6 mi', '0.4 mi', '11.6 mi', '19.4 mi', '3.3 mi'], 'Grades': ['PK–5', '6–8', '9–12', 'K–6', '6–12', '9–12', 'PK–12']}, 'name': ['East Elementary School', 'Punta Gorda Middle School', 'Charlotte High School', 'Babcock Neighborhood School', 'Ami Kids Crossroads School', 'Florida SouthWestern Collegiate HS-Charlotte School', 'Temple Christian Private School']}]","1,972",33982,3,FL,,,,1537785,"$248,990"
foreclosure,,multi-family,6847 S Wabash Ave,4 Baths,"{'atAGlanceFacts': [{'factValue': '1910', 'factLabel': 'Year built'}, {'factValue': '', 'factLabel': 'Remodeled year'}, {'factValue': 'Gas', 'factLabel': 'Heating'}, {'factValue': 'Central', 'factLabel': 'Cooling'}, {'factValue': 'None', 'factLabel': 'Parking'}, {'factValue': '8,000 sqft', 'factLabel': 'lotsize'}, {'factValue': '$25/sqft', 'factLabel': 'Price/sqft'}]}",,Chicago,"[{'rating': ['2/10', '3/10', '1/10', '2/10'], 'data': {'Distance': ['0.16mi', '3.34mi', '1.9mi', '0.5mi'], 'Grades': ['PK-6', '9-12', '9-12', 'PK-8']}, 'name': ['Brownell Elementary School', 'Chicago Vocational Career Academy High School', 'Hope College Prep High School', 'Deneen Elementary School']}]","4,900 sqft",60637,8 Beds,IL,,,,10468929,"$120,900"
Active,,"Detached, One Story",2810 SW 103rd Pl ,,"{'atAGlanceFacts': [{'factValue': '1958', 'factLabel': 'Year built'}, {'factValue': '1958', 'factLabel': 'Remodeled year'}, {'factValue': 'Central Air, Ceiling Fan(s)', 'factLabel': 'Heating'}, {'factValue': 'Has Cooling', 'factLabel': 'Cooling'}, {'factValue': '', 'factLabel': 'Parking'}, {'factValue': '8,025 Sq. Ft.', 'factLabel': 'lotsize'}, {'factValue': '$316 / Sq. Ft.', 'factLabel': 'Price/sqft'}]}",,Miami,"[{'rating': ['5', '10', 'NR', '5', '5'], 'data': {'Distance': ['1.0 mi', '15.9 mi', '10.0 mi', '1.0 mi', '2.1 mi'], 'Grades': ['Preschool to 5', 'Preschool to 8', 'K to 9', '6 to 8', '9 to 12']}, 'name': ['Rockway Elementary School', 'Air Base Elementary School', 'Robert Morgan Voc-Tech Institute', 'Rockway Middle School', 'Southwest Miami Senior High School']}]","1,312",33165,,FL,,,,A10765614,"415,000"
for sale,,single-family home,4660 Lorenzo Ponce Dr,2 Baths,"{'atAGlanceFacts': [{'factValue': '2011', 'factLabel': 'Year built'}, {'factValue': '', 'factLabel': 'Remodeled year'}, {'factValue': 'Forced Air', 'factLabel': 'Heating'}, {'factValue': 'Solar, Refrigeration', 'factLabel': 'Cooling'}, {'factValue': 'Attached Garage', 'factLabel': 'Parking'}, {'factValue': '4,395 sqft', 'factLabel': 'lotsize'}, {'factValue': '$110/sqft', 'factLabel': 'Price/sqft'}]}",,El Paso,"[{'rating': ['5/10', '8/10'], 'data': {'Distance': ['1.68mi', '1.69mi'], 'Grades': ['9-12', '6-8']}, 'name': ['El Dorado High School', 'Spec Rafael Hernando Middle School']}]","1,200 sqft",79938,3 Beds,TX,1.0,,,819373,"$132,000"
Active,,Traditional,10689 Coleman Rd ,,"{'atAGlanceFacts': [{'factValue': '1981', 'factLabel': 'Year built'}, {'factValue': '1981', 'factLabel': 'Remodeled year'}, {'factValue': '', 'factLabel': 'Heating'}, {'factValue': '', 'factLabel': 'Cooling'}, {'factValue': '', 'factLabel': 'Parking'}, {'factValue': '0.68 Acres', 'factLabel': 'lotsize'}, {'factValue': '$179 / Sq. Ft.', 'factLabel': 'Price/sqft'}]}",,Jacksonville,"[{'rating': ['8', '5', '7'], 'data': {'Distance': ['0.9 mi', '0.8 mi', '1.8 mi'], 'Grades': ['Preschool to 5', '6 to 8', '9 to 12']}, 'name': ['Mandarin Oaks Elementary School', 'Mandarin Middle School', 'Mandarin High School']}]","1,449",32257,,FL,,,,1027022,"259,900"
for sale,,condo,123 E 2nd Ave #411,2 Baths,"{'atAGlanceFacts': [{'factValue': '1976', 'factLabel': 'Year built'}, {'factValue': '', 'factLabel': 'Remodeled year'}, {'factValue': '', 'factLabel': 'Heating'}, {'factValue': '', 'factLabel': 'Cooling'}, {'factValue': '', 'factLabel': 'Parking'}, {'factValue': '', 'factLabel': 'lotsize'}, {'factValue': '$303/sqft', 'factLabel': 'Price/sqft'}]}",,Salt Lake City,"[{'rating': ['3/10', '9/10', '4/10'], 'data': {'Distance': ['0.95mi', '1.32mi', '0.75mi'], 'Grades': ['7-8', 'PK-6', '7-12']}, 'name': ['Bryant Middle School', 'Ensign School', 'West High School']}]",990 sqft,84103,2 Beds,UT,,,,1626817,"$299,999"
for sale,,single-family home,16815 SW Townsville St,3 Baths,"{'atAGlanceFacts': [{'factValue': '2019', 'factLabel': 'Year built'}, {'factValue': '', 'factLabel': 'Remodeled year'}, {'factValue': 'Forced Air', 'factLabel': 'Heating'}, {'factValue': 'Central', 'factLabel': 'Cooling'}, {'factValue': 'Attached Garage', 'factLabel': 'Parking'}, {'factValue': '2996 sqft', 'factLabel': 'lotsize'}, {'factValue': '$249/sqft', 'factLabel': 'Price/sqft'}]}",yes,Tigard,"[{'rating': ['7/10', '7/10', '6/10'], 'data': {'Distance': ['0.9mi', '3.56mi', '1.19mi'], 'Grades': ['K-5', '9-12', '6-8']}, 'name': ['Alberta Rider Elementary School', 'Tualatin High School', 'Twality Middle School']}]","1,847 sqft",97224,4 Beds,OR,2.0,,,19004156,"$459,990"
Active,,Single Family Home,2914 Karlissa Trail,2,"{'atAGlanceFacts': [{'factValue': '', 'factLabel': 'Year built'}, {'factValue': '', 'factLabel': 'Remodeled year'}, {'factValue': '', 'factLabel': 'Heating'}, {'factValue': '', 'factLabel': 'Cooling'}, {'factValue': '', 'factLabel': 'Parking'}, {'factValue': None, 'factLabel': 'lotsize'}, {'factValue': '$128', 'factLabel': 'Price/sqft'}]}",,Richmond,"[{'rating': ['10', '9', '8', '9', '7', '4', 'NR', 'NR'], 'data': {'Distance': ['1.4 mi', '2.6 mi', '2.6 mi', '2.1 mi', '2.7 mi', '3.8 mi', '2.2 mi', '3.5 mi'], 'Grades': ['PK–5', '7–8', '9–12', 'PK–5', '6–6', '9–12', '1–9', 'PK–10']}, 'name': ['Frost Elementary School', 'Briscoe J High School', 'Foster High School', 'Judge James C Adolphus El School', 'Henry Wertheimer Middle School', 'Iltexas - Katy/Westpark High S School', ""The King's Academy Private School"", 'Westlake Preparatory Lutheran Academy Private School']}]","1,801",77406,3.0,TX,,,,161225748,"$230,990"
Active,,Contemporary,638 Ladd Ave ,,"{'atAGlanceFacts': [{'factValue': '2019', 'factLabel': 'Year built'}, {'factValue': '', 'factLabel': 'Remodeled year'}, {'factValue': 'Central, Electric', 'factLabel': 'Heating'}, {'factValue': 'Central, Electric', 'factLabel': 'Cooling'}, {'factValue': '', 'factLabel': 'Parking'}, {'factValue': '—', 'factLabel': 'lotsize'}, {'factValue': '$172 / Sq. Ft.', 'factLabel': 'Price/sqft'}]}",,Chattanooga,"[{'rating': ['3', '3', '4'], 'data': {'Distance': ['2.8 mi', '3.6 mi', '3.7 mi'], 'Grades': ['Preschool to 5', '6 to 8', '9 to 12']}, 'name': ['Red Bank Elementary School', 'Red Bank Middle School', 'Red Bank High School']}]","2,442",37405,,TN,"3 Level, Site Built",,,1302943,"419,900"
For sale,,Single Family,116 Brookway Ln,Bathrooms: 2,"{'atAGlanceFacts': [{'factValue': '2016', 'factLabel': 'Year built'}, {'factValue': '', 'factLabel': 'Remodeled year'}, {'factValue': 'Forced air', 'factLabel': 'Heating'}, {'factValue': 'Central', 'factLabel': 'Cooling'}, {'factValue': '2 spaces', 'factLabel': 'Parking'}, {'factValue': '7,492 sqft lot', 'factLabel': 'lotsize'}, {'factValue': '$114', 'factLabel': 'Price/sqft'}]}",Yes,Longview,"[{'rating': ['6/10', '6/10', '7/10'], 'data': {'Distance': ['0.7 mi', '0.9 mi', '0.8 mi'], 'Grades': ['3-5', '6-8', '9-12']}, 'name': ['Spring Hill Intermediate School', 'Spring Hill J High School', 'Spring Hill High School']}]","Total interior livable area: 1,936 sqft",75604,4 bd,TX,0.0,20195888,,,"$219,900"
for sale,,townhouse,4969 Viceroy St #104,3 Baths,"{'atAGlanceFacts': [{'factValue': '2013', 'factLabel': 'Year built'}, {'factValue': '2013', 'factLabel': 'Remodeled year'}, {'factValue': 'Forced Air', 'factLabel': 'Heating'}, {'factValue': 'Central', 'factLabel': 'Cooling'}, {'factValue': 'Attached Garage', 'factLabel': 'Parking'}, {'factValue': '9,204 sqft', 'factLabel': 'lotsize'}, {'factValue': '$243/sqft', 'factLabel': 'Price/sqft'}]}",,Cape Coral,"[{'rating': ['3/10', '8/10', '5/10', '4/10', '5/10', '7/10', '5/10', '7/10', '7/10', '4/10', '3/10', '5/10', '7/10', '8/10', '5/10', '5/10', '7/10', '3/10', '4/10', '6/10', '6/10', '5/10', '6/10', '7/10'], 'data': {'Distance': ['6.97mi', '4.87mi', '4.81mi', '11.72mi', '5.84mi', '11.2mi', '3.74mi', '5.73mi', '0.72mi', '9.44mi', '7.61mi', '2.53mi', '4.17mi', '4.27mi', '8.09mi', '4.53mi', '8.72mi', '9.72mi', '7.05mi', '8.72mi', '5.65mi', '7.77mi', '4.41mi', '7.6mi'], 'Grades': ['PK-5', '6-8', 'PK-5', '9-12', '6-8', 'PK-8', '9-12', 'PK-5', 'PK-5', 'PK-5', 'PK-5', 'PK-5', '6-8', 'PK-5', '9-12', 'PK-5', 'PK-5', 'PK-5', 'PK-5', '6-8', 'PK-5', '6-8', '9-12', '9-12']}, 'name': ['Hector A. Cafferata Jr Elementary School', 'Challenger Middle School', 'Patriot Elementary School', 'Island Coast High School', 'Caloosa Middle School', 'North Fort Myers Academy For The Arts', 'Cape Coral High School', 'Caloosa Elementary School', 'Cape Elementary School', 'J. Colin English Elementary School', 'Tropic Isles Elementary School', 'Pelican Elementary School', 'Gulf Middle School', 'Gulf Elementary School', 'Mariner High School', 'Skyline Elementary School', 'Diplomat Elementary School', 'Dr Carrie D Robinson Littleton Elementary School', 'Hancock Creek Elementary School', 'Diplomat Middle School', 'Trafalgar Elementary School', 'Mariner Middle School', 'Ida S. Baker High School', 'North Fort Myers High School']}]","1,174 sqft",33904,2 Beds,FL,2.0,,yes,219082097,"$285,000"
for sale,,single-family home,4904 Timberly Dr,2 Baths,"{'atAGlanceFacts': [{'factValue': '1957', 'factLabel': 'Year built'}, {'factValue': '', 'factLabel': 'Remodeled year'}, {'factValue': 'Forced Air', 'factLabel': 'Heating'}, {'factValue': 'Central', 'factLabel': 'Cooling'}, {'factValue': '', 'factLabel': 'Parking'}, {'factValue': '8.05 acres', 'factLabel': 'lotsize'}, {'factValue': '$984/sqft', 'factLabel': 'Price/sqft'}]}",yes,Durham,"[{'rating': ['9/10', '6/10', '8/10'], 'data': {'Distance': ['1.31mi', '2.8mi', '3.26mi'], 'Grades': ['9-12', 'PK-5', '6-8']}, 'name': ['East Chapel Hill High School', 'Ephesus Road Elementary School', 'Guy Phillips Middle School']}]","1,525 sqft",27707,3 Beds,NC,,,,2272570,"$1,500,000"
Pre-foreclosure / auction,,Single Family,306 N Evans St,Bathrooms: 1,"{'atAGlanceFacts': [{'factValue': '1900', 'factLabel': 'Year built'}, {'factValue': '', 'factLabel': 'Remodeled year'}, {'factValue': 'Other', 'factLabel': 'Heating'}, {'factValue': '', 'factLabel': 'Cooling'}, {'factValue': '', 'factLabel': 'Parking'}, {'factValue': '1,190 sqft', 'factLabel': 'lotsize'}, {'factValue': '', 'factLabel': 'Price/sqft'}]}",,Pottstown,"[{'rating': ['3/10', '3/10', '3/10'], 'data': {'Distance': ['0.4 mi', '0.4 mi', '0.6 mi'], 'Grades': ['PK-4', '5-8', '9-12']}, 'name': ['Lincoln El School', 'Pottstown Middle School', 'Pottstown Senior High School']}]","Total interior livable area: 1,224 sqft",19464,3 bd,PA,3.0,,,,"$35,731"
Active,,Land,1211 Molona St,0,"{'atAGlanceFacts': [{'factValue': '', 'factLabel': 'Year built'}, {'factValue': '', 'factLabel': 'Remodeled year'}, {'factValue': '', 'factLabel': 'Heating'}, {'factValue': '', 'factLabel': 'Cooling'}, {'factValue': '', 'factLabel': 'Parking'}, {'factValue': '7579', 'factLabel': 'lotsize'}, {'factValue': None, 'factLabel': 'Price/sqft'}]}",,Reunion,"[{'rating': ['4', '5', '3', '9', 'NR', '6', 'NR', 'NR'], 'data': {'Distance': ['6.5 mi', '7.6 mi', '6.3 mi', '4.2 mi', '3.8 mi', '2.1 mi', '2.2 mi', '3.0 mi'], 'Grades': ['PK–5', '6–8', '9–12', 'K–8', '7–12', '9–12', 'PK–12', 'PK–5']}, 'name': ['Reedy Creek Elementary School', 'Horizon Middle School', 'Poinciana High School', 'Celebration School', 'Oasis Adolescent Campus School', 'Celebration High School', 'Heartland Christian Academy Private School', 'Foreign Language Immersion Preparatory Academy Private School']}]",0,34747,,FL,,,,O5798648,"$42,800"
Pre-foreclosure / auction,,Condo,1440 NW 43rd Ter APT 208,Bathrooms: 2,"{'atAGlanceFacts': [{'factValue': '1967', 'factLabel': 'Year built'}, {'factValue': '1968', 'factLabel': 'Remodeled year'}, {'factValue': '', 'factLabel': 'Heating'}, {'factValue': '', 'factLabel': 'Cooling'}, {'factValue': '', 'factLabel': 'Parking'}, {'factValue': '', 'factLabel': 'lotsize'}, {'factValue': '', 'factLabel': 'Price/sqft'}]}",,Lauderhill,"[{'rating': ['5/10', '4/10'], 'data': {'Distance': ['0.4 mi', '0.6 mi'], 'Grades': ['PK-5', '6-11']}, 'name': ['Lauderhill Paul Turner Elementary School', 'Lauderhill 6-12 STEM-MED Magnet School']}]",Total interior livable area: 950 sqft,33313,2 bd,FL,,,,,"$59,504"
Active,,High Rise,9066 SW 73 #1203 ,,"{'atAGlanceFacts': [{'factValue': '2006', 'factLabel': 'Year built'}, {'factValue': '2006', 'factLabel': 'Remodeled year'}, {'factValue': 'Central Air', 'factLabel': 'Heating'}, {'factValue': 'Has Cooling', 'factLabel': 'Cooling'}, {'factValue': '', 'factLabel': 'Parking'}, {'factValue': '—', 'factLabel': 'lotsize'}, {'factValue': '$326 / Sq. Ft.', 'factLabel': 'Price/sqft'}]}",,Miami,"[{'rating': ['7', '10', 'NR', '6', '3'], 'data': {'Distance': ['0.6 mi', '12.9 mi', '7.6 mi', '2.6 mi', '2.4 mi'], 'Grades': ['Preschool to 8', 'Preschool to 8', 'K to 9', '6 to 8', '9 to 12']}, 'name': ['Kenwood K-8 Center', 'Air Base Elementary School', 'Robert Morgan Voc-Tech Institute', 'Glades Middle School', 'South Miami Senior High School']}]",657,33156,,FL,,,,A10717803,"214,000"
foreclosure,,single-family home,160 SW 203rd Ave,3 Baths,"{'atAGlanceFacts': [{'factValue': '1998', 'factLabel': 'Year built'}, {'factValue': '1999', 'factLabel': 'Remodeled year'}, {'factValue': 'Forced Air', 'factLabel': 'Heating'}, {'factValue': 'Central', 'factLabel': 'Cooling'}, {'factValue': 'Attached Garage', 'factLabel': 'Parking'}, {'factValue': '6,656 sqft', 'factLabel': 'lotsize'}, {'factValue': '$175/sqft', 'factLabel': 'Price/sqft'}]}",,Pembroke Pines,"[{'rating': ['8/10', '8/10', '8/10'], 'data': {'Distance': ['0.91mi', '2.1mi', '3.97mi'], 'Grades': ['9-12', 'PK-5', '6-8']}, 'name': ['West Broward High School', 'Sunset Lakes Elementary School', 'Glades Middle School']}]","2,519 sqft",33029,5 Beds,FL,2.0,,,A10643198,"$439,900"
,,Single Family,1047 NW 38th St,1.0,"{'atAGlanceFacts': [{'factValue': '1935', 'factLabel': 'Year built'}, {'factValue': '1935', 'factLabel': 'Remodeled year'}, {'factValue': 'No Data', 'factLabel': 'Heating'}, {'factValue': 'No Data', 'factLabel': 'Cooling'}, {'factValue': 'No Data', 'factLabel': 'Parking'}, {'factValue': '5,227 sqft', 'factLabel': 'lotsize'}, {'factValue': None, 'factLabel': 'Price/sqft'}]}",,Miami,"[{'rating': ['10/10', '2/10'], 'data': {'Distance': ['21.9 mi', '0.9 mi'], 'Grades': ['PK-8', '9-12']}, 'name': ['Air Base Elementary School', 'Miami Jackson Senior High School']}]",946 sqft,33127,2,FL,1.0,,,,"$212,924"
for sale,,single-family home,1504 Willow Oak Dr,2 Baths,"{'atAGlanceFacts': [{'factValue': '1959', 'factLabel': 'Year built'}, {'factValue': '', 'factLabel': 'Remodeled year'}, {'factValue': 'Other', 'factLabel': 'Heating'}, {'factValue': 'Central', 'factLabel': 'Cooling'}, {'factValue': 'Carport', 'factLabel': 'Parking'}, {'factValue': '0.27 acres', 'factLabel': 'lotsize'}, {'factValue': '$104/sqft', 'factLabel': 'Price/sqft'}]}",,Longview,"[{'rating': ['3/10', '5/10'], 'data': {'Distance': ['3.64mi', '3.64mi'], 'Grades': ['1-5', '6-8']}, 'name': ['Bramlette Elementary School', 'Judson Middle School']}]","1,580 sqft",75601,3 Beds,TX,1.0,,,20193616,"$164,000"
for sale,,single-family home,222 Huffstetler Rd,2 Baths,"{'atAGlanceFacts': [{'factValue': '1967', 'factLabel': 'Year built'}, {'factValue': '', 'factLabel': 'Remodeled year'}, {'factValue': 'Forced Air', 'factLabel': 'Heating'}, {'factValue': 'Central', 'factLabel': 'Cooling'}, {'factValue': 'Attached Garage', 'factLabel': 'Parking'}, {'factValue': '3.9 acres', 'factLabel': 'lotsize'}, {'factValue': '$136/sqft', 'factLabel': 'Price/sqft'}]}",yes,Gastonia,"[{'rating': ['7/10', '8/10', '6/10'], 'data': {'Distance': ['0.76mi', '0.64mi', '3.14mi'], 'Grades': ['K-5', '6-8', '9-12']}, 'name': ['New Hope Elementary School', 'Cramerton Middle School', 'South Point High School']}]","1,869 sqft",28056,3 Beds,NC,1.0,,,3515488,"$255,000"
for sale,,coop,363 E 76th St #5M,,"{'atAGlanceFacts': [{'factValue': '1963', 'factLabel': 'Year built'}, {'factValue': '', 'factLabel': 'Remodeled year'}, {'factValue': '', 'factLabel': 'Heating'}, {'factValue': '', 'factLabel': 'Cooling'}, {'factValue': '', 'factLabel': 'Parking'}, {'factValue': '0.45 acres', 'factLabel': 'lotsize'}, {'factValue': '$818/sqft', 'factLabel': 'Price/sqft'}]}",,New York,"[{'rating': ['9/10', '8/10', '3/10', '8/10', '9/10', '10/10', '9/10'], 'data': {'Distance': ['3.16mi', '3.16mi', '0.97mi', '3.1mi', '5.45mi', '0.17mi', '0.21mi'], 'Grades': ['6-8', '9-12', '6-12', '6-11', '6-8', '6-8', 'PK-5']}, 'name': ['Nyc Lab Ms For Collaborative Studies', 'Nyc Lab High School For Collaborative Studies', 'Life Sciences Secondary School', 'Ms 260 Clinton School Writers And Artists', 'Lower Manhattan Community Middle School', 'Jhs 167 Robert F Wagner', 'P.S. 158 Baylard Taylor']}]",900 sqft,10021,2 Beds,NY,,,,1856971,"$736,000"
for sale,,single-family home,Sutton Plan in Kingsland,2.5 Baths,"{'atAGlanceFacts': [{'factValue': '', 'factLabel': 'Year built'}, {'factValue': '', 'factLabel': 'Remodeled year'}, {'factValue': '', 'factLabel': 'Heating'}, {'factValue': '', 'factLabel': 'Cooling'}, {'factValue': '', 'factLabel': 'Parking'}, {'factValue': '', 'factLabel': 'lotsize'}, {'factValue': '$105/sqft', 'factLabel': 'Price/sqft'}]}",,Atlanta,"[{'rating': ['3/10', '3/10', '5/10'], 'data': {'Distance': ['3.64mi', '3.43mi', '0.81mi'], 'Grades': ['6-8', '9-12', 'PK-5']}, 'name': ['Renaissance Middle School', 'Langston Hughes High School', 'Cliftondale Elementary School']}]","2,542 sqft",30349,3 Beds,GA,2.0,,,,"$265,990+"
Active,,,4624 Peralta Ln ,,"{'atAGlanceFacts': [{'factValue': '2020', 'factLabel': 'Year built'}, {'factValue': '', 'factLabel': 'Remodeled year'}, {'factValue': '', 'factLabel': 'Heating'}, {'factValue': '', 'factLabel': 'Cooling'}, {'factValue': '', 'factLabel': 'Parking'}, {'factValue': '3.98 Acres', 'factLabel': 'lotsize'}, {'factValue': '$631 / Sq. Ft.', 'factLabel': 'Price/sqft'}]}",2,Austin,"[{'rating': ['6', '6', '6'], 'data': {'Distance': ['2.2 mi', '6.2 mi', '6.5 mi'], 'Grades': ['Preschool to 5', '6 to 8', '9 to 12']}, 'name': ['Oak Hill Elementary School', 'O Henry Middle School', 'Austin High School']}]","5,060",78735,,TX,1,,,4525321,"3,195,000"
 / auction,,Single Family,36 Melra Ct,2.0,"{'atAGlanceFacts': [{'factValue': '1964', 'factLabel': 'Year built'}, {'factValue': None, 'factLabel': 'Remodeled year'}, {'factValue': 'No Data', 'factLabel': 'Heating'}, {'factValue': 'No Data', 'factLabel': 'Cooling'}, {'factValue': 'No Data', 'factLabel': 'Parking'}, {'factValue': '3,140 sqft', 'factLabel': 'lotsize'}, {'factValue': None, 'factLabel': 'Price/sqft'}]}",,San Francisco,"[{'rating': ['4/10', '2/10', '6/10'], 'data': {'Distance': ['0.2 mi', '0.4 mi', '0.8 mi'], 'Grades': ['K-5', '6-8', '9-12']}, 'name': ['Visitacion Valley Elementary School', 'Visitacion Valley Middle School', 'Burton (Phillip And Sala) Academic High School']}]","1,440 sqft",94134,3,CA,1,,,,"$906,621"
New construction,,Single Family,3025 18th St,Bathrooms: 5,"{'atAGlanceFacts': [{'factValue': '2018', 'factLabel': 'Year built'}, {'factValue': '1958', 'factLabel': 'Remodeled year'}, {'factValue': 'Forced air', 'factLabel': 'Heating'}, {'factValue': 'Central', 'factLabel': 'Cooling'}, {'factValue': 'Attached Garage', 'factLabel': 'Parking'}, {'factValue': '6,573 sqft lot', 'factLabel': 'lotsize'}, {'factValue': '$575', 'factLabel': 'Price/sqft'}]}",,Boulder,"[{'rating': ['5/10', '4/10', '9/10'], 'data': {'Distance': ['0.4 mi', '0.6 mi', '1.1 mi'], 'Grades': ['PK-5', '6-8', '9-12']}, 'name': ['Columbine Elementary School', 'Casey Middle School', 'Boulder High School']}]","Total interior livable area: 3,988 sqft",80304,4 bd,CO,2.0,897997,,,"$2,295,000"
Active,,Contemporary,808 3rd St SE ,"1,500","{'atAGlanceFacts': [{'factValue': '2010', 'factLabel': 'Year built'}, {'factValue': '', 'factLabel': 'Remodeled year'}, {'factValue': '', 'factLabel': 'Heating'}, {'factValue': '', 'factLabel': 'Cooling'}, {'factValue': '', 'factLabel': 'Parking'}, {'factValue': '656 Sq. Ft.', 'factLabel': 'lotsize'}, {'factValue': '$588 / Sq. Ft.', 'factLabel': 'Price/sqft'}]}",1,Washington,"[{'rating': ['NR', 'NR', 'NR', '6', '4'], 'data': {'Distance': ['0.2 mi', '0.2 mi', '0.3 mi', '0.4 mi', '1.4 mi'], 'Grades': ['Preschool to 8', 'Preschool to 3', 'Preschool to 8', '8 to 12', '9 to 12']}, 'name': ['Capitol Hill Day School', 'Eagle Academy Public Charter School - Capitol Riverfront', 'St. Peter School', 'Richard Wright Public Charter School', 'Eastern High School']}]","1,872",20003,Baths,DC,,,,DCDC450440,"1,100,000"
for sale,,single-family home,7414 Weyburn St,2 Baths,"{'atAGlanceFacts': [{'factValue': '2019', 'factLabel': 'Year built'}, {'factValue': '', 'factLabel': 'Remodeled year'}, {'factValue': 'Electric', 'factLabel': 'Heating'}, {'factValue': 'Central', 'factLabel': 'Cooling'}, {'factValue': 'Attached Garage', 'factLabel': 'Parking'}, {'factValue': '7801 sqft', 'factLabel': 'lotsize'}, {'factValue': '$107/sqft', 'factLabel': 'Price/sqft'}]}",,Houston,"[{'rating': ['2/10', '3/10', '2/10'], 'data': {'Distance': ['2.69mi', '1.15mi', '1.57mi'], 'Grades': ['6-8', 'PK-5', '9-12']}, 'name': ['Key Middle School', 'Houston Gardens Elementary School', 'Kashmere High School']}]","1,689 sqft",77028,3 Beds,TX,1.0,,,42748534,"$179,900"
Active,,Multi-Family Home,5110 Bakman Ave,,"{'atAGlanceFacts': [{'factValue': '1956', 'factLabel': 'Year built'}, {'factValue': '', 'factLabel': 'Remodeled year'}, {'factValue': '', 'factLabel': 'Heating'}, {'factValue': '', 'factLabel': 'Cooling'}, {'factValue': '', 'factLabel': 'Parking'}, {'factValue': '16875', 'factLabel': 'lotsize'}, {'factValue': '$743', 'factLabel': 'Price/sqft'}]}",,North Hollywood,"[{'rating': ['5', '7', '8', '9', '10', '3', 'NR', 'NR'], 'data': {'Distance': ['0.2 mi', '0.9 mi', '0.7 mi', '0.7 mi', '0.6 mi', '0.6 mi', '0.2 mi', '0.3 mi'], 'Grades': ['K–5', '6–8', '9–12', 'K–5', '6–12', '9–12', 'K–8', 'K–8']}, 'name': ['Lankershim Elementary School', 'Walter Reed Middle School', 'North Hollywood Senior High School', 'Colfax Charter Elementary School', 'Science Academy STEM Magnet School', 'East Valley Senior High School', ""St. Paul's First Lutheran Private School"", 'Wesley Private School, The']}]",8064,91601,,CA,,,,SR19117507,"$5,995,000"
Active,,"Detached, One Story",5719 NW 65th Ave ,,"{'atAGlanceFacts': [{'factValue': '1969', 'factLabel': 'Year built'}, {'factValue': '1970', 'factLabel': 'Remodeled year'}, {'factValue': 'Central Air, Ceiling Fan(s)', 'factLabel': 'Heating'}, {'factValue': 'Has Cooling', 'factLabel': 'Cooling'}, {'factValue': '', 'factLabel': 'Parking'}, {'factValue': '3,600 Sq. Ft.', 'factLabel': 'lotsize'}, {'factValue': '$187 / Sq. Ft.', 'factLabel': 'Price/sqft'}]}",,Tamarac,"[{'rating': ['9', '5', '3'], 'data': {'Distance': ['2.0 mi', '2.5 mi', '1.8 mi'], 'Grades': ['K to 5', '6 to 9', '9 to 12']}, 'name': ['Discovery Elementary School', 'Millennium Middle School', 'Piper High School']}]","1,062",33321,,FL,,,,A10750487,"199,000"
for sale,,condo,2101 Brickell Ave #1205,,"{'atAGlanceFacts': [{'factValue': '2004', 'factLabel': 'Year built'}, {'factValue': '2004', 'factLabel': 'Remodeled year'}, {'factValue': 'Forced Air', 'factLabel': 'Heating'}, {'factValue': 'Central', 'factLabel': 'Cooling'}, {'factValue': '', 'factLabel': 'Parking'}, {'factValue': '', 'factLabel': 'lotsize'}, {'factValue': '$405/sqft', 'factLabel': 'Price/sqft'}]}",,Miami,"[{'rating': ['8/10', '10/10', '4/10', '5/10', '10/10', 'None/10'], 'data': {'Distance': ['1.11mi', '4.13mi', '2.62mi', '5.2mi', '20.55mi', '15.91mi'], 'Grades': ['PK-8', '6-8', '9-12', '6-8', 'PK-8', 'K-9']}, 'name': ['Coral Way K-8 Center', 'George Washington Carver Middle School', 'Miami Senior High School', 'Ponce De Leon Middle School', 'Air Base Elementary School', 'Robert Morgan Voc-Tech Institute']}]",791 sqft,33129,,FL,,,,A10759048,"$320,000"
for sale,,single-family home,2479 S Kilmer St,3 Baths,"{'atAGlanceFacts': [{'factValue': '2014', 'factLabel': 'Year built'}, {'factValue': '2014', 'factLabel': 'Remodeled year'}, {'factValue': 'Forced Air', 'factLabel': 'Heating'}, {'factValue': 'Central', 'factLabel': 'Cooling'}, {'factValue': 'Attached Garage', 'factLabel': 'Parking'}, {'factValue': '5,184 sqft', 'factLabel': 'lotsize'}, {'factValue': '$280/sqft', 'factLabel': 'Price/sqft'}]}",yes,Lakewood,"[{'rating': ['7/10', '7/10', '7/10'], 'data': {'Distance': ['1.94mi', '2.08mi', '1.11mi'], 'Grades': ['7-8', '9-12', 'K-6']}, 'name': ['Dunstan Middle School', 'Green Mountain High School', 'Rooney Ranch Elementary School']}]","2,624 sqft",80228,3 Beds,CO,1.0,,,6230374,"$735,000"
Active,,Contemporary/Modern,1918 Goliad St Unit B ,,"{'atAGlanceFacts': [{'factValue': '2019', 'factLabel': 'Year built'}, {'factValue': '', 'factLabel': 'Remodeled year'}, {'factValue': 'Central Electric', 'factLabel': 'Heating'}, {'factValue': 'Central Gas', 'factLabel': 'Cooling'}, {'factValue': '', 'factLabel': 'Parking'}, {'factValue': '—', 'factLabel': 'lotsize'}, {'factValue': '$178 / Sq. Ft.', 'factLabel': 'Price/sqft'}]}",,Houston,"[{'rating': ['9', '4', '3'], 'data': {'Distance': ['0.6 mi', '1.4 mi', '2.0 mi'], 'Grades': ['Preschool to 5', '6 to 8', '9 to 12']}, 'name': ['Crockett Elementary School', 'Hogg Middle School', 'Reagan High School']}]","2,194",77007,,TX,4,,,17854317,"389,900"
for rent,,multi-family,220 Boylston St #1412,2 Baths,"{'atAGlanceFacts': [{'factValue': '1985', 'factLabel': 'Year built'}, {'factValue': '', 'factLabel': 'Remodeled year'}, {'factValue': '', 'factLabel': 'Heating'}, {'factValue': '', 'factLabel': 'Cooling'}, {'factValue': '', 'factLabel': 'Parking'}, {'factValue': '', 'factLabel': 'lotsize'}, {'factValue': None, 'factLabel': 'Price/sqft'}]}",yes,Boston,"[{'rating': [], 'data': {'Distance': [], 'Grades': []}, 'name': []}]","1,673 sqft",2116,2 Beds,MA,,,,72580936,"$10,500/mo"
Active,,,9335 Shadow Point Cir ,,"{'atAGlanceFacts': [{'factValue': '1998', 'factLabel': 'Year built'}, {'factValue': '1998', 'factLabel': 'Remodeled year'}, {'factValue': 'Central, Electric, Two or More Units', 'factLabel': 'Heating'}, {'factValue': '2 or More Units, Central', 'factLabel': 'Cooling'}, {'factValue': '', 'factLabel': 'Parking'}, {'factValue': '1 Acre', 'factLabel': 'lotsize'}, {'factValue': '$109 / Sq. Ft.', 'factLabel': 'Price/sqft'}]}",1,Chattanooga,"[{'rating': ['9', 'NR', '6', 'NR'], 'data': {'Distance': ['0.8 mi', '1.3 mi', '0.7 mi', '1.6 mi'], 'Grades': ['K to 5', 'K to 12', '6 to 12', 'Preschool to 8']}, 'name': ['Westview Elementary School', 'Valley Academy', 'East Hamilton School', 'Standifer Gap Sda School']}]","4,300",37421,,TN,"1 Level, Site Built",,,1310198,"469,900"
for sale,,condo,3000 Holiday Dr #304,2 Baths,"{'atAGlanceFacts': [{'factValue': '1966', 'factLabel': 'Year built'}, {'factValue': '1967', 'factLabel': 'Remodeled year'}, {'factValue': 'Forced Air', 'factLabel': 'Heating'}, {'factValue': 'Central', 'factLabel': 'Cooling'}, {'factValue': 'Attached Garage', 'factLabel': 'Parking'}, {'factValue': '', 'factLabel': 'lotsize'}, {'factValue': '$353/sqft', 'factLabel': 'Price/sqft'}]}",,Fort Lauderdale,"[{'rating': ['7/10', '5/10', '7/10'], 'data': {'Distance': ['3.52mi', '2.69mi', '1.7mi'], 'Grades': ['9-12', '6-8', 'PK-5']}, 'name': ['Fort Lauderdale High School', 'Sunrise Middle School', 'Harbordale Elementary School']}]","1,060 sqft",33316,,FL,9.0,,yes,F10177720,"$374,000"
for sale,,condo,600 NE 36th St #519,2 Baths,"{'atAGlanceFacts': [{'factValue': '1973', 'factLabel': 'Year built'}, {'factValue': '2005', 'factLabel': 'Remodeled year'}, {'factValue': 'Forced Air', 'factLabel': 'Heating'}, {'factValue': 'Central', 'factLabel': 'Cooling'}, {'factValue': 'Attached Garage', 'factLabel': 'Parking'}, {'factValue': '', 'factLabel': 'lotsize'}, {'factValue': '$324/sqft', 'factLabel': 'Price/sqft'}]}",,Miami,"[{'rating': ['2/10', '4/10', '10/10', '2/10', 'None/10'], 'data': {'Distance': ['1.11mi', '1.1mi', '24.24mi', '1.99mi', '19.28mi'], 'Grades': ['6-8', 'PK-5', 'PK-8', '9-12', 'K-9']}, 'name': ['Jose De Diego Middle School', 'Eneida M. Hartner Elementary School', 'Air Base Elementary School', 'Booker T. Washington Senior High School', 'Robert Morgan Voc-Tech Institute']}]",757 sqft,33137,,FL,22.0,,,A10584822,"$245,000"
for sale,,single-family home,9728 Viceroy Dr E,2 Baths,"{'atAGlanceFacts': [{'factValue': '1978', 'factLabel': 'Year built'}, {'factValue': '1978', 'factLabel': 'Remodeled year'}, {'factValue': 'Forced Air', 'factLabel': 'Heating'}, {'factValue': 'Central', 'factLabel': 'Cooling'}, {'factValue': 'Attached Garage', 'factLabel': 'Parking'}, {'factValue': '8,720 sqft', 'factLabel': 'lotsize'}, {'factValue': '$155/sqft', 'factLabel': 'Price/sqft'}]}",yes,Jacksonville,"[{'rating': ['3/10', '6/10', '6/10'], 'data': {'Distance': ['3.41mi', '0.7mi', '6.95mi'], 'Grades': ['6-8', 'PK-5', '9-12']}, 'name': ['Alfred I. Dupont Middle School', 'Crown Point Elementary School', 'Atlantic Coast High School']}]","1,994 sqft",32257,3 Beds,FL,1.0,,yes,1026685,"$309,900"
,,Single Family,3395 Double Ln,2.0,"{'atAGlanceFacts': [{'factValue': '2004', 'factLabel': 'Year built'}, {'factValue': '2004', 'factLabel': 'Remodeled year'}, {'factValue': 'Forced air', 'factLabel': 'Heating'}, {'factValue': 'Central', 'factLabel': 'Cooling'}, {'factValue': 'No Data', 'factLabel': 'Parking'}, {'factValue': '5,662 sqft', 'factLabel': 'lotsize'}, {'factValue': '$162', 'factLabel': 'Price/sqft'}]}",,Jacksonville,"[{'rating': ['4/10', '3/10', '3/10'], 'data': {'Distance': ['1.4 mi', '1.3 mi', '1.3 mi'], 'Grades': ['K-5', '6-8', '9-12']}, 'name': ['Parkwood Heights Elementary School', 'Arlington Middle School', 'Terry Parker High School']}]","1,330",32277,3,FL,1,,,1028521,"$215,000"
for sale,,single-family home,890 Heron Ridge Rd,7 Baths,"{'atAGlanceFacts': [{'factValue': '2005', 'factLabel': 'Year built'}, {'factValue': '', 'factLabel': 'Remodeled year'}, {'factValue': 'Forced Air', 'factLabel': 'Heating'}, {'factValue': 'Central', 'factLabel': 'Cooling'}, {'factValue': 'Attached Garage', 'factLabel': 'Parking'}, {'factValue': '1.3 acres', 'factLabel': 'lotsize'}, {'factValue': '$135/sqft', 'factLabel': 'Price/sqft'}]}",yes,Winston Salem,"[{'rating': ['8/10', '8/10', '9/10'], 'data': {'Distance': ['3.92mi', '0.92mi', '0.93mi'], 'Grades': ['9-12', 'PK-5', '6-8']}, 'name': ['Reagan High School', 'Meadowlark Elementary', 'Meadowlark Middle']}]","7,387 sqft",27106,6 Beds,NC,2.0,,yes,940113,"$1,000,000"
for sale,,single-family home,7121 Prescott Pond Ln #79,3 Baths,"{'atAGlanceFacts': [{'factValue': '1994', 'factLabel': 'Year built'}, {'factValue': '', 'factLabel': 'Remodeled year'}, {'factValue': 'Forced Air', 'factLabel': 'Heating'}, {'factValue': '', 'factLabel': 'Cooling'}, {'factValue': 'Detached Garage', 'factLabel': 'Parking'}, {'factValue': '6969 sqft', 'factLabel': 'lotsize'}, {'factValue': '$176/sqft', 'factLabel': 'Price/sqft'}]}",yes,Charlotte,"[{'rating': ['9/10', '9/10', '8/10'], 'data': {'Distance': ['0.75mi', '1.88mi', '1.62mi'], 'Grades': ['9-12', '6-8', 'K-5']}, 'name': ['Providence High', 'South Charlotte Middle', 'Elizabeth Lane Elementary']}]","2,608 sqft",28270,4 Beds,NC,2.0,,,3538796,"$459,000"
Active,,Single Family Home,3285 Thunder Cloud Dr,2,"{'atAGlanceFacts': [{'factValue': '1990', 'factLabel': 'Year built'}, {'factValue': '', 'factLabel': 'Remodeled year'}, {'factValue': 'Central, Electric', 'factLabel': 'Heating'}, {'factValue': 'Central Air', 'factLabel': 'Cooling'}, {'factValue': '', 'factLabel': 'Parking'}, {'factValue': '5220', 'factLabel': 'lotsize'}, {'factValue': '$154', 'factLabel': 'Price/sqft'}]}",,Kissimmee,"[{'rating': ['4', '4', '6', '4', '9', '3', 'NR', 'NR'], 'data': {'Distance': ['8.1 mi', '3.9 mi', '5.7 mi', '3.6 mi', '3.6 mi', '5.5 mi', '2.6 mi', '2.8 mi'], 'Grades': ['PK–5', '6–8', '9–12', 'K–8', 'K–8', '6–12', 'PK–1', 'PK–8']}, 'name': ['Reedy Creek Elementary School', 'Kissimmee Middle School', 'Celebration High School', 'Renaissance Charter School At Tapestry', 'Celebration School', 'Avant Garde Academy School', ""Primrose Private School Of Hunter's Creek"", 'Ibn Seena Academy Private School']}]",1330,34746,2,FL,1,,,O5832583,"$205,000"
Active,,Single Family Home,20948 W. Pasadena Avenue,3.5,"{'atAGlanceFacts': [{'factValue': '', 'factLabel': 'Year built'}, {'factValue': '', 'factLabel': 'Remodeled year'}, {'factValue': '', 'factLabel': 'Heating'}, {'factValue': '', 'factLabel': 'Cooling'}, {'factValue': '', 'factLabel': 'Parking'}, {'factValue': None, 'factLabel': 'lotsize'}, {'factValue': '$173', 'factLabel': 'Price/sqft'}]}",,Buckeye,"[{'rating': ['8', '9', '6', '9', '6', 'NR', 'NR', 'NR'], 'data': {'Distance': ['0.5 mi', '0.6 mi', '0.8 mi', '1.7 mi', '2.2 mi', '0.7 mi', '2.1 mi', '3.1 mi'], 'Grades': ['K–6', '5–8', '9–12', 'PK–8', 'K–7', '9–12', '3–8', 'K–9']}, 'name': ['Verrado Elementary School', 'Verrado Middle School', 'Verrado High School', 'Verrado Heritage Elementary School', 'The Odyssey Preparatory Academy, - Casa Grande School', 'West-Mec - Verrado High School', 'West Valley Adventist Private School', 'Vision Christian Academy Private School']}]","3,185",85396,3,AZ,,,,1128411,"$549,990"
Active,,,MLS #: UCOM1217873,,"{'atAGlanceFacts': [{'factValue': '', 'factLabel': 'Year built'}, {'factValue': '', 'factLabel': 'Remodeled year'}, {'factValue': '', 'factLabel': 'Heating'}, {'factValue': '', 'factLabel': 'Cooling'}, {'factValue': '', 'factLabel': 'Parking'}, {'factValue': '—', 'factLabel': 'lotsize'}, {'factValue': None, 'factLabel': 'Price/sqft'}]}",,Brooklyn,"[{'rating': ['NR', '4', 'NR', 'NR'], 'data': {'Distance': ['0.0 mi', '0.1 mi', '0.2 mi', '0.2 mi'], 'Grades': ['Preschool to 1', 'Preschool to 5', 'Preschool to 12', 'Preschool to 8']}, 'name': ['PS 319', 'Brooklyn Arbor Elementary School', 'Bnos Chayil', 'United Talmudical Academy']}]",,11211,,NY,,,,UCOM1217873,"399,000"
for sale,,lot/land,44 Hammock Beach Cir S,,"{'atAGlanceFacts': [{'factValue': '', 'factLabel': 'Year built'}, {'factValue': '', 'factLabel': 'Remodeled year'}, {'factValue': '', 'factLabel': 'Heating'}, {'factValue': '', 'factLabel': 'Cooling'}, {'factValue': '', 'factLabel': 'Parking'}, {'factValue': '7013 sqft', 'factLabel': 'lotsize'}, {'factValue': None, 'factLabel': 'Price/sqft'}]}",,Palm Coast,"[{'rating': ['5/10', '7/10', '6/10'], 'data': {'Distance': ['3.08mi', '8.84mi', '4.58mi'], 'Grades': ['9-12', 'PK-6', '7-8']}, 'name': ['Matanzas High School', 'Old Kings Elementary School', 'Indian Trails Middle School']}]",,32137,,FL,,,,244468,"$595,000"
for sale,,townhouse,9612 Knight Rd,4 Baths,"{'atAGlanceFacts': [{'factValue': '2009', 'factLabel': 'Year built'}, {'factValue': '2009', 'factLabel': 'Remodeled year'}, {'factValue': 'Other', 'factLabel': 'Heating'}, {'factValue': 'Central', 'factLabel': 'Cooling'}, {'factValue': 'Attached Garage', 'factLabel': 'Parking'}, {'factValue': '1,241 sqft', 'factLabel': 'lotsize'}, {'factValue': '$156/sqft', 'factLabel': 'Price/sqft'}]}",,Houston,"[{'rating': ['2/10', '4/10', '2/10'], 'data': {'Distance': ['4.54mi', '3.16mi', '3.41mi'], 'Grades': ['6-8', 'PK-5', '9-12']}, 'name': ['Dowling Middle School', 'Hobby Elementary School', 'Madison High School']}]","2,144 sqft",77045,3 Beds,TX,3.0,,,,"$333,900"
Pending,,Single Family Home,3097 NE 43rd Rd,2,"{'atAGlanceFacts': [{'factValue': '2020', 'factLabel': 'Year built'}, {'factValue': '', 'factLabel': 'Remodeled year'}, {'factValue': 'Central Electric', 'factLabel': 'Heating'}, {'factValue': 'Central Electric', 'factLabel': 'Cooling'}, {'factValue': '', 'factLabel': 'Parking'}, {'factValue': '10890', 'factLabel': 'lotsize'}, {'factValue': '$108', 'factLabel': 'Price/sqft'}]}",,Ocala,"[{'rating': ['3', '4', '5', 'NR', 'NR', 'NR', 'NR', 'NR'], 'data': {'Distance': ['2.0 mi', '2.9 mi', '3.6 mi', '1.9 mi', '3.2 mi', '3.3 mi', '1.2 mi', '1.7 mi'], 'Grades': ['K–5', '6–8', '9–12', 'K–12', 'K–12', 'K–12', 'K–11']}, 'name': ['Ocala Springs Elementary School', 'Fort King Middle School', 'Vanguard High School', 'Kingsbury Academy School', 'Marion Virtual Instruction Program School', 'Marion Virtual Franchise School', 'Life Christian Academy Private School', 'Academy of Biblical Charac Dev Private School']}]",1828,34470,4,FL,1,,,563526,"$197,990"
for sale,,single-family home,191 W 179th St,3 Baths,"{'atAGlanceFacts': [{'factValue': '1910', 'factLabel': 'Year built'}, {'factValue': '1910', 'factLabel': 'Remodeled year'}, {'factValue': 'Baseboard', 'factLabel': 'Heating'}, {'factValue': '', 'factLabel': 'Cooling'}, {'factValue': 'Attached Garage', 'factLabel': 'Parking'}, {'factValue': '3,135 sqft', 'factLabel': 'lotsize'}, {'factValue': '$179/sqft', 'factLabel': 'Price/sqft'}]}",,Bronx,"[{'rating': ['4/10', '5/10'], 'data': {'Distance': ['0.09mi', '0.14mi'], 'Grades': ['PK-5', '6-9']}, 'name': ['Ps 226', 'Ms 390']}]","3,120 sqft",10453,4 Beds,NY,,,,,"$559,000"
Active,,Condo/Unit,490 M St SW Unit W307 ,,"{'atAGlanceFacts': [{'factValue': '1964', 'factLabel': 'Year built'}, {'factValue': '', 'factLabel': 'Remodeled year'}, {'factValue': '', 'factLabel': 'Heating'}, {'factValue': '', 'factLabel': 'Cooling'}, {'factValue': '', 'factLabel': 'Parking'}, {'factValue': '—', 'factLabel': 'lotsize'}, {'factValue': '$406 / Sq. Ft.', 'factLabel': 'Price/sqft'}]}",,Washington,"[{'rating': ['2', 'NR', '6', 'NR', '4'], 'data': {'Distance': ['0.3 mi', '0.5 mi', '0.3 mi', '0.5 mi', '2.4 mi'], 'Grades': ['Preschool to 5', 'Preschool to 8', '6 to 8', '7 to 8', '9 to 12']}, 'name': ['Amidon-Bowen Elementary School', 'Waterfront Academy', 'Jefferson Middle School Academy', 'High Road Primary School of Washington, Dc', 'Eastern High School']}]",836,20024,Bath,DC,,,,DCDC450338,"339,000"
for sale,,single-family home,12111 14th Rd,4 Baths,"{'atAGlanceFacts': [{'factValue': '1930', 'factLabel': 'Year built'}, {'factValue': '', 'factLabel': 'Remodeled year'}, {'factValue': 'Other', 'factLabel': 'Heating'}, {'factValue': '', 'factLabel': 'Cooling'}, {'factValue': '', 'factLabel': 'Parking'}, {'factValue': '2800 sqft', 'factLabel': 'lotsize'}, {'factValue': '$456/sqft', 'factLabel': 'Price/sqft'}]}",,Flushing,"[{'rating': ['2/10', '8/10', '7/10'], 'data': {'Distance': ['1.75mi', '2.07mi', '0.49mi'], 'Grades': ['9-12', '6-8', 'K-5']}, 'name': ['Flushing High School', 'Jhs 194 William Carr', 'Ps 129 Patricia Larkin']}]","2,611 sqft",11356,7 Beds,NY,,,,,"$1,190,000"
for sale,,single-family home,74 Glenwood Ave,,"{'atAGlanceFacts': [{'factValue': '1906', 'factLabel': 'Year built'}, {'factValue': '1940', 'factLabel': 'Remodeled year'}, {'factValue': 'Forced Air', 'factLabel': 'Heating'}, {'factValue': '', 'factLabel': 'Cooling'}, {'factValue': '', 'factLabel': 'Parking'}, {'factValue': '3484 sqft', 'factLabel': 'lotsize'}, {'factValue': '$28/sqft', 'factLabel': 'Price/sqft'}]}",,Binghamton,"[{'rating': ['3/10', '3/10', '1/10'], 'data': {'Distance': ['1.44mi', '0.93mi', '0.13mi'], 'Grades': ['PK, 9-12', 'PK, 6-8', 'K-5']}, 'name': ['Binghamton High School', 'West Middle School', 'Woodrow Wilson School']}]","1,364 sqft",13905,4 Beds,NY,1,,,222559,"$37,900"
for sale,,condo,240 Cozine Ave #2E,,"{'atAGlanceFacts': [{'factValue': '', 'factLabel': 'Year built'}, {'factValue': '', 'factLabel': 'Remodeled year'}, {'factValue': '', 'factLabel': 'Heating'}, {'factValue': '', 'factLabel': 'Cooling'}, {'factValue': '', 'factLabel': 'Parking'}, {'factValue': '', 'factLabel': 'lotsize'}, {'factValue': '$365/sqft', 'factLabel': 'Price/sqft'}]}",,Brooklyn,"[{'rating': ['2/10', '2/10', '3/10'], 'data': {'Distance': ['0.36mi', '0.36mi', '0.14mi'], 'Grades': ['6-8', '6-8', 'PK-5']}, 'name': ['Van Siclen Community Middle School', 'Van Siclen Community Middle School', 'Ps 306 Ethan Allen']}]",885 sqft,11207,2 Beds,NY,,,,,"$323,000"
Active,,"2 Stories, Traditional",1027 LA Tierra ,"3,500","{'atAGlanceFacts': [{'factValue': '1986', 'factLabel': 'Year built'}, {'factValue': '', 'factLabel': 'Remodeled year'}, {'factValue': 'Electric Heat', 'factLabel': 'Heating'}, {'factValue': 'Central Heating', 'factLabel': 'Cooling'}, {'factValue': '', 'factLabel': 'Parking'}, {'factValue': '3,024 Sq. Ft.', 'factLabel': 'lotsize'}, {'factValue': '$118 / Sq. Ft.', 'factLabel': 'Price/sqft'}]}",1,San Antonio,"[{'rating': ['8', '10', '8'], 'data': {'Distance': ['1.2 mi', '2.8 mi', '1.3 mi'], 'Grades': ['Preschool to 5', '6 to 8', '9 to 12']}, 'name': ['Stone Oak Elementary School', 'Bush Middle School', 'Reagan High School']}]","2,205",78258,Baths,TX,,,,1424040,"260,000"
Active,,Land,1312 Jacob Dr,,"{'atAGlanceFacts': [{'factValue': '', 'factLabel': 'Year built'}, {'factValue': '', 'factLabel': 'Remodeled year'}, {'factValue': '', 'factLabel': 'Heating'}, {'factValue': '', 'factLabel': 'Cooling'}, {'factValue': '', 'factLabel': 'Parking'}, {'factValue': '2473772', 'factLabel': 'lotsize'}, {'factValue': None, 'factLabel': 'Price/sqft'}]}",,Soddy Daisy,"[{'rating': ['8', '8', '6', '6', '6', '2', 'NR'], 'data': {'Distance': ['0.9 mi', '3.9 mi', '2.1 mi', '2.0 mi', '1.6 mi', '1.7 mi', '3.5 mi'], 'Grades': ['PK–5', '6–8', '9–12', 'PK–5', '6–8', '9–12', 'PK–12']}, 'name': ['Allen Elementary School', 'Loftis Middle School', 'Soddy Daisy High School', 'Daisy Elementary School', 'Soddy Daisy Middle School', 'Sequoyah High School', 'New South Daisy Christian Academy Private School']}]",0,37379,,TN,,,,1298533,"$851,850"
Active,,Land,4719 Rue St,0,"{'atAGlanceFacts': [{'factValue': '', 'factLabel': 'Year built'}, {'factValue': '', 'factLabel': 'Remodeled year'}, {'factValue': '', 'factLabel': 'Heating'}, {'factValue': '', 'factLabel': 'Cooling'}, {'factValue': '', 'factLabel': 'Parking'}, {'factValue': '5600', 'factLabel': 'lotsize'}, {'factValue': None, 'factLabel': 'Price/sqft'}]}",,Houston,"[{'rating': ['2', '2', '1', '2', '5', '2', 'NR', 'NR'], 'data': {'Distance': ['0.9 mi', '1.5 mi', '2.1 mi', '0.5 mi', '1.0 mi', '0.5 mi', '1.4 mi', '1.9 mi'], 'Grades': ['PK–8', '6–8', '9–12', '3–8', '5–8', '9–12', 'PK–11', 'K–2']}, 'name': ['Woodson School', 'Thomas Middle School', 'Sterling High School', 'Pro-Vision Middle School', 'Kipp Spirit College Prep School', 'Pro-Vision High School', 'East Sunnyside Bible Academy Private School', 'Ar Carethers Christian Academy Private School']}]",0,77033,,TX,,,,51720014,"$17,500"
For sale,,Condo,408 NW 68th Ave APT 314,Bathrooms: 2,"{'atAGlanceFacts': [{'factValue': '1974', 'factLabel': 'Year built'}, {'factValue': '1975', 'factLabel': 'Remodeled year'}, {'factValue': 'Forced air', 'factLabel': 'Heating'}, {'factValue': 'Central', 'factLabel': 'Cooling'}, {'factValue': '', 'factLabel': 'Parking'}, {'factValue': '-- sqft lot', 'factLabel': 'lotsize'}, {'factValue': '$114', 'factLabel': 'Price/sqft'}]}",,Plantation,"[{'rating': ['5/10', '3/10', '4/10'], 'data': {'Distance': ['0.6 mi', '0.7 mi', '1.3 mi'], 'Grades': ['PK-5', '6-8', '9-12']}, 'name': ['Peters Elementary School', 'Plantation Middle School', 'Plantation High School']}]","Total interior livable area: 1,260 sqft",33317,2 bd,FL,5.0,F10199924,,,"$144,000"
Active,,Single Family Home,6984 SW 94th Ct,2,"{'atAGlanceFacts': [{'factValue': '2007', 'factLabel': 'Year built'}, {'factValue': '', 'factLabel': 'Remodeled year'}, {'factValue': 'Central Electric, Heat Pump', 'factLabel': 'Heating'}, {'factValue': 'Ceiling Fan, Central Electric, Heat Pump', 'factLabel': 'Cooling'}, {'factValue': '', 'factLabel': 'Parking'}, {'factValue': '10454', 'factLabel': 'lotsize'}, {'factValue': '$126', 'factLabel': 'Price/sqft'}]}",,Ocala,"[{'rating': ['6', '5', '6', '3', 'NR', '3'], 'data': {'Distance': ['5.4 mi', '5.2 mi', '3.0 mi', '5.3 mi', '8.8 mi', '6.9 mi'], 'Grades': ['PK–5', '6–8', '9–12', 'PK–5', '9–12']}, 'name': ['Saddlewood Elementary School', 'Liberty Middle School', 'West Port High School', 'Hammett Bowen Jr. Elementary School', 'Community Technical & Adult Education Center School', 'Francis Marion Military Academy School']}]",1736,34481,3,FL,1,,,565250,"$218,800"
Active,,Single Family Home,18364 Laramie Ave,2,"{'atAGlanceFacts': [{'factValue': '2014', 'factLabel': 'Year built'}, {'factValue': '', 'factLabel': 'Remodeled year'}, {'factValue': 'Central, Electric', 'factLabel': 'Heating'}, {'factValue': 'Central Air', 'factLabel': 'Cooling'}, {'factValue': 'Garage Door Opener', 'factLabel': 'Parking'}, {'factValue': '10000', 'factLabel': 'lotsize'}, {'factValue': '$155', 'factLabel': 'Price/sqft'}]}","Living Room, Wood Burning",Port Charlotte,"[{'rating': ['5', '4', '6', '1', '5', 'NR', 'NR', 'NR'], 'data': {'Distance': ['2.0 mi', '2.1 mi', '1.6 mi', '1.5 mi', '1.5 mi', '1.6 mi', '1.8 mi', '2.2 mi'], 'Grades': ['PK–5', '6–8', '9–12', 'K–9', '6–12', 'K–12', 'PK–12', '1–9']}, 'name': ['Liberty Elementary School', 'Murdock Middle School', 'Port Charlotte High School', 'Charlotte Technical Center School', 'Charlotte Virtual Franchise School', 'Charlotte Virtual Instruction Program School', 'Community Christian Private School', 'Jordan Center for Learning Private School']}]",1390,33954,3,FL,1,,,C7423399,"$215,000"
for sale,,single-family home,10011 NE 29th Pl,6 Baths,"{'atAGlanceFacts': [{'factValue': '2015', 'factLabel': 'Year built'}, {'factValue': '', 'factLabel': 'Remodeled year'}, {'factValue': 'Forced Air', 'factLabel': 'Heating'}, {'factValue': 'Central', 'factLabel': 'Cooling'}, {'factValue': 'Attached Garage', 'factLabel': 'Parking'}, {'factValue': '10,192 sqft', 'factLabel': 'lotsize'}, {'factValue': '$661/sqft', 'factLabel': 'Price/sqft'}]}",yes,Bellevue,"[{'rating': ['8/10', '6/10', '9/10'], 'data': {'Distance': ['2.25mi', '0.62mi', '0.48mi'], 'Grades': ['9-12', '6-8', 'K-5']}, 'name': ['Bellevue High School', 'Chinook Middle School', 'Clyde Hill Elementary School']}]","5,255 sqft",98004,5 Beds,WA,,,,1540790,"$3,475,000"
for sale,,condo,5004 Thomas Dr #1902,2 Baths,"{'atAGlanceFacts': [{'factValue': '2005', 'factLabel': 'Year built'}, {'factValue': '2005', 'factLabel': 'Remodeled year'}, {'factValue': '', 'factLabel': 'Heating'}, {'factValue': '', 'factLabel': 'Cooling'}, {'factValue': '', 'factLabel': 'Parking'}, {'factValue': '', 'factLabel': 'lotsize'}, {'factValue': '$304/sqft', 'factLabel': 'Price/sqft'}]}",,Panama City Beach,"[{'rating': ['6/10', '8/10', '7/10'], 'data': {'Distance': ['7.58mi', '2.15mi', '5.7mi'], 'Grades': ['6-8', 'PK-5', 'PK-12']}, 'name': ['Surfside Middle School', 'Patronis Elementary School', 'J.R. Arnold High School']}]","1,370 sqft",32408,2 Beds,FL,,,,690734,"$417,000"
for sale,,single-family home,147 Senator Reynolds Rd,4 Baths,"{'atAGlanceFacts': [{'factValue': '', 'factLabel': 'Year built'}, {'factValue': '', 'factLabel': 'Remodeled year'}, {'factValue': '', 'factLabel': 'Heating'}, {'factValue': '', 'factLabel': 'Cooling'}, {'factValue': '', 'factLabel': 'Parking'}, {'factValue': '1.42 acres', 'factLabel': 'lotsize'}, {'factValue': '$355/sqft', 'factLabel': 'Price/sqft'}]}",,Asheville,"[{'rating': ['5/10'], 'data': {'Distance': ['1.27mi'], 'Grades': ['K-5']}, 'name': ['Woodfin Elementary']}]","3,948 sqft",28804,3 Beds,NC,,,,3565373,"$1,400,000"
Active,,"Single Detached, Traditional",2401 CLAY CREEK Ln ,"2,000","{'atAGlanceFacts': [{'factValue': '2020', 'factLabel': 'Year built'}, {'factValue': '', 'factLabel': 'Remodeled year'}, {'factValue': '', 'factLabel': 'Heating'}, {'factValue': 'Central A/C (Electric), Central Heat (Gas)', 'factLabel': 'Cooling'}, {'factValue': '', 'factLabel': 'Parking'}, {'factValue': '—', 'factLabel': 'lotsize'}, {'factValue': '$151 / Sq. Ft.', 'factLabel': 'Price/sqft'}]}",1,Fort Worth,"[{'rating': ['6', '7', '6'], 'data': {'Distance': ['0.7 mi', '0.5 mi', '0.3 mi'], 'Grades': ['Preschool to 5', '6 to 8', '9 to 12']}, 'name': ['W R Hatfield Elementary School', 'Gene Pike Middle School', 'Northwest High School']}]","1,768",76177,Baths,TX,,,,14221449,"266,190"
Active,,,179 Ramsey Dr ,,"{'atAGlanceFacts': [{'factValue': '1977', 'factLabel': 'Year built'}, {'factValue': '', 'factLabel': 'Remodeled year'}, {'factValue': '', 'factLabel': 'Heating'}, {'factValue': '', 'factLabel': 'Cooling'}, {'factValue': '', 'factLabel': 'Parking'}, {'factValue': '5,662 Sq. Ft.', 'factLabel': 'lotsize'}, {'factValue': '$259 / Sq. Ft.', 'factLabel': 'Price/sqft'}]}","1 Fireplace, Wood Burning",Vacaville,"[{'rating': ['6', '6', '8'], 'data': {'Distance': ['0.6 mi', '4.0 mi', '3.6 mi'], 'Grades': ['K to 6', '7 to 8', '9 to 12']}, 'name': ['Foxboro Elementary School', 'Golden West Middle School', 'Vanden High School']}]","1,604",95687,,CA,,,,21930209,"414,900"
for sale,,single-family home,4221 Merry Mill Dr,2.5 Baths,"{'atAGlanceFacts': [{'factValue': '', 'factLabel': 'Year built'}, {'factValue': '', 'factLabel': 'Remodeled year'}, {'factValue': '', 'factLabel': 'Heating'}, {'factValue': '', 'factLabel': 'Cooling'}, {'factValue': '', 'factLabel': 'Parking'}, {'factValue': '', 'factLabel': 'lotsize'}, {'factValue': '$126/sqft', 'factLabel': 'Price/sqft'}]}",,Spring,"[{'rating': ['9/10', '9/10', '8/10'], 'data': {'Distance': ['1.14mi', '1.72mi', '1.8mi'], 'Grades': ['PK-4', '5-6', '7-8']}, 'name': ['Broadway Elementary School', 'Cox Intermediate School', 'York J High School']}]","1,932 sqft",77386,3 Beds,TX,2.0,,,,"$242,740"
Active,,,0 Cardinal Ln ,,"{'atAGlanceFacts': [{'factValue': '', 'factLabel': 'Year built'}, {'factValue': '', 'factLabel': 'Remodeled year'}, {'factValue': '', 'factLabel': 'Heating'}, {'factValue': '', 'factLabel': 'Cooling'}, {'factValue': '', 'factLabel': 'Parking'}, {'factValue': '0.48 Acres', 'factLabel': 'lotsize'}, {'factValue': None, 'factLabel': 'Price/sqft'}]}",,Mooresville,"[{'rating': ['5', '7', '5'], 'data': {'Distance': ['1.5 mi', '4.3 mi', '11.5 mi'], 'Grades': ['Preschool to 5', '6 to 8', '9 to 12']}, 'name': ['Shepherd Elementary School', 'Lakeshore Middle School', 'South Iredell High School']}]",,28115,,NC,,,,3490709,"22,000"
for sale,,single-family home,3603 Hunters Dream,3 Baths,"{'atAGlanceFacts': [{'factValue': '1984', 'factLabel': 'Year built'}, {'factValue': '1998', 'factLabel': 'Remodeled year'}, {'factValue': 'Forced Air', 'factLabel': 'Heating'}, {'factValue': 'Central', 'factLabel': 'Cooling'}, {'factValue': 'Attached Garage', 'factLabel': 'Parking'}, {'factValue': '0.26 acres', 'factLabel': 'lotsize'}, {'factValue': '$141/sqft', 'factLabel': 'Price/sqft'}]}",yes,San Antonio,"[{'rating': ['6/10', '5/10', '7/10'], 'data': {'Distance': ['0.62mi', '3.56mi', '2.43mi'], 'Grades': ['PK-5', '6-8', '9-12']}, 'name': ['Oak Meadow Elementary School', 'Jackson Middle School', 'Churchill High School']}]","2,972 sqft",78230,3 Beds,TX,2.0,,,1425510,"$419,000"
For sale,,Single Family,1150 Eastview Ave,Bathrooms: 1,"{'atAGlanceFacts': [{'factValue': '1950', 'factLabel': 'Year built'}, {'factValue': '', 'factLabel': 'Remodeled year'}, {'factValue': '', 'factLabel': 'Heating'}, {'factValue': '', 'factLabel': 'Cooling'}, {'factValue': '', 'factLabel': 'Parking'}, {'factValue': '6,534 sqft lot', 'factLabel': 'lotsize'}, {'factValue': '$32', 'factLabel': 'Price/sqft'}]}",,Macon,"[{'rating': ['4/10', '1/10', '3/10'], 'data': {'Distance': ['0.6 mi', '0.3 mi', '1.3 mi'], 'Grades': ['PK-5', '6-8', '9-12']}, 'name': ['Burdell Elementary School', 'Appling Middle School', 'Northeast High School']}]",Total interior livable area: 784 sqft,31217,2 bd,GA,1.0,8681201,,,"$25,250"
For sale,,Single Family,424 Dorothy St,Bathrooms: 3,"{'atAGlanceFacts': [{'factValue': '1955', 'factLabel': 'Year built'}, {'factValue': '', 'factLabel': 'Remodeled year'}, {'factValue': 'Forced air', 'factLabel': 'Heating'}, {'factValue': 'Central', 'factLabel': 'Cooling'}, {'factValue': '1 space', 'factLabel': 'Parking'}, {'factValue': '0.4 acres lot', 'factLabel': 'lotsize'}, {'factValue': '$161', 'factLabel': 'Price/sqft'}]}",,South Lyon,"[{'rating': ['7/10', '7/10', '8/10'], 'data': {'Distance': ['0.8 mi', '0.5 mi', '1.3 mi'], 'Grades': ['K-5', '6-8', '9-12']}, 'name': ['Sayre Elementary School', 'Centennial Middle School', 'South Lyon High School']}]","Total interior livable area: 1,368 sqft",48178,3 bd,MI,1.0,219116055,,,"$220,000"
for sale,,single-family home,208 Sawyer St SW,2 Baths,"{'atAGlanceFacts': [{'factValue': '1986', 'factLabel': 'Year built'}, {'factValue': '2005', 'factLabel': 'Remodeled year'}, {'factValue': 'Other', 'factLabel': 'Heating'}, {'factValue': 'Central', 'factLabel': 'Cooling'}, {'factValue': 'Attached Garage', 'factLabel': 'Parking'}, {'factValue': '0.32 acres', 'factLabel': 'lotsize'}, {'factValue': '$141/sqft', 'factLabel': 'Price/sqft'}]}",,Palm Bay,"[{'rating': ['4/10', '5/10', '5/10'], 'data': {'Distance': ['1.55mi', '1.45mi', '1.9mi'], 'Grades': ['7-8', '9-12', 'PK-6']}, 'name': ['Southwest Middle School', 'Bayside High School', 'Westside Elementary School']}]","1,061 sqft",32908,3 Beds,FL,1.0,,,862903,"$149,900"
for sale,,lot/land,56 Fallen Oak Ln,,"{'atAGlanceFacts': [{'factValue': '', 'factLabel': 'Year built'}, {'factValue': '', 'factLabel': 'Remodeled year'}, {'factValue': '', 'factLabel': 'Heating'}, {'factValue': '', 'factLabel': 'Cooling'}, {'factValue': '', 'factLabel': 'Parking'}, {'factValue': '0.29 acres', 'factLabel': 'lotsize'}, {'factValue': None, 'factLabel': 'Price/sqft'}]}",,Palm Coast,"[{'rating': ['5/10', '7/10', '6/10'], 'data': {'Distance': ['1.33mi', '8.26mi', '1.96mi'], 'Grades': ['9-12', 'PK-6', '7-8']}, 'name': ['Matanzas High School', 'Old Kings Elementary School', 'Indian Trails Middle School']}]",,32137,,FL,,,,252850,"$41,000"
Active,,Condo/Townhome/Row Home/Co-Op,105 Leake Ave Apt 30,2.5,"{'atAGlanceFacts': [{'factValue': '1963', 'factLabel': 'Year built'}, {'factValue': '', 'factLabel': 'Remodeled year'}, {'factValue': 'Heating System', 'factLabel': 'Heating'}, {'factValue': 'Cooling System', 'factLabel': 'Cooling'}, {'factValue': 'Assigned', 'factLabel': 'Parking'}, {'factValue': None, 'factLabel': 'lotsize'}, {'factValue': '$227', 'factLabel': 'Price/sqft'}]}",Extra Closets,Nashville,"[{'rating': ['NR', '5', '3', '4', '4', '3', 'NR', 'NR'], 'data': {'Distance': ['1.9 mi', '3.7 mi', '3.1 mi', '1.7 mi', '0.9 mi', '1.0 mi', '0.1 mi', '1.4 mi'], 'Grades': ['K–4', '5–8', '9–12', 'K–4', '5–8', '9–12', 'PK–8', 'PK–8']}, 'name': ['Julia Green Elementary School', 'John T. Moore Middle School', 'Hillsboro High School', 'Westmeade Elementary School', 'H G Hill Middle School', 'Hillwood Comp High School', 'Harding Academy Private School', 'St. Henry Elementary Private School']}]",2156,37205,2.0,TN,1.00,,,2035019,"$489,000"
Active,,Condo/Townhome/Row Home/Co-Op,4000 Cathedral Ave NW Unit 235236,2,"{'atAGlanceFacts': [{'factValue': '1931', 'factLabel': 'Year built'}, {'factValue': '', 'factLabel': 'Remodeled year'}, {'factValue': 'Radiator, Central Heating', 'factLabel': 'Heating'}, {'factValue': 'Wall Unit Cooling', 'factLabel': 'Cooling'}, {'factValue': 'Unassigned, Parking Fee, Parking Lot', 'factLabel': 'Parking'}, {'factValue': None, 'factLabel': 'lotsize'}, {'factValue': '$325', 'factLabel': 'Price/sqft'}]}",,Washington,"[{'rating': ['10', '8', '8', '9', '9', '9', 'NR', 'NR'], 'data': {'Distance': ['0.4 mi', '1.1 mi', '1.5 mi', '0.6 mi', '1.2 mi', '1.2 mi', '0.2 mi', '0.4 mi'], 'Grades': ['PK–5', '6–8', '9–12', 'PK–5', 'PK–8', '9–12', 'PK–8', '4–12']}, 'name': ['Stoddert Elementary School', 'Hardy Middle School', 'Wilson High School', 'Mann Elementary School', 'Oyster-Adams Bilingual School', 'Duke Ellington School of the Arts', 'Annunciation Catholic Private School', 'St. Albans Private School']}]",2000,20016,2,DC,1,,,DCDC447234,"$649,500"
for sale,,condo,1940 Conway Rd #10,2 Baths,"{'atAGlanceFacts': [{'factValue': '1970', 'factLabel': 'Year built'}, {'factValue': '1973', 'factLabel': 'Remodeled year'}, {'factValue': 'Forced Air', 'factLabel': 'Heating'}, {'factValue': 'Central', 'factLabel': 'Cooling'}, {'factValue': '', 'factLabel': 'Parking'}, {'factValue': '555 sqft', 'factLabel': 'lotsize'}, {'factValue': '$100/sqft', 'factLabel': 'Price/sqft'}]}",,Orlando,"[{'rating': ['7/10', '4/10', '5/10', '7/10', '7/10'], 'data': {'Distance': ['1.87mi', '0.96mi', '2.66mi', '3.75mi', '3.75mi'], 'Grades': ['9-12', 'PK-5', '6-8', 'K-8', '9-12']}, 'name': ['William R Boone High School', 'Conway Elementary School', 'Howard Middle School', 'Cornerstone Academy Charter', 'Cornerstone Charter Academy High School']}]","1,100 sqft",32812,2 Beds,FL,2.0,,,T3215662,"$109,900"
for sale,,single-family home,3324 Benson Pl,2 Baths,"{'atAGlanceFacts': [{'factValue': '2005', 'factLabel': 'Year built'}, {'factValue': '', 'factLabel': 'Remodeled year'}, {'factValue': 'Forced Air', 'factLabel': 'Heating'}, {'factValue': '', 'factLabel': 'Cooling'}, {'factValue': 'Attached Garage', 'factLabel': 'Parking'}, {'factValue': '0.28 acres', 'factLabel': 'lotsize'}, {'factValue': '$247/sqft', 'factLabel': 'Price/sqft'}]}",yes,Fayetteville,"[{'rating': ['8/10', '5/10', '4/10'], 'data': {'Distance': ['1.6mi', '1.34mi', '1.22mi'], 'Grades': ['9-12', 'PK-5', '6-8']}, 'name': ['Jack Britt High School', 'New Century International Elementary', 'New Century International Middle School']}]",869 sqft,28306,4 Beds,NC,2.0,,yes,623381,"$215,000"
,,Single Family,1160 W 48th St,1.0,"{'atAGlanceFacts': [{'factValue': '1957', 'factLabel': 'Year built'}, {'factValue': '1957', 'factLabel': 'Remodeled year'}, {'factValue': 'No Data', 'factLabel': 'Heating'}, {'factValue': 'No Data', 'factLabel': 'Cooling'}, {'factValue': 'No Data', 'factLabel': 'Parking'}, {'factValue': '7,884 sqft', 'factLabel': 'lotsize'}, {'factValue': None, 'factLabel': 'Price/sqft'}]}",,Hialeah,"[{'rating': ['8/10', '4/10', '3/10'], 'data': {'Distance': ['0.4 mi', '0.5 mi', '1.7 mi'], 'Grades': ['PK-5', '6-8', '9-12']}, 'name': ['Meadowlane Elementary School', 'Palm Springs Middle School', 'Hialeah Senior High School']}]","1,535 sqft",33012,3,FL,1.0,,,,"$360,124"
Pending,,Single Family Home,2519 Maxroy St,3.5,"{'atAGlanceFacts': [{'factValue': '2011', 'factLabel': 'Year built'}, {'factValue': '', 'factLabel': 'Remodeled year'}, {'factValue': '', 'factLabel': 'Heating'}, {'factValue': 'Central Electric', 'factLabel': 'Cooling'}, {'factValue': '', 'factLabel': 'Parking'}, {'factValue': '1625', 'factLabel': 'lotsize'}, {'factValue': '$143', 'factLabel': 'Price/sqft'}]}",,Houston,"[{'rating': ['7', '5', '2', '6', 'NR', '2', 'NR', 'NR'], 'data': {'Distance': ['0.9 mi', '2.8 mi', '2.5 mi', '0.9 mi', '2.0 mi', '1.6 mi', '0.6 mi', '0.7 mi'], 'Grades': ['PK–5', '6–8', '9–12', 'PK–5', 'PK–12', '9–12', 'PK–8', '5–6']}, 'name': ['Memorial Elementary School', 'Hogg Middle School', 'Waltrip High School', 'Sinclair Elementary School', 'Soar Center School', 'Houston Heights Charter School', 'St Theresa Catholic Private School', 'Heritage Oaks Private School']}]",2588,77007,3.0,TX,3,,,96473431,"$369,900"
for sale,,single-family home,6601 56th Street Ct W,3 Baths,"{'atAGlanceFacts': [{'factValue': '1996', 'factLabel': 'Year built'}, {'factValue': '1996', 'factLabel': 'Remodeled year'}, {'factValue': 'Forced Air', 'factLabel': 'Heating'}, {'factValue': 'Central', 'factLabel': 'Cooling'}, {'factValue': 'Attached Garage', 'factLabel': 'Parking'}, {'factValue': '0.3 acres', 'factLabel': 'lotsize'}, {'factValue': '$260/sqft', 'factLabel': 'Price/sqft'}]}",yes,University Place,"[{'rating': ['2/10', '4/10', '2/10'], 'data': {'Distance': ['1.68mi', '1.67mi', '1.73mi'], 'Grades': ['6-8', 'PK-5', '9-12']}, 'name': ['Gray Middle School', 'Whittier', 'Mt Tahoma']}]","1,843 sqft",98467,3 Beds,WA,1.0,,,1502565,"$479,950"
for sale,,townhouse,64 Clingman Ave #301,,"{'atAGlanceFacts': [{'factValue': '2002', 'factLabel': 'Year built'}, {'factValue': '2002', 'factLabel': 'Remodeled year'}, {'factValue': 'Forced Air', 'factLabel': 'Heating'}, {'factValue': '', 'factLabel': 'Cooling'}, {'factValue': '1', 'factLabel': 'Parking'}, {'factValue': '', 'factLabel': 'lotsize'}, {'factValue': '$356/sqft', 'factLabel': 'Price/sqft'}]}",,Asheville,"[{'rating': ['8/10', '5/10', '5/10', '7/10', '4/10', '6/10', '4/10', '6/10'], 'data': {'Distance': ['1.37mi', '0.37mi', '1.37mi', '1.29mi', '1.29mi', '2.81mi', '0.31mi', '2.37mi'], 'Grades': ['9-12', 'PK-5', '9-12', 'PK-5', 'K-5', 'PK-5', '6-8', 'K-5']}, 'name': ['School Of Inquiry And Life Science', 'Isaac Dickson Elementary', 'Asheville High', 'Hall Fletcher Elementary', 'Claxton Elementary', 'Ira B Jones Elementary', 'Asheville Middle', 'Vance Elementary']}]",982 sqft,28801,2 Beds,NC,1.0,,,3568448,"$350,000"
Active,,Single Family Home,203 Cross Creek Dr,3.5,"{'atAGlanceFacts': [{'factValue': '2008', 'factLabel': 'Year built'}, {'factValue': '', 'factLabel': 'Remodeled year'}, {'factValue': ', Heat Pump - Heat', 'factLabel': 'Heating'}, {'factValue': 'Central Air', 'factLabel': 'Cooling'}, {'factValue': 'Attached Garage', 'factLabel': 'Parking'}, {'factValue': '32670', 'factLabel': 'lotsize'}, {'factValue': '$122', 'factLabel': 'Price/sqft'}]}",Gas Logs,Cherryville,"[{'rating': ['6', '6', '3', '6', '5', '9'], 'data': {'Distance': ['2.7 mi', '8.6 mi', '8.2 mi', '2.9 mi', '3.0 mi', '2.9 mi'], 'Grades': ['PK–5', '6–8', '9–12', 'PK–4', '5–6', '9–12']}, 'name': ['Washington Math & Science Immersion School', 'Burns Middle School', 'Burns High School', 'Jefferson Elementary School', 'Elizabeth Elementary School', 'Cleveland County Early College High School']}]",3108,28021,4.0,NC,2 Story,,,3522844,"$379,000"
for sale,,single-family home,211 E Saint Gertrude Pl,,"{'atAGlanceFacts': [{'factValue': '1944', 'factLabel': 'Year built'}, {'factValue': '', 'factLabel': 'Remodeled year'}, {'factValue': '', 'factLabel': 'Heating'}, {'factValue': 'Central', 'factLabel': 'Cooling'}, {'factValue': 'Attached Garage', 'factLabel': 'Parking'}, {'factValue': '5,745 sqft', 'factLabel': 'lotsize'}, {'factValue': '$531/sqft', 'factLabel': 'Price/sqft'}]}",,Santa Ana,"[{'rating': ['4/10', '2/10', '1/10'], 'data': {'Distance': ['1.15mi', '0.1mi', '0.97mi'], 'Grades': ['9-12', 'K-5', '6-8']}, 'name': ['Century High School', 'Thomas A. Edison Elementary School', 'Julia C. Lathrop Intermediate School']}]","1,008 sqft",92707,3 Beds,CA,1.0,,,OC19257641,"$534,999"
,,Townhouse,6827 Crown Rdg,2.0,"{'atAGlanceFacts': [{'factValue': '1972', 'factLabel': 'Year built'}, {'factValue': '1988', 'factLabel': 'Remodeled year'}, {'factValue': 'Forced air', 'factLabel': 'Heating'}, {'factValue': 'Central', 'factLabel': 'Cooling'}, {'factValue': '2 spaces', 'factLabel': 'Parking'}, {'factValue': '2,613 sqft', 'factLabel': 'lotsize'}, {'factValue': '$84', 'factLabel': 'Price/sqft'}]}",Not Applicable,San Antonio,"[{'rating': ['4/10', '4/10', '4/10'], 'data': {'Distance': ['0.4 mi', '2.4 mi', '2.4 mi'], 'Grades': ['PK-5', '6-8', '9-12']}, 'name': ['Royal Ridge Elementary School', 'White Middle School', 'Roosevelt High School']}]","1,544",78239,2,TX,1.0,,,1404486,"$129,500"
for sale,,lot/land,843 Worth Ave S,,"{'atAGlanceFacts': [{'factValue': '', 'factLabel': 'Year built'}, {'factValue': '', 'factLabel': 'Remodeled year'}, {'factValue': 'Electric', 'factLabel': 'Heating'}, {'factValue': '', 'factLabel': 'Cooling'}, {'factValue': '', 'factLabel': 'Parking'}, {'factValue': '0.3 acres', 'factLabel': 'lotsize'}, {'factValue': None, 'factLabel': 'Price/sqft'}]}",,Lehigh Acres,"[{'rating': ['4/10', '2/10', '3/10', '2/10', '3/10', '6/10', '2/10', '2/10', '5/10', '5/10', '5/10', '4/10', '3/10', '5/10', '4/10', '2/10', '5/10', '5/10', '3/10', '3/10', '3/10', '5/10'], 'data': {'Distance': ['7.98mi', '1.5mi', '12.38mi', '13.91mi', '10.72mi', '18.09mi', '16.12mi', '4.57mi', '14.78mi', '13.03mi', '15.21mi', '3.92mi', '6.84mi', '7.65mi', '8.35mi', '1.81mi', '3.86mi', '8.08mi', '4.88mi', '15.04mi', '13.92mi', '8.53mi'], 'Grades': ['PK-5', '9-12', 'PK-5', 'PK-5', 'PK-5', 'PK-5', 'PK-5', 'PK-5', 'PK-5', '9-12', 'PK-5', '6-8', 'PK-5', 'PK-5', '9-12', 'PK-5', 'PK-8', '6-8', 'PK-5', 'PK-5', '6-8', 'PK-5']}, 'name': ['Harns Marsh Elementary School', 'East Lee County High School', 'River Hall Elementary School', 'Manatee Elementary School', 'Treeline Elementary School', 'Bayshore Elementary School', 'Edgewood Academy', 'Lehigh Elementary School', 'Orange River Elementary School', 'Riverdale High School', 'Tice Elementary School', 'Lehigh Acres Middle School', 'Sunshine Elementary School', 'Gateway Elementary School', 'Lehigh Senior High School', 'Mirror Lakes Elementary School', 'Veterans Park Academy For The Arts', 'Varsity Lakes Middle School', 'G. Weaver Hipps Elementary School', 'James Stephens International Academy', 'Oak Hammock Middle School', 'Tortuga Preserve Elementary School']}]",,33974,,FL,,,,219051149,"$199,000"
For sale,,Single Family,4031 Puget St,Bathrooms: 2,"{'atAGlanceFacts': [{'factValue': '2013', 'factLabel': 'Year built'}, {'factValue': '2013', 'factLabel': 'Remodeled year'}, {'factValue': 'Forced air', 'factLabel': 'Heating'}, {'factValue': 'Other', 'factLabel': 'Cooling'}, {'factValue': '2 spaces', 'factLabel': 'Parking'}, {'factValue': '4,312 sqft lot', 'factLabel': 'lotsize'}, {'factValue': '$164', 'factLabel': 'Price/sqft'}]}",,Dallas,"[{'rating': ['2/10', '3/10', '3/10'], 'data': {'Distance': ['0.2 mi', '1.3 mi', '0.7 mi'], 'Grades': ['PK-5', '6-8', '9-12']}, 'name': ['C F Carr Elementary School', 'Thomas A Edison Middle Learning Ce', 'L G Pinkston High School']}]","Total interior livable area: 1,370 sqft",75212,3 bd,TX,1.0,14194786,,,"$225,000"
Under Contract Show,,Single Family Home,4709 Coburn Ct,3.5,"{'atAGlanceFacts': [{'factValue': '1995', 'factLabel': 'Year built'}, {'factValue': '', 'factLabel': 'Remodeled year'}, {'factValue': ', Gas Hot Air/Furnace', 'factLabel': 'Heating'}, {'factValue': 'Central Air, Gas Hot Air/Furnace, Multizone A/C', 'factLabel': 'Cooling'}, {'factValue': 'Attached Garage, Driveway, Garage - 2 Car, Side Load Garage', 'factLabel': 'Parking'}, {'factValue': '123710', 'factLabel': 'lotsize'}, {'factValue': '$187', 'factLabel': 'Price/sqft'}]}","Gas Logs, Great Room",Charlotte,"[{'rating': ['7', '9', '7', '9', '10', '10', 'NR', 'NR'], 'data': {'Distance': ['1.4 mi', '0.7 mi', '3.8 mi', '2.0 mi', '1.6 mi', '3.1 mi', '1.6 mi', '1.8 mi'], 'Grades': ['PK–5', '6–8', '9–12', 'K–5', '6–8', '9–12', 'K–12', 'PK–12']}, 'name': ['Mcalpine Elementary School', 'South Charlotte Middle School', 'South Mecklenburg High School', 'Providence Spring Elementary School', 'Jay M Robinson Middle School', 'Providence High School', 'Charlotte Latin Private School', 'United Faith Christian Academy Private School']}]",3425,28277,4,NC,2 Story,,,3563378,"$639,500"
for sale,,single-family home,1408 Belle Pl,2 Baths,"{'atAGlanceFacts': [{'factValue': '1994', 'factLabel': 'Year built'}, {'factValue': '', 'factLabel': 'Remodeled year'}, {'factValue': 'Forced Air', 'factLabel': 'Heating'}, {'factValue': 'Central', 'factLabel': 'Cooling'}, {'factValue': 'Attached Garage', 'factLabel': 'Parking'}, {'factValue': '6,299 sqft', 'factLabel': 'lotsize'}, {'factValue': '$227/sqft', 'factLabel': 'Price/sqft'}]}",yes,Fort Worth,"[{'rating': ['4/10', '6/10', '6/10'], 'data': {'Distance': ['1.16mi', '0.42mi', '0.49mi'], 'Grades': ['9-12', 'PK-5', '6-8']}, 'name': ['Arlington Heights High School', 'North Hi Mount Elementary School', 'Stripling Middle School']}]","1,649 sqft",76107,2 Beds,TX,1.0,,,14227531,"$375,000"
Active,,Multi-Family Home,741 Richards Rd,2,"{'atAGlanceFacts': [{'factValue': '1969', 'factLabel': 'Year built'}, {'factValue': '', 'factLabel': 'Remodeled year'}, {'factValue': 'Heating System', 'factLabel': 'Heating'}, {'factValue': 'Cooling System', 'factLabel': 'Cooling'}, {'factValue': 'BSMT, GRAVL', 'factLabel': 'Parking'}, {'factValue': '16644', 'factLabel': 'lotsize'}, {'factValue': '$204', 'factLabel': 'Price/sqft'}]}",,Antioch,"[{'rating': ['2', '3', '2', '2', '2', 'NR', 'NR', 'NR'], 'data': {'Distance': ['0.1 mi', '0.2 mi', '4.2 mi', '1.8 mi', '0.9 mi', '1.3 mi', '1.0 mi', '1.2 mi'], 'Grades': ['PK–4', '5–8', '9–12', 'PK–4', '5–8', '11–12', '9–12', 'PK–12']}, 'name': ['J. E. Moss Elementary School', 'Apollo Middle School', 'Antioch High School', 'Cole Elementary School', 'Antioch Middle School', 'The Academy at Hickory Hollow School', 'Nashville Academy Private School', 'Lighthouse Christian Private School']}]",1422,37013,4.0,TN,2.00,,,2094096,"$289,900"
for sale,,townhouse,1217 W Porter St,2 Baths,"{'atAGlanceFacts': [{'factValue': '1935', 'factLabel': 'Year built'}, {'factValue': '', 'factLabel': 'Remodeled year'}, {'factValue': 'Other', 'factLabel': 'Heating'}, {'factValue': 'Wall', 'factLabel': 'Cooling'}, {'factValue': '', 'factLabel': 'Parking'}, {'factValue': '810 sqft', 'factLabel': 'lotsize'}, {'factValue': '$213/sqft', 'factLabel': 'Price/sqft'}]}",,Philadelphia,"[{'rating': ['5/10', '1/10'], 'data': {'Distance': ['0.03mi', '0.29mi'], 'Grades': ['K-5', '9-12']}, 'name': ['Jenks Abram School', 'South Philadelphia High School']}]","1,216 sqft",19148,3 Beds,PA,2.0,,,PAPH856730,"$259,000"
Active,,Single Family Home,13580 SW 51st Ln,3,"{'atAGlanceFacts': [{'factValue': '2007', 'factLabel': 'Year built'}, {'factValue': '', 'factLabel': 'Remodeled year'}, {'factValue': 'Central Electric', 'factLabel': 'Heating'}, {'factValue': 'Ceiling Fan, Central Electric', 'factLabel': 'Cooling'}, {'factValue': '', 'factLabel': 'Parking'}, {'factValue': '50530', 'factLabel': 'lotsize'}, {'factValue': '$150', 'factLabel': 'Price/sqft'}]}",Special Features,Ocala,"[{'rating': ['3', '5', '3', '3', '5', '6'], 'data': {'Distance': ['6.2 mi', '9.5 mi', '6.0 mi', '6.3 mi', '9.5 mi', '5.9 mi'], 'Grades': ['PK–5', '6–8', '9–12', 'K–5', '6–8', '9–12']}, 'name': ['Dunnellon Elementary School', 'Dunnellon Middle School', 'Dunnellon High School', 'Romeo Elementary School', 'Liberty Middle School', 'West Port High School']}]",2521,34481,3,FL,1,,,561026,"$379,000"
For sale,,Condo,444 NW 1st Ave APT 404,2,"{'atAGlanceFacts': [{'factValue': '2005', 'factLabel': 'Year built'}, {'factValue': '2006', 'factLabel': 'Remodeled year'}, {'factValue': 'Forced air', 'factLabel': 'Heating'}, {'factValue': 'Central', 'factLabel': 'Cooling'}, {'factValue': 'No Data', 'factLabel': 'Parking'}, {'factValue': None, 'factLabel': 'lotsize'}, {'factValue': '$415', 'factLabel': 'Price/sqft'}]}",,Fort Lauderdale,"[{'rating': ['2/10', '5/10', '7/10'], 'data': {'Distance': ['0.7 mi', '1.6 mi', '1.4 mi'], 'Grades': ['PK-5', '6-8', '9-12']}, 'name': ['Walker Elementary School (Magnet)', 'Sunrise Middle School', 'Fort Lauderdale High School']}]","2,227",33301,2,FL,6.0,,,F10204788,"$925,000"
For sale,,Single Family,1914 Cumberland Dr,3 ba,"{'atAGlanceFacts': [{'factValue': '1979', 'factLabel': 'Year built'}, {'factValue': '', 'factLabel': 'Remodeled year'}, {'factValue': 'Forced air', 'factLabel': 'Heating'}, {'factValue': 'Central', 'factLabel': 'Cooling'}, {'factValue': '1 space', 'factLabel': 'Parking'}, {'factValue': '6,403 sqft', 'factLabel': 'lotsize'}, {'factValue': '$328', 'factLabel': 'Price/sqft'}]}",,West Covina,"[{'rating': ['4/10', '2/10', '5/10'], 'data': {'Distance': ['1.6 mi', '1.6 mi', '2.4 mi'], 'Grades': ['K-6', '7-8', '9-12']}, 'name': ['Northam Elementary School', 'Giano Intermediate School', 'Nogales High School']}]","2,131 sqft",91792,4 bd,CA,,CV19263394,,,"$699,000"
For sale,Yes,Single Family,2720 Eagle Springs Ct,Bathrooms: 3,"{'atAGlanceFacts': [{'factValue': '1986', 'factLabel': 'Year built'}, {'factValue': '1986', 'factLabel': 'Remodeled year'}, {'factValue': 'Forced air', 'factLabel': 'Heating'}, {'factValue': 'Central', 'factLabel': 'Cooling'}, {'factValue': '1 space', 'factLabel': 'Parking'}, {'factValue': '6,534 sqft lot', 'factLabel': 'lotsize'}, {'factValue': '$209', 'factLabel': 'Price/sqft'}]}",,Las Vegas,"[{'rating': ['6/10', '6/10', '4/10'], 'data': {'Distance': ['0.3 mi', '2.2 mi', '2.5 mi'], 'Grades': ['PK-5', '6-8', '9-12']}, 'name': ['M J Christensen Elementary School', 'Clifford J Lawrence Junior High School', 'Spring Valley High School']}]","Total interior livable area: 2,148 sqft",89117,4 bd,NV,2.0,2154186,,,"$449,500"
Active,,,MLS #: DEGI3471965,,"{'atAGlanceFacts': [{'factValue': '', 'factLabel': 'Year built'}, {'factValue': '', 'factLabel': 'Remodeled year'}, {'factValue': '', 'factLabel': 'Heating'}, {'factValue': '', 'factLabel': 'Cooling'}, {'factValue': '', 'factLabel': 'Parking'}, {'factValue': '—', 'factLabel': 'lotsize'}, {'factValue': None, 'factLabel': 'Price/sqft'}]}",,New York,"[{'rating': ['10', '8', '9', '8', '8'], 'data': {'Distance': ['0.4 mi', '1.5 mi', '1.8 mi', '1.7 mi', '1.8 mi'], 'Grades': ['Preschool to 5', '6 to 8', '6 to 8', '6 to 11', '9 to 12']}, 'name': ['PS 59 Beekman Hill International', 'Junior High School 104 Simon Baruch', 'Nyc Lab Middle School For Collaborative Studies', 'Middle School 260 Clinton School Writers And Artists', 'Nyc Lab High School For Collaborative Studies']}]",,10022,,NY,,,,DEGI3471965,"1,725,000"
for sale,,condo,451 E Grand Ave #65,6 Baths,"{'atAGlanceFacts': [{'factValue': '2019', 'factLabel': 'Year built'}, {'factValue': '', 'factLabel': 'Remodeled year'}, {'factValue': 'Forced Air', 'factLabel': 'Heating'}, {'factValue': 'Central', 'factLabel': 'Cooling'}, {'factValue': 'Attached Garage', 'factLabel': 'Parking'}, {'factValue': '', 'factLabel': 'lotsize'}, {'factValue': '$2,000/sqft', 'factLabel': 'Price/sqft'}]}",,Chicago,"[{'rating': ['1/10', '4/10', '7/10'], 'data': {'Distance': ['6.89mi', '2.71mi', '0.87mi'], 'Grades': ['9-12', '9-12', 'PK-8']}, 'name': ['Hope College Prep High School', 'Wells Community Academy High School', 'Ogden Elementary School']}]","7,587 sqft",60611,4 Beds,IL,9.0,,yes,10470503,"$15,174,000"
for sale,,single-family home,9019 Jena Rd,2 Baths,"{'atAGlanceFacts': [{'factValue': '1983', 'factLabel': 'Year built'}, {'factValue': '1983', 'factLabel': 'Remodeled year'}, {'factValue': 'Other', 'factLabel': 'Heating'}, {'factValue': 'Central', 'factLabel': 'Cooling'}, {'factValue': 'Attached Garage', 'factLabel': 'Parking'}, {'factValue': '0.37 acres', 'factLabel': 'lotsize'}, {'factValue': '$110/sqft', 'factLabel': 'Price/sqft'}]}",,Spring Hill,"[{'rating': ['5/10', '4/10', '4/10'], 'data': {'Distance': ['8.21mi', '0.86mi', '3.0mi'], 'Grades': ['9-12', 'PK-5', '6-8']}, 'name': ['Central High School', 'Deltona Elementary School', 'Fox Chapel Middle School']}]","1,548 sqft",34608,3 Beds,FL,,,yes,T3207734,"$169,900"
Active,,"Single Detached, Traditional",7335 La Sobrina Dr ,"2,250","{'atAGlanceFacts': [{'factValue': '1971', 'factLabel': 'Year built'}, {'factValue': '1971', 'factLabel': 'Remodeled year'}, {'factValue': '', 'factLabel': 'Heating'}, {'factValue': 'Central A/C (Electric), Central Heat (Gas)', 'factLabel': 'Cooling'}, {'factValue': '', 'factLabel': 'Parking'}, {'factValue': '8,520 Sq. Ft.', 'factLabel': 'lotsize'}, {'factValue': '$211 / Sq. Ft.', 'factLabel': 'Price/sqft'}]}",1,Dallas,"[{'rating': ['9', '10', '7', '8', '5', '7'], 'data': {'Distance': ['0.3 mi', '1.1 mi', '0.6 mi', '0.7 mi', '0.9 mi', '1.5 mi'], 'Grades': ['Preschool to 6', 'Preschool to 6', '7 to 8', '7 to 8', '9 to 12', '9 to 12']}, 'name': ['Bowie Elementary School', 'Mohawk Elementary School', 'Westwood Math Science Leadership M', 'Parkhill J High School', 'Pearce High School', 'Richardson High School']}]","2,754",75248,Baths,TX,,,,14206610,"580,000"
,,Single Family,5903 Rutherglenn Dr,3,"{'atAGlanceFacts': [{'factValue': '1968', 'factLabel': 'Year built'}, {'factValue': '1968', 'factLabel': 'Remodeled year'}, {'factValue': 'Other', 'factLabel': 'Heating'}, {'factValue': 'Central', 'factLabel': 'Cooling'}, {'factValue': '2 spaces', 'factLabel': 'Parking'}, {'factValue': '10,336 sqft', 'factLabel': 'lotsize'}, {'factValue': '$166', 'factLabel': 'Price/sqft'}]}",,Houston,"[{'rating': ['4/10', '5/10', '3/10'], 'data': {'Distance': ['0.6 mi', '0.7 mi', '1.6 mi'], 'Grades': ['PK-5', '6-8', '9-12']}, 'name': ['Elrod Elementary School', 'Fondren Middle School', 'Westbury High School']}]","2,364",77096,4,TX,1.0,,,80651501,"$392,999"
for sale,,condo,77 Greenwich St #30A,4 Baths,"{'atAGlanceFacts': [{'factValue': '2019', 'factLabel': 'Year built'}, {'factValue': '', 'factLabel': 'Remodeled year'}, {'factValue': '', 'factLabel': 'Heating'}, {'factValue': 'Central', 'factLabel': 'Cooling'}, {'factValue': '', 'factLabel': 'Parking'}, {'factValue': '', 'factLabel': 'lotsize'}, {'factValue': '$2,509/sqft', 'factLabel': 'Price/sqft'}]}",,New York,"[{'rating': ['9/10', '8/10', '3/10', '8/10', '9/10', '8/10'], 'data': {'Distance': ['2.48mi', '2.48mi', '6.3mi', '2.26mi', '0.16mi', '2.6mi'], 'Grades': ['6-8', '9-12', '6-12', '6-11', '6-8', '6-8']}, 'name': ['Nyc Lab Ms For Collaborative Studies', 'Nyc Lab High School For Collaborative Studies', 'Life Sciences Secondary School', 'Ms 260 Clinton School Writers And Artists', 'Lower Manhattan Community Middle School', 'Jhs 104 Simon Baruch']}]","1,983 sqft",10006,3 Beds,NY,,,,,"$4,975,000"
for sale,,single-family home,2208 Elliott Ave #B,4 Baths,"{'atAGlanceFacts': [{'factValue': '2019', 'factLabel': 'Year built'}, {'factValue': '', 'factLabel': 'Remodeled year'}, {'factValue': 'Forced Air', 'factLabel': 'Heating'}, {'factValue': 'Central', 'factLabel': 'Cooling'}, {'factValue': 'Attached Garage', 'factLabel': 'Parking'}, {'factValue': '871 sqft', 'factLabel': 'lotsize'}, {'factValue': '$326/sqft', 'factLabel': 'Price/sqft'}]}",,Nashville,"[{'rating': ['4/10', '5/10'], 'data': {'Distance': ['2.35mi', '2.03mi'], 'Grades': ['9-12', '5-8']}, 'name': ['Hillsboro High School', 'John T. Moore Middle School']}]","1,840 sqft",37204,4 Beds,TN,3.0,,,2102682,"$599,000"
Active,,,6281 SW 5th Ct ,,"{'atAGlanceFacts': [{'factValue': '1962', 'factLabel': 'Year built'}, {'factValue': '', 'factLabel': 'Remodeled year'}, {'factValue': '', 'factLabel': 'Heating'}, {'factValue': '', 'factLabel': 'Cooling'}, {'factValue': '', 'factLabel': 'Parking'}, {'factValue': '0.31 Acres', 'factLabel': 'lotsize'}, {'factValue': '$221 / Sq. Ft.', 'factLabel': 'Price/sqft'}]}",,Plantation,"[{'rating': ['7', '6', '5'], 'data': {'Distance': ['0.7 mi', '1.0 mi', '1.2 mi'], 'Grades': ['Preschool to 5', '6 to 8', '9 to 12']}, 'name': ['Plantation Park Elementary School', 'Seminole Middle School', 'South Plantation High School']}]","1,949",33317,,FL,,,,F10199208,"429,999"
for sale,,condo,4600 Kingfish Ln #604,2 Baths,"{'atAGlanceFacts': [{'factValue': '1984', 'factLabel': 'Year built'}, {'factValue': '1984', 'factLabel': 'Remodeled year'}, {'factValue': '', 'factLabel': 'Heating'}, {'factValue': '', 'factLabel': 'Cooling'}, {'factValue': '', 'factLabel': 'Parking'}, {'factValue': '', 'factLabel': 'lotsize'}, {'factValue': '$269/sqft', 'factLabel': 'Price/sqft'}]}",,Panama City Beach,"[{'rating': ['6/10', '8/10', '7/10'], 'data': {'Distance': ['8.74mi', '2.91mi', '6.69mi'], 'Grades': ['6-8', 'PK-5', 'PK-12']}, 'name': ['Surfside Middle School', 'Patronis Elementary School', 'J.R. Arnold High School']}]","1,273 sqft",32408,2 Beds,FL,,,yes,691633,"$342,900"
,,Single Family,848 E 47th St,1.0,"{'atAGlanceFacts': [{'factValue': '1942', 'factLabel': 'Year built'}, {'factValue': '1969', 'factLabel': 'Remodeled year'}, {'factValue': 'Forced air', 'factLabel': 'Heating'}, {'factValue': 'Central', 'factLabel': 'Cooling'}, {'factValue': '2 spaces', 'factLabel': 'Parking'}, {'factValue': '6,098 sqft', 'factLabel': 'lotsize'}, {'factValue': None, 'factLabel': 'Price/sqft'}]}",Yes,Tacoma,"[{'rating': ['3/10', '2/10', '3/10'], 'data': {'Distance': ['0.4 mi', '0.8 mi', '1.6 mi'], 'Grades': ['PK-5', '6-8', '9-12']}, 'name': ['Sheridan', 'First Creek Middle School', 'Lincoln']}]",800 sqft,98404,2,WA,1,,,,"$190,232"
for sale,,condo,3301 NE 1st Ave #H1907,2 Baths,"{'atAGlanceFacts': [{'factValue': '2008', 'factLabel': 'Year built'}, {'factValue': '2008', 'factLabel': 'Remodeled year'}, {'factValue': 'Forced Air', 'factLabel': 'Heating'}, {'factValue': 'Central', 'factLabel': 'Cooling'}, {'factValue': 'Attached Garage', 'factLabel': 'Parking'}, {'factValue': '', 'factLabel': 'lotsize'}, {'factValue': '$338/sqft', 'factLabel': 'Price/sqft'}]}",,Miami,"[{'rating': ['2/10', '4/10', '10/10', '2/10', 'None/10'], 'data': {'Distance': ['0.72mi', '0.7mi', '23.91mi', '1.66mi', '18.91mi'], 'Grades': ['6-8', 'PK-5', 'PK-8', '9-12', 'K-9']}, 'name': ['Jose De Diego Middle School', 'Eneida M. Hartner Elementary School', 'Air Base Elementary School', 'Booker T. Washington Senior High School', 'Robert Morgan Voc-Tech Institute']}]","1,181 sqft",33137,2 Beds,FL,,,,A10769183,"$399,000"
Active,,Land,34 Fircrest Ln,,"{'atAGlanceFacts': [{'factValue': '', 'factLabel': 'Year built'}, {'factValue': '', 'factLabel': 'Remodeled year'}, {'factValue': '', 'factLabel': 'Heating'}, {'factValue': '', 'factLabel': 'Cooling'}, {'factValue': '', 'factLabel': 'Parking'}, {'factValue': '0.23', 'factLabel': 'lotsize'}, {'factValue': None, 'factLabel': 'Price/sqft'}]}",,Palm Coast,"[{'rating': ['7', '6', '5', '2', 'NR', '6', 'NR'], 'data': {'Distance': ['9.1 mi', '1.9 mi', '0.4 mi', '1.7 mi', '3.0 mi', '8.3 mi', '3.3 mi'], 'Grades': ['PK–6', '7–8', '9–12', 'K–5', '9–12', 'PK–8']}, 'name': ['Old Kings Elementary School', 'Indian Trails Middle School', 'Matanzas High School', 'Palm Harbor Academy School', 'Flagler County Adult School', 'Flagler-Palm Coast High School', 'St Elizabeth Ann Seton Catholic Private School']}]",0,32137,,FL,,,,252153,"$32,000"
For sale,,Single Family,551 Willow Grove Dr,2,"{'atAGlanceFacts': [{'factValue': '2004', 'factLabel': 'Year built'}, {'factValue': None, 'factLabel': 'Remodeled year'}, {'factValue': 'Forced air', 'factLabel': 'Heating'}, {'factValue': 'Central', 'factLabel': 'Cooling'}, {'factValue': '2 spaces', 'factLabel': 'Parking'}, {'factValue': '9,583 sqft', 'factLabel': 'lotsize'}, {'factValue': '$157', 'factLabel': 'Price/sqft'}]}",Not Applicable,San Antonio,"[{'rating': ['8/10', '5/10', '4/10'], 'data': {'Distance': ['0.3 mi', '2 mi', '1.7 mi'], 'Grades': ['PK-5', '6-8', '9-12']}, 'name': ['Forester Elementary School', 'Vale Middle School', 'Stevens High School']}]","1,246",78245,3,TX,1.0,,,1426445,"$195,000"
Active,,Single Family Home,260 NW Royal Dr,1.5,"{'atAGlanceFacts': [{'factValue': '1960', 'factLabel': 'Year built'}, {'factValue': '', 'factLabel': 'Remodeled year'}, {'factValue': 'Central, Electric', 'factLabel': 'Heating'}, {'factValue': 'Central, Electric', 'factLabel': 'Cooling'}, {'factValue': '', 'factLabel': 'Parking'}, {'factValue': '14375', 'factLabel': 'lotsize'}, {'factValue': '$96', 'factLabel': 'Price/sqft'}]}",,Cleveland,"[{'rating': ['5', '5', '5', 'NR', 'NR', 'NR'], 'data': {'Distance': ['2.5 mi', '2.2 mi', '0.9 mi', '0.9 mi', '0.5 mi', '1.6 mi'], 'Grades': ['PK–5', '6–8', '9–12', 'PK–2', 'PK–8', 'PK–10']}, 'name': ['Arnold School', 'Cleveland Middle School', 'Cleveland High School', 'Donald P Yates Prim School', 'Bowman Hills Private School', 'Harvest Chr Academy Private School']}]",1200,37312,3.0,TN,,,,1310740,"$114,900"
For sale,,Single Family,1788 NE Kaden Ct LOT 28,Bathrooms: 2,"{'atAGlanceFacts': [{'factValue': '2019', 'factLabel': 'Year built'}, {'factValue': '', 'factLabel': 'Remodeled year'}, {'factValue': 'Forced air', 'factLabel': 'Heating'}, {'factValue': '', 'factLabel': 'Cooling'}, {'factValue': '', 'factLabel': 'Parking'}, {'factValue': '7,727 sqft lot', 'factLabel': 'lotsize'}, {'factValue': '$243', 'factLabel': 'Price/sqft'}]}",Yes,Bend,"[{'rating': ['6/10', '6/10', '7/10'], 'data': {'Distance': ['0.6 mi', '0.4 mi', '1.1 mi'], 'Grades': ['K-5', '6-8', '9-12']}, 'name': ['Juniper Elementary School', 'Pilot Butte Middle School', 'Mountain View Senior High School']}]","Total interior livable area: 1,979 sqft",97701,4 bd,OR,,201904336,,,"$479,990"
Active,,,1292 NE 105th St ,,"{'atAGlanceFacts': [{'factValue': '1991', 'factLabel': 'Year built'}, {'factValue': '1991', 'factLabel': 'Remodeled year'}, {'factValue': 'Central Air', 'factLabel': 'Heating'}, {'factValue': 'Has Cooling', 'factLabel': 'Cooling'}, {'factValue': '', 'factLabel': 'Parking'}, {'factValue': '—', 'factLabel': 'lotsize'}, {'factValue': '$266 / Sq. Ft.', 'factLabel': 'Price/sqft'}]}",,Miami Shores,"[{'rating': ['6', '10', 'NR', '3', '6'], 'data': {'Distance': ['3.3 mi', '28.4 mi', '23.2 mi', '2.2 mi', '3.5 mi'], 'Grades': ['Preschool to 8', 'Preschool to 8', 'K to 9', '6 to 8', '9 to 12']}, 'name': ['David Lawrence Jr. K-8 Center', 'Air Base Elementary School', 'Robert Morgan Voc-Tech Institute', 'North Miami Middle School', 'Alonzo And Tracy Mourning Senior High Biscayne Bay Campus']}]","1,200",33138,,FL,,,,A10687198,"319,500"
for sale,,single-family home,5438 Cedar Ash Xing #17,3 Baths,"{'atAGlanceFacts': [{'factValue': '2019', 'factLabel': 'Year built'}, {'factValue': '', 'factLabel': 'Remodeled year'}, {'factValue': 'Forced Air', 'factLabel': 'Heating'}, {'factValue': 'Central', 'factLabel': 'Cooling'}, {'factValue': '', 'factLabel': 'Parking'}, {'factValue': '601 sqft', 'factLabel': 'lotsize'}, {'factValue': '$156/sqft', 'factLabel': 'Price/sqft'}]}",,Antioch,"[{'rating': ['2/10', '1/10', '2/10'], 'data': {'Distance': ['2.64mi', '0.84mi', '0.62mi'], 'Grades': ['5-8', '9-12', 'PK, 1-4']}, 'name': ['Antioch Middle School', 'Cane Ridge High School', 'Cane Ridge Elementary School']}]","1,345 sqft",37013,3 Beds,TN,2.0,,,2085644,"$209,990"
Active,,"2 Stories, Traditional",108 Westcourt Ln ,,"{'atAGlanceFacts': [{'factValue': '1993', 'factLabel': 'Year built'}, {'factValue': '', 'factLabel': 'Remodeled year'}, {'factValue': 'Electric Heat, Natural Gas Heat', 'factLabel': 'Heating'}, {'factValue': 'Central Heating', 'factLabel': 'Cooling'}, {'factValue': '', 'factLabel': 'Parking'}, {'factValue': '6,419 Sq. Ft.', 'factLabel': 'lotsize'}, {'factValue': '$158 / Sq. Ft.', 'factLabel': 'Price/sqft'}]}",1,San Antonio,"[{'rating': ['9', '6', '7'], 'data': {'Distance': ['0.4 mi', '6.5 mi', '7.2 mi'], 'Grades': ['Preschool to 5', '6 to 8', '9 to 12']}, 'name': ['Leon Springs Elementary School', 'Rawlinson Middle School', 'Clark High School']}]","2,812",78257,,TX,,,,1424339,"445,000"
For sale,,Single Family,1570 Twin Oaks Rd,4.0,"{'atAGlanceFacts': [{'factValue': '1984', 'factLabel': 'Year built'}, {'factValue': '1984', 'factLabel': 'Remodeled year'}, {'factValue': 'Radiant', 'factLabel': 'Heating'}, {'factValue': 'Evaporative', 'factLabel': 'Cooling'}, {'factValue': '2 spaces', 'factLabel': 'Parking'}, {'factValue': '1.39 acres', 'factLabel': 'lotsize'}, {'factValue': '$226', 'factLabel': 'Price/sqft'}]}",,Reno,"[{'rating': ['10/10', '6/10', '8/10'], 'data': {'Distance': ['0.7 mi', '3.7 mi', '2.1 mi'], 'Grades': ['PK-6', '6-8', '9-12']}, 'name': ['Elizabeth Lenz Elementary School', 'Edward L Pine Middle School', 'Galena High School']}]","3,316",89511,3,NV,2,,,190016157,"$750,000"
Active,,Single Family Home,8 Palm Leaf Ln,2,"{'atAGlanceFacts': [{'factValue': '2004', 'factLabel': 'Year built'}, {'factValue': '', 'factLabel': 'Remodeled year'}, {'factValue': 'Central Heating', 'factLabel': 'Heating'}, {'factValue': 'Central Cooling', 'factLabel': 'Cooling'}, {'factValue': '', 'factLabel': 'Parking'}, {'factValue': None, 'factLabel': 'lotsize'}, {'factValue': '$113', 'factLabel': 'Price/sqft'}]}",,Palm Coast,"[{'rating': ['5', '4', '6', 'NR', '6', '5', 'NR', 'NR'], 'data': {'Distance': ['0.3 mi', '0.5 mi', '4.2 mi', '1.5 mi', '3.5 mi', '4.5 mi', '0.9 mi', '2.2 mi'], 'Grades': ['PK–6', '7–8', '9–12', '7–8', '9–12', 'PK–8', 'PK–12']}, 'name': ['Lewis E. Wadsworth Elementary School', 'Buddy Taylor Middle School', 'Flagler-Palm Coast High School', 'Flagler County Adult School', 'Indian Trails Middle School', 'Matanzas High School', 'St Elizabeth Ann Seton Catholic Private School', 'Palm Coast Christian Private School']}]",1903,32164,3,FL,,,,1008586,"$215,000"
for sale,,single-family home,4827 S Southridge Dr,3 Baths,"{'atAGlanceFacts': [{'factValue': '1963', 'factLabel': 'Year built'}, {'factValue': '', 'factLabel': 'Remodeled year'}, {'factValue': '', 'factLabel': 'Heating'}, {'factValue': '', 'factLabel': 'Cooling'}, {'factValue': '', 'factLabel': 'Parking'}, {'factValue': '0.28 acres', 'factLabel': 'lotsize'}, {'factValue': '$90/sqft', 'factLabel': 'Price/sqft'}]}",,Taylorsville,"[{'rating': ['4/10', '2/10', '4/10'], 'data': {'Distance': ['0.46mi', '1.45mi', '0.62mi'], 'Grades': ['PK-6', '9-12', '7-9']}, 'name': ['David Gourley School', 'Kearns High School', 'Kearns Jr High School']}]","3,792 sqft",84129,6 Beds,UT,,,,1641075,"$340,000"
For sale,,Condo,819 High St APT 102,Bathrooms: 1,"{'atAGlanceFacts': [{'factValue': '1979', 'factLabel': 'Year built'}, {'factValue': '', 'factLabel': 'Remodeled year'}, {'factValue': 'Baseboard', 'factLabel': 'Heating'}, {'factValue': '', 'factLabel': 'Cooling'}, {'factValue': '1 space', 'factLabel': 'Parking'}, {'factValue': '-- sqft lot', 'factLabel': 'lotsize'}, {'factValue': '$404', 'factLabel': 'Price/sqft'}]}",,Bellingham,"[{'rating': ['5/10', '7/10', '9/10'], 'data': {'Distance': ['1.6 mi', '2.2 mi', '0.9 mi'], 'Grades': ['PK-5', '6-8', '9-12']}, 'name': ['Lowell Elementary School', 'Fairhaven Middle School', 'Sehome High School']}]",Total interior livable area: 616 sqft,98225,1 bd,WA,,1544090,,,"$249,000"
Active,,"Detached, Two Story",14843 SW 132nd Ave ,"1,000","{'atAGlanceFacts': [{'factValue': '1993', 'factLabel': 'Year built'}, {'factValue': '1993', 'factLabel': 'Remodeled year'}, {'factValue': 'Central Air, Ceiling Fan(s)', 'factLabel': 'Heating'}, {'factValue': 'Has Cooling', 'factLabel': 'Cooling'}, {'factValue': '', 'factLabel': 'Parking'}, {'factValue': '5,726 Sq. Ft.', 'factLabel': 'lotsize'}, {'factValue': '$170 / Sq. Ft.', 'factLabel': 'Price/sqft'}]}",,Miami,"[{'rating': ['7', '10', 'NR', '3', '3'], 'data': {'Distance': ['2.6 mi', '7.8 mi', '2.2 mi', '2.9 mi', '5.0 mi'], 'Grades': ['Preschool to 5', 'Preschool to 8', 'K to 9', '6 to 8', '9 to 12']}, 'name': ['Gloria Floyd Elementary School', 'Air Base Elementary School', 'Robert Morgan Voc-Tech Institute', 'Richmond Heights Middle School', 'Miami Sunset Senior High School']}]","2,415",33186,Baths,FL,,,,A10660034,"410,000"
Active,,"1 Story, Traditional",2011 Chaffin Way ,"4,000","{'atAGlanceFacts': [{'factValue': '2016', 'factLabel': 'Year built'}, {'factValue': '', 'factLabel': 'Remodeled year'}, {'factValue': 'Natural Gas Heat', 'factLabel': 'Heating'}, {'factValue': 'Central Heating', 'factLabel': 'Cooling'}, {'factValue': '', 'factLabel': 'Parking'}, {'factValue': '6,360 Sq. Ft.', 'factLabel': 'lotsize'}, {'factValue': '$162 / Sq. Ft.', 'factLabel': 'Price/sqft'}]}",,San Antonio,"[{'rating': ['8', 'NR', 'NR', 'NR', '8'], 'data': {'Distance': ['22.2 mi', '1.1 mi', '1.2 mi', '3.3 mi', '7.9 mi'], 'Grades': ['Preschool to 5', 'Preschool to 2', 'K to 12', 'Preschool to 12', '9 to 12']}, 'name': ['Kinder Ranch Elementary', 'Lighthouse Christian Learning Center', 'Living Rock Academy', 'Gloria Deo Academy', 'Smithson Valley High School']}]","2,065",78260,Baths,TX,,,,1416358,"333,900"
Active,,,1301 Arborvitae Ave ,,"{'atAGlanceFacts': [{'factValue': '', 'factLabel': 'Year built'}, {'factValue': '', 'factLabel': 'Remodeled year'}, {'factValue': '', 'factLabel': 'Heating'}, {'factValue': '', 'factLabel': 'Cooling'}, {'factValue': '', 'factLabel': 'Parking'}, {'factValue': '0.28 Acres', 'factLabel': 'lotsize'}, {'factValue': None, 'factLabel': 'Price/sqft'}]}",,Dallas,"[{'rating': ['5', '2', '2', '10'], 'data': {'Distance': ['1.3 mi', '2.1 mi', '1.9 mi', '4.8 mi'], 'Grades': ['Preschool to 5', '6 to 8', '9 to 12', '9 to 12']}, 'name': ['Roger Q Mills Elementary School', 'Oliver Wendell Holmes Humanities/c', 'Franklin D Roosevelt High School', ""Irma Lerma Rangel Young Women's Leadership School""]}]",,75224,,TX,,,,14175728,"35,000"
Active,,Ranch,625 Kendall Crossing Dr ,,"{'atAGlanceFacts': [{'factValue': '2018', 'factLabel': 'Year built'}, {'factValue': '2018', 'factLabel': 'Remodeled year'}, {'factValue': '', 'factLabel': 'Heating'}, {'factValue': '', 'factLabel': 'Cooling'}, {'factValue': '', 'factLabel': 'Parking'}, {'factValue': '6,750 Sq. Ft.', 'factLabel': 'lotsize'}, {'factValue': '$156 / Sq. Ft.', 'factLabel': 'Price/sqft'}]}",,St Johns,"[{'rating': ['NR', 'NR', '8'], 'data': {'Distance': ['18.3 mi', '18.3 mi', '2.3 mi'], 'Grades': ['K to 9', '6 to 12', '9 to 12']}, 'name': ['First Coast Technical Institute', 'St. Johns Technical High School', 'Bartram Trail High School']}]","1,860",32259,,FL,,,,1007779,"290,000"
for sale,,lot/land,13909 NW Germantown Rd,,"{'atAGlanceFacts': [{'factValue': '2009', 'factLabel': 'Year built'}, {'factValue': '', 'factLabel': 'Remodeled year'}, {'factValue': 'Forced Air', 'factLabel': 'Heating'}, {'factValue': 'Central', 'factLabel': 'Cooling'}, {'factValue': 'Attached Garage', 'factLabel': 'Parking'}, {'factValue': '5.48 acres', 'factLabel': 'lotsize'}, {'factValue': '$178/sqft', 'factLabel': 'Price/sqft'}]}",yes,Portland,"[{'rating': ['8/10', '6/10'], 'data': {'Distance': ['7.87mi', '2.29mi'], 'Grades': ['9-12', 'K-8']}, 'name': ['Lincoln High School', 'Skyline Elementary School']}]","5,024 sqft",97231,,OR,,,,19161822,"$895,000"
for sale,,multi-family,847 E 18th St,4 Baths,"{'atAGlanceFacts': [{'factValue': '1916', 'factLabel': 'Year built'}, {'factValue': '1916', 'factLabel': 'Remodeled year'}, {'factValue': 'Gas', 'factLabel': 'Heating'}, {'factValue': 'Central', 'factLabel': 'Cooling'}, {'factValue': 'Detached Garage', 'factLabel': 'Parking'}, {'factValue': '4,000 sqft', 'factLabel': 'lotsize'}, {'factValue': '$398/sqft', 'factLabel': 'Price/sqft'}]}",,Oakland,"[{'rating': ['4/10', '3/10', '3/10'], 'data': {'Distance': ['0.13mi', '0.9mi', '0.64mi'], 'Grades': ['K-5', '9-12', '6-8']}, 'name': ['Franklin Elementary School', 'Oakland High School', 'Roosevelt Middle School']}]","2,762 sqft",94606,4 Beds,CA,,,,40878176,"$1,099,000"
Auction,,Single Family,1220 Johnson Dr 148 Aka 148 Flamingo Way # 148,Bathrooms: 2,"{'atAGlanceFacts': [{'factValue': '1981', 'factLabel': 'Year built'}, {'factValue': '', 'factLabel': 'Remodeled year'}, {'factValue': '', 'factLabel': 'Heating'}, {'factValue': '', 'factLabel': 'Cooling'}, {'factValue': '', 'factLabel': 'Parking'}, {'factValue': '3,920 sqft lot', 'factLabel': 'lotsize'}, {'factValue': '', 'factLabel': 'Price/sqft'}]}",,Ventura,"[{'rating': ['7/10', '5/10', '6/10'], 'data': {'Distance': ['0.4 mi', '1.8 mi', '0.3 mi'], 'Grades': ['K-5', '6-8', '9-12']}, 'name': ['Poinsettia Elementary School', 'Anacapa Middle School', 'Buena High School']}]","Total interior livable area: 1,440 sqft",93003,2 bd,CA,,,,,"$197,371"
Active,,Single Family Home,7519 26th Ave NW,3,"{'atAGlanceFacts': [{'factValue': '1994', 'factLabel': 'Year built'}, {'factValue': '', 'factLabel': 'Remodeled year'}, {'factValue': '', 'factLabel': 'Heating'}, {'factValue': '', 'factLabel': 'Cooling'}, {'factValue': 'Off street parking', 'factLabel': 'Parking'}, {'factValue': '3920', 'factLabel': 'lotsize'}, {'factValue': '$399', 'factLabel': 'Price/sqft'}]}",1,Seattle,"[{'rating': ['8', '6', '9', '8', 'NR', '8', 'NR', 'NR'], 'data': {'Distance': ['0.2 mi', '1.0 mi', '0.8 mi', '0.7 mi', '2.4 mi', '3.0 mi', '0.1 mi', '0.5 mi'], 'Grades': ['K–5', '6–8', '9–12', 'K–8', '6–12', 'K–12', '6–12', 'PK–5']}, 'name': ['Loyal Heights Elementary School', 'Whitman Middle School', 'Ballard High School', 'Salmon Bay School', 'Education Service Centers School', 'Home School Resource Center', 'Wexford Private School', 'Matheia Private School']}]",2630,98117,4,WA,,,,1547130,"$1,049,000"
Active,,Single Family Home,607 Alba Dr,2,"{'atAGlanceFacts': [{'factValue': '2019', 'factLabel': 'Year built'}, {'factValue': '', 'factLabel': 'Remodeled year'}, {'factValue': 'Central Electric', 'factLabel': 'Heating'}, {'factValue': 'Central Electric', 'factLabel': 'Cooling'}, {'factValue': '', 'factLabel': 'Parking'}, {'factValue': '5796', 'factLabel': 'lotsize'}, {'factValue': '$140', 'factLabel': 'Price/sqft'}]}",No,Laredo,"[{'rating': [], 'data': {'Distance': [], 'Grades': []}, 'name': []}]",1768,78045,3,TX,1 Story,,,20193697,"$247,850"
Active,,Low-Rise (1-3 Stories),8915 Datapoint Dr Unit 45A ,,"{'atAGlanceFacts': [{'factValue': '1973', 'factLabel': 'Year built'}, {'factValue': '', 'factLabel': 'Remodeled year'}, {'factValue': 'Natural Gas Heat', 'factLabel': 'Heating'}, {'factValue': 'Central Heating', 'factLabel': 'Cooling'}, {'factValue': '', 'factLabel': 'Parking'}, {'factValue': '—', 'factLabel': 'lotsize'}, {'factValue': '$62 / Sq. Ft.', 'factLabel': 'Price/sqft'}]}",,San Antonio,"[{'rating': ['4', '5', '5'], 'data': {'Distance': ['0.6 mi', '3.3 mi', '3.3 mi'], 'Grades': ['Preschool to 5', '6 to 8', '9 to 12']}, 'name': ['Mead Elementary School', 'Rudder Middle School', 'Marshall High School']}]","2,021",78229,,TX,,,,1384831,"125,000"
Active,,Single Family Home,65 N Pointe Rd,2,"{'atAGlanceFacts': [{'factValue': '2006', 'factLabel': 'Year built'}, {'factValue': '', 'factLabel': 'Remodeled year'}, {'factValue': 'Central, Electric', 'factLabel': 'Heating'}, {'factValue': 'Central Electric', 'factLabel': 'Cooling'}, {'factValue': '', 'factLabel': 'Parking'}, {'factValue': '42253', 'factLabel': 'lotsize'}, {'factValue': '$130', 'factLabel': 'Price/sqft'}]}","Gas, Propane",Ringgold,"[{'rating': ['3', '6', '5', '6', '9', '7', 'NR', 'NR'], 'data': {'Distance': ['2.0 mi', '3.9 mi', '2.7 mi', '2.1 mi', '4.8 mi', '4.8 mi', '2.2 mi', '3.7 mi'], 'Grades': ['PK–5', '6–8', '9–12', 'PK–5', '6–8', '9–12', 'K–12', 'PK–1']}, 'name': ['West Side Elementary School', 'Lakeview Middle School', 'Lakeview-Fort Oglethorpe High School', 'Graysville Elementary School', 'Heritage Middle School', 'Heritage High School', 'Battlefield Parkway Christian Private School', 'Annoor Academy Private School']}]",2997,30736,3.0,GA,,,,20196546,"$389,900"
,,Condo,1000 Brickell Ave # 2215,3.0,"{'atAGlanceFacts': [{'factValue': '2019', 'factLabel': 'Year built'}, {'factValue': None, 'factLabel': 'Remodeled year'}, {'factValue': 'Other', 'factLabel': 'Heating'}, {'factValue': 'Other', 'factLabel': 'Cooling'}, {'factValue': '1 space', 'factLabel': 'Parking'}, {'factValue': None, 'factLabel': 'lotsize'}, {'factValue': 'No Data', 'factLabel': 'Price/sqft'}]}",,Miami,"[{'rating': ['10/10', '2/10'], 'data': {'Distance': ['20.3 mi', '1.6 mi'], 'Grades': ['PK-8', '9-12']}, 'name': ['Air Base Elementary School', 'Booker T. Washington Senior High School']}]",--,33131,2,FL,,,," 2215, Miami, FL 33131","$1,100,000"
A Active,,Single Family Home,122 Black Creek Rd,1,"{'atAGlanceFacts': [{'factValue': '1972', 'factLabel': 'Year built'}, {'factValue': '', 'factLabel': 'Remodeled year'}, {'factValue': 'Oil', 'factLabel': 'Heating'}, {'factValue': '', 'factLabel': 'Cooling'}, {'factValue': '', 'factLabel': 'Parking'}, {'factValue': '40511', 'factLabel': 'lotsize'}, {'factValue': '$69', 'factLabel': 'Price/sqft'}]}",,Newport,"[{'rating': ['6', '6'], 'data': {'Distance': ['5.2 mi', '5.2 mi'], 'Grades': ['K–6', '7–12']}, 'name': ['West Canada Valley Elementary School', 'West Canada Valley Junior Senior High School']}]",728,13416,2.0,NY,1.0000,,,S1234101,"$49,900"
Under Contract Show,,Land,13812 Lake Bluff Dr,,"{'atAGlanceFacts': [{'factValue': '', 'factLabel': 'Year built'}, {'factValue': '', 'factLabel': 'Remodeled year'}, {'factValue': '', 'factLabel': 'Heating'}, {'factValue': '', 'factLabel': 'Cooling'}, {'factValue': '', 'factLabel': 'Parking'}, {'factValue': '18295', 'factLabel': 'lotsize'}, {'factValue': None, 'factLabel': 'Price/sqft'}]}",,Matthews,"[{'rating': ['10', '5', '6', '5', '7', '7', 'NR', 'NR'], 'data': {'Distance': ['2.7 mi', '1.6 mi', '3.9 mi', '1.7 mi', '2.7 mi', '1.8 mi', '1.7 mi', '2.3 mi'], 'Grades': ['K–5', '6–8', '9–12', 'K–12', '6–8', '9–12', '9–12', '2–7']}, 'name': ['Bain Elementary School', 'Mint Hill Middle School', 'Independence High School', 'Queens Grant Community School', 'Crestdale Middle School', 'David W Butler High School', 'Greyfriars Classical Academy Private School', 'Shands Private School']}]",0,28105,,NC,Lot,,,3561488,"$10,000"
foreclosure,,single-family home,8029 S Escanaba Ave,2 Baths,"{'atAGlanceFacts': [{'factValue': '1893', 'factLabel': 'Year built'}, {'factValue': '', 'factLabel': 'Remodeled year'}, {'factValue': 'Forced Air', 'factLabel': 'Heating'}, {'factValue': '', 'factLabel': 'Cooling'}, {'factValue': 'None', 'factLabel': 'Parking'}, {'factValue': '3049 sqft', 'factLabel': 'lotsize'}, {'factValue': '$24/sqft', 'factLabel': 'Price/sqft'}]}",,Chicago,"[{'rating': ['2/10', '1/10'], 'data': {'Distance': ['0.35mi', '5.45mi'], 'Grades': ['PK-8', '9-12']}, 'name': ['Ninos Heroes Elementary Academic Center', 'Hope College Prep High School']}]","1,980 sqft",60617,5 Beds,IL,,,,,"$47,560"
foreclosure,,single-family home,7710 S Rhodes Ave,,"{'atAGlanceFacts': [{'factValue': '1918', 'factLabel': 'Year built'}, {'factValue': '', 'factLabel': 'Remodeled year'}, {'factValue': '', 'factLabel': 'Heating'}, {'factValue': '', 'factLabel': 'Cooling'}, {'factValue': 'Detached Garage', 'factLabel': 'Parking'}, {'factValue': '3,125 sqft', 'factLabel': 'lotsize'}, {'factValue': '$41/sqft', 'factLabel': 'Price/sqft'}]}",,Chicago,"[{'rating': ['1/10', '2/10', '1/10'], 'data': {'Distance': ['0.51mi', '0.35mi', '3.1mi'], 'Grades': ['9-12', 'PK-8', '9-12']}, 'name': ['Hirsch Metropolitan High School', 'Ruggles Elementary School', 'Hope College Prep High School']}]",924 sqft,60619,2 Beds,IL,,,,10495177,"$37,500"
for sale,,single-family home,1436 N Alabama St,3 Baths,"{'atAGlanceFacts': [{'factValue': '1890', 'factLabel': 'Year built'}, {'factValue': '1950', 'factLabel': 'Remodeled year'}, {'factValue': 'Other', 'factLabel': 'Heating'}, {'factValue': 'Central', 'factLabel': 'Cooling'}, {'factValue': 'Detached Garage', 'factLabel': 'Parking'}, {'factValue': '8,015 sqft', 'factLabel': 'lotsize'}, {'factValue': '$206/sqft', 'factLabel': 'Price/sqft'}]}",,Indianapolis,"[{'rating': ['1/10', '1/10'], 'data': {'Distance': ['1.47mi', '1.27mi'], 'Grades': ['PK-6', '9-12']}, 'name': ['Washington Irving School 14', 'Arsenal Technical High School']}]","4,246 sqft",46202,4 Beds,IN,,,,21664525,"$875,000"
Pre-foreclosure,,Single Family,Broward St,,"{'atAGlanceFacts': [{'factValue': '', 'factLabel': 'Year built'}, {'factValue': '', 'factLabel': 'Remodeled year'}, {'factValue': '', 'factLabel': 'Heating'}, {'factValue': '', 'factLabel': 'Cooling'}, {'factValue': '', 'factLabel': 'Parking'}, {'factValue': '5,967 sqft', 'factLabel': 'lotsize'}, {'factValue': '', 'factLabel': 'Price/sqft'}]}",,Jacksonville,"[{'rating': ['2/10', '2/10', '4/10'], 'data': {'Distance': ['1.7 mi', '2.9 mi', '1.2 mi'], 'Grades': ['3-6', '6-8', '9-12']}, 'name': ['Susie E. Tolbert Elementary School', 'Northwestern Middle School', 'Robert E. Lee High School']}]",,32204,-- bd,FL,,,,,
Active,,Single Family Home,4922 Clearview Rd,2.5,"{'atAGlanceFacts': [{'factValue': '', 'factLabel': 'Year built'}, {'factValue': '', 'factLabel': 'Remodeled year'}, {'factValue': 'Forced Air', 'factLabel': 'Heating'}, {'factValue': 'Central Air', 'factLabel': 'Cooling'}, {'factValue': '', 'factLabel': 'Parking'}, {'factValue': '4792', 'factLabel': 'lotsize'}, {'factValue': '$154', 'factLabel': 'Price/sqft'}]}",,Garfield Heights,"[{'rating': ['4', '4', '3', '3', '2', '3', 'NR', 'NR'], 'data': {'Distance': ['0.8 mi', '1.5 mi', '1.1 mi', '0.9 mi', '1.5 mi', '2.2 mi', '0.6 mi', '1.1 mi'], 'Grades': ['PK–5', '6–8', '9–12', 'K–5', 'K–8', '6–11', '9–12', '5–8']}, 'name': ['William Foster Elementary School', 'Garfield Heights Middle School', 'Garfield Heights High School', 'Elmwood Elementary School', 'Harvard Avenue Performance Academy School', 'T2 Honors Academy School', 'Trinity Private School', 'Archbishop Lyke-St Timothy Campus Private School']}]",1300,44125,3.0,OH,2.00,,,4025881,"$200,000"
Pre-foreclosure,,Single Family,820 Victoria St,Bathrooms: 1,"{'atAGlanceFacts': [{'factValue': '1947', 'factLabel': 'Year built'}, {'factValue': '1947', 'factLabel': 'Remodeled year'}, {'factValue': 'Forced air', 'factLabel': 'Heating'}, {'factValue': 'Central', 'factLabel': 'Cooling'}, {'factValue': '', 'factLabel': 'Parking'}, {'factValue': '4,399 sqft', 'factLabel': 'lotsize'}, {'factValue': '', 'factLabel': 'Price/sqft'}]}",,Jacksonville,"[{'rating': ['1/10', '3/10', '3/10'], 'data': {'Distance': ['1 mi', '0.7 mi', '5.7 mi'], 'Grades': ['PK-2', '6-8', '9-12']}, 'name': ['John Love Elementary School', 'Matthew W. Gilbert Middle School', 'William M. Raines High School']}]",Total interior livable area: 814 sqft,32206,3 bd,FL,1.0,,,,"$33,906"
for sale,,townhouse,11211 Minnetta Ct,3 Baths,"{'atAGlanceFacts': [{'factValue': '2019', 'factLabel': 'Year built'}, {'factValue': '', 'factLabel': 'Remodeled year'}, {'factValue': 'Forced Air', 'factLabel': 'Heating'}, {'factValue': 'Central', 'factLabel': 'Cooling'}, {'factValue': 'Attached Garage', 'factLabel': 'Parking'}, {'factValue': '', 'factLabel': 'lotsize'}, {'factValue': '$137/sqft', 'factLabel': 'Price/sqft'}]}",,Jacksonville,"[{'rating': ['8/10', '5/10', '6/10'], 'data': {'Distance': ['5.18mi', '2.04mi', '0.67mi'], 'Grades': ['PK-5', '6-8', '9-12']}, 'name': ['Mandarin Oaks Elementary School', 'Twin Lakes Academy Middle School', 'Atlantic Coast High School']}]","1,937 sqft",32256,3 Beds,FL,2.0,,,1006579,"$264,990"
Active,,"1 Story, Contemporary",8907 Highland Gate ,,"{'atAGlanceFacts': [{'factValue': '2016', 'factLabel': 'Year built'}, {'factValue': '', 'factLabel': 'Remodeled year'}, {'factValue': 'Natural Gas Heat', 'factLabel': 'Heating'}, {'factValue': 'Central Heating', 'factLabel': 'Cooling'}, {'factValue': '', 'factLabel': 'Parking'}, {'factValue': '7,405 Sq. Ft.', 'factLabel': 'lotsize'}, {'factValue': '$146 / Sq. Ft.', 'factLabel': 'Price/sqft'}]}",1,San Antonio,"[{'rating': ['NR', '8', '8', '7'], 'data': {'Distance': ['0.6 mi', '1.3 mi', '1.4 mi', '2.7 mi'], 'Grades': ['Preschool to 5', 'Preschool to 5', '6 to 8', '6 to 8']}, 'name': ['Kallison Elementary School', 'Scarborough Elementary School', 'Folks Middle', 'Jefferson Middle School']}]","2,555",78254,,TX,,,,1418342,"373,500"
Active,,"Rancher, Raised Ranch",4217 Shell St ,"2,000","{'atAGlanceFacts': [{'factValue': '1966', 'factLabel': 'Year built'}, {'factValue': '', 'factLabel': 'Remodeled year'}, {'factValue': '', 'factLabel': 'Heating'}, {'factValue': '', 'factLabel': 'Cooling'}, {'factValue': '', 'factLabel': 'Parking'}, {'factValue': '4,000 Sq. Ft.', 'factLabel': 'lotsize'}, {'factValue': '$158 / Sq. Ft.', 'factLabel': 'Price/sqft'}]}",,Capitol Heights,"[{'rating': ['2', '3', '2'], 'data': {'Distance': ['0.3 mi', '1.3 mi', '1.5 mi'], 'Grades': ['Preschool to 6', '7 to 8', '9 to 12']}, 'name': ['Bradbury Heights Elementary School', 'Drew Freeman Middle School', 'Suitland High School']}]","1,840",20743,Baths,MD,,,,MDPG540794,"290,000"
Active,,Single Family Home,1024 Dali Blvd.,3.5,"{'atAGlanceFacts': [{'factValue': '', 'factLabel': 'Year built'}, {'factValue': '', 'factLabel': 'Remodeled year'}, {'factValue': '', 'factLabel': 'Heating'}, {'factValue': '', 'factLabel': 'Cooling'}, {'factValue': '', 'factLabel': 'Parking'}, {'factValue': None, 'factLabel': 'lotsize'}, {'factValue': '$141', 'factLabel': 'Price/sqft'}]}",,Mount Holly,"[{'rating': ['6', '6', '5', '7', '7', '7', 'NR'], 'data': {'Distance': ['3.8 mi', '6.2 mi', '8.1 mi', '2.7 mi', '9.2 mi', '10.2 mi', '5.0 mi'], 'Grades': ['PK–5', '6–8', '9–12', 'K–12', '6–8', '9–12', 'PK–12']}, 'name': ['Pinewood Elementary School', 'Mount Holly Middle School', 'East Gaston High School', 'Mountain Island Charter School', 'Stanley Middle School', 'Stuart W. Cramer High School', 'Southlake Christian Academy Private School']}]","3,292",28120,3,NC,,,,161554830,"$464,900"
for sale,,lot/land,191 Whirlaway,,"{'atAGlanceFacts': [{'factValue': '', 'factLabel': 'Year built'}, {'factValue': '', 'factLabel': 'Remodeled year'}, {'factValue': '', 'factLabel': 'Heating'}, {'factValue': '', 'factLabel': 'Cooling'}, {'factValue': '', 'factLabel': 'Parking'}, {'factValue': '3.05 acres', 'factLabel': 'lotsize'}, {'factValue': None, 'factLabel': 'Price/sqft'}]}",,Austin,"[{'rating': ['8/10', '8/10'], 'data': {'Distance': ['4.59mi', '4.59mi'], 'Grades': ['PK-5', '6-8']}, 'name': ['Dripping Springs Elementary School', 'Dripping Springs Middle School']}]",,78737,,TX,,,,6322243,"$325,000"
for sale,,single-family home,6510 Augustus Magee,2 Baths,"{'atAGlanceFacts': [{'factValue': '', 'factLabel': 'Year built'}, {'factValue': '', 'factLabel': 'Remodeled year'}, {'factValue': '', 'factLabel': 'Heating'}, {'factValue': '', 'factLabel': 'Cooling'}, {'factValue': '', 'factLabel': 'Parking'}, {'factValue': '', 'factLabel': 'lotsize'}, {'factValue': '$98/sqft', 'factLabel': 'Price/sqft'}]}",,San Antonio,"[{'rating': ['2/10', '2/10', '2/10'], 'data': {'Distance': ['0.94mi', '1.07mi', '1.01mi'], 'Grades': ['6-8', 'PK-5', '9-12']}, 'name': ['Davis Middle School', 'Hirsch Elementary School', 'Houston High School']}]","1,880 sqft",78220,4 Beds,TX,2.0,,,,"$184,999"
for sale,,single-family home,1612 Mapleton Dr,2 Baths,"{'atAGlanceFacts': [{'factValue': '1961', 'factLabel': 'Year built'}, {'factValue': '1961', 'factLabel': 'Remodeled year'}, {'factValue': 'Forced Air', 'factLabel': 'Heating'}, {'factValue': 'Central', 'factLabel': 'Cooling'}, {'factValue': 'On Street', 'factLabel': 'Parking'}, {'factValue': '8,179 sqft', 'factLabel': 'lotsize'}, {'factValue': '$145/sqft', 'factLabel': 'Price/sqft'}]}",yes,Dallas,"[{'rating': ['4/10', '5/10', '4/10'], 'data': {'Distance': ['0.71mi', '1.27mi', '0.63mi'], 'Grades': ['9-12', 'PK-5', '6-8']}, 'name': ['Bryan Adams High School', 'Reinhardt Elementary School', 'W High Gaston Middle School']}]","1,797 sqft",75228,3 Beds,TX,1.0,,,14230818,"$259,900"
for sale,,condo,1180 N Federal Hwy #910,3 Baths,"{'atAGlanceFacts': [{'factValue': '2014', 'factLabel': 'Year built'}, {'factValue': '2017', 'factLabel': 'Remodeled year'}, {'factValue': 'Forced Air', 'factLabel': 'Heating'}, {'factValue': 'Central', 'factLabel': 'Cooling'}, {'factValue': '', 'factLabel': 'Parking'}, {'factValue': '', 'factLabel': 'lotsize'}, {'factValue': '$548/sqft', 'factLabel': 'Price/sqft'}]}",,Fort Lauderdale,"[{'rating': ['3/10', '7/10', '5/10'], 'data': {'Distance': ['0.79mi', '0.94mi', '0.76mi'], 'Grades': ['PK-5', '9-12', '6-8']}, 'name': ['Bennett Elementary School', 'Fort Lauderdale High School', 'Sunrise Middle School']}]","2,544 sqft",33304,2 Beds,FL,,,yes,A10737813,"$1,395,000"
for sale,,single-family home,547 E Ridgewood Dr,3.5 Baths,"{'atAGlanceFacts': [{'factValue': '1879', 'factLabel': 'Year built'}, {'factValue': '', 'factLabel': 'Remodeled year'}, {'factValue': '', 'factLabel': 'Heating'}, {'factValue': '', 'factLabel': 'Cooling'}, {'factValue': '', 'factLabel': 'Parking'}, {'factValue': '8.91 acres', 'factLabel': 'lotsize'}, {'factValue': '$142/sqft', 'factLabel': 'Price/sqft'}]}",,Seven Hills,"[{'rating': ['7/10', '7/10', '5/10'], 'data': {'Distance': ['2.31mi', '1.65mi', '2.17mi'], 'Grades': ['K-4', '5-7', '8-12']}, 'name': ['Green Valley Elementary School', 'Hillside Middle School', 'Normandy High School']}]","3,030 sqft",44131,4 Beds,OH,2,,,,"$429,988"
for sale,,single-family home,6931 W 64th St,2 Baths,"{'atAGlanceFacts': [{'factValue': '1969', 'factLabel': 'Year built'}, {'factValue': '', 'factLabel': 'Remodeled year'}, {'factValue': 'Forced Air', 'factLabel': 'Heating'}, {'factValue': 'Central', 'factLabel': 'Cooling'}, {'factValue': 'Detached Garage', 'factLabel': 'Parking'}, {'factValue': '3,780 sqft', 'factLabel': 'lotsize'}, {'factValue': '$249/sqft', 'factLabel': 'Price/sqft'}]}",,Chicago,"[{'rating': ['7/10', '1/10', '3/10'], 'data': {'Distance': ['0.5mi', '8.04mi', '1.27mi'], 'Grades': ['PK-8', '9-12', '9-12']}, 'name': ['Dore Elementary School', 'Hope College Prep High School', 'Kennedy High School']}]","1,100 sqft",60638,3 Beds,IL,,,,10577500,"$274,000"
Active,,Single Family Home,5428 Closeburn Rd,3.5,"{'atAGlanceFacts': [{'factValue': '2020', 'factLabel': 'Year built'}, {'factValue': '', 'factLabel': 'Remodeled year'}, {'factValue': ', Gas Water Heater, Heat Pump - Heat, MultiZone Heat', 'factLabel': 'Heating'}, {'factValue': 'Central Air, Heat Pump - AC, Multizone A/C', 'factLabel': 'Cooling'}, {'factValue': 'Detached Garage, Garage - 2 Car', 'factLabel': 'Parking'}, {'factValue': '14854', 'factLabel': 'lotsize'}, {'factValue': '$239', 'factLabel': 'Price/sqft'}]}",Great Room,Charlotte,"[{'rating': ['8', '7', '7', '5', '7', '7', 'NR', 'NR'], 'data': {'Distance': ['1.5 mi', '2.9 mi', '3.0 mi', '1.1 mi', '1.3 mi', '1.6 mi', '0.5 mi', '2.0 mi'], 'Grades': ['PK–5', '6–8', '9–12', 'PK–5', '6–8', '9–12', 'K–6', 'K–8']}, 'name': ['Beverly Woods Elementary School', 'Carmel Middle School', 'South Mecklenburg High School', 'Montclaire Elementary School', 'Alexander Graham Middle School', 'Myers Park High School', 'Anami Montessori Private School', 'St. Ann Catholic Private School']}]",4595,28210,5,NC,3 Story,,,3560195,"$1,100,000"
for sale,,single-family home,2525 Lucille Dr,3 Baths,"{'atAGlanceFacts': [{'factValue': '1956', 'factLabel': 'Year built'}, {'factValue': '1957', 'factLabel': 'Remodeled year'}, {'factValue': '', 'factLabel': 'Heating'}, {'factValue': 'Central', 'factLabel': 'Cooling'}, {'factValue': 'Attached Garage', 'factLabel': 'Parking'}, {'factValue': '0.27 acres', 'factLabel': 'lotsize'}, {'factValue': '$850/sqft', 'factLabel': 'Price/sqft'}]}",,Fort Lauderdale,"[{'rating': ['7/10', '5/10', '7/10'], 'data': {'Distance': ['3.37mi', '2.69mi', '1.08mi'], 'Grades': ['9-12', '6-8', 'PK-5']}, 'name': ['Fort Lauderdale High School', 'Sunrise Middle School', 'Harbordale Elementary School']}]","2,942 sqft",33316,3 Beds,FL,1.0,,yes,F10199657,"$2,500,000"
For sale,,Condo,891 14th St UNIT 2210,2.0,"{'atAGlanceFacts': [{'factValue': '2009', 'factLabel': 'Year built'}, {'factValue': '2009', 'factLabel': 'Remodeled year'}, {'factValue': 'Forced air, Heat pump', 'factLabel': 'Heating'}, {'factValue': 'Central', 'factLabel': 'Cooling'}, {'factValue': '2 spaces', 'factLabel': 'Parking'}, {'factValue': None, 'factLabel': 'lotsize'}, {'factValue': '$457', 'factLabel': 'Price/sqft'}]}",,Denver,"[{'rating': ['4/10', '5/10', '3/10'], 'data': {'Distance': ['0.7 mi', '3.5 mi', '3.3 mi'], 'Grades': ['PK-5', '8', '6-12']}, 'name': ['Greenlee Elementary School', 'Kepner Middle School', 'Bruce Randolph School']}]","1,312 sqft",80202,2,CO,0,,,4739658,"$599,000"
for sale,,townhouse,6309 Tulip St,,"{'atAGlanceFacts': [{'factValue': '1970', 'factLabel': 'Year built'}, {'factValue': '', 'factLabel': 'Remodeled year'}, {'factValue': 'Forced Air', 'factLabel': 'Heating'}, {'factValue': 'Central', 'factLabel': 'Cooling'}, {'factValue': 'Attached Garage', 'factLabel': 'Parking'}, {'factValue': '3,250 sqft', 'factLabel': 'lotsize'}, {'factValue': '$173/sqft', 'factLabel': 'Price/sqft'}]}",,Philadelphia,"[{'rating': ['1/10', '1/10', '3/10'], 'data': {'Distance': ['1.8mi', '1.26mi', '0.42mi'], 'Grades': ['9-12', '6-8', 'PK-5']}, 'name': ['Frankford High School', 'Harding Warren G Middle School', 'Lawton Henry W School']}]","1,188 sqft",19135,3 Beds,PA,2.0,,,PAPH850284,"$205,000"
Active,,Single Family Home,3032 Future Pl,3,"{'atAGlanceFacts': [{'factValue': '1995', 'factLabel': 'Year built'}, {'factValue': '', 'factLabel': 'Remodeled year'}, {'factValue': 'Central', 'factLabel': 'Heating'}, {'factValue': 'Central Air', 'factLabel': 'Cooling'}, {'factValue': 'Parking YN', 'factLabel': 'Parking'}, {'factValue': '4639', 'factLabel': 'lotsize'}, {'factValue': '$514', 'factLabel': 'Price/sqft'}]}",Fireplace,Los Angeles,"[{'rating': ['3', '5', '6', '1', '4', '4', 'NR', 'NR'], 'data': {'Distance': ['0.4 mi', '1.2 mi', '0.5 mi', '0.5 mi', '0.4 mi', '0.5 mi', '0.7 mi', '0.7 mi'], 'Grades': ['K–6', '6–8', '9–12', 'K–5', '6–8', '9–12', 'K–12', 'K–8']}, 'name': ['Glassell Park Elementary School', 'Irving STEAM Magnet School', 'Alliance Tennenbaum Family Technology High School', 'Aragon Avenue Elementary School', 'Studio School', 'Los Angeles River At Sonia Sotomayor Learning Academies School', 'Integrated Pathways To Knowledge Private School', 'St. Bernard Elementary Private School']}]",2142,90065,5,CA,Three Or More,,,CV19267088,"$1,100,000"
for sale,,single-family home,13511 N 33rd Ln,4 Baths,"{'atAGlanceFacts': [{'factValue': '2007', 'factLabel': 'Year built'}, {'factValue': '2007', 'factLabel': 'Remodeled year'}, {'factValue': 'Forced Air', 'factLabel': 'Heating'}, {'factValue': 'Central', 'factLabel': 'Cooling'}, {'factValue': 'Attached Garage, Carport', 'factLabel': 'Parking'}, {'factValue': '9,649 sqft', 'factLabel': 'lotsize'}, {'factValue': '$113/sqft', 'factLabel': 'Price/sqft'}]}",,Edinburg,"[{'rating': ['7/10', '6/10'], 'data': {'Distance': ['3.83mi', '3.83mi'], 'Grades': ['PK-5', '9-12']}, 'name': ['Anne L Magee Elementary School', 'Robert R Vela High School']}]","2,348 sqft",78541,4 Beds,TX,1.0,,,324771,"$265,000"
for sale,,single-family home,5785 Hanover St,3.5 Baths,"{'atAGlanceFacts': [{'factValue': '', 'factLabel': 'Year built'}, {'factValue': '', 'factLabel': 'Remodeled year'}, {'factValue': '', 'factLabel': 'Heating'}, {'factValue': '', 'factLabel': 'Cooling'}, {'factValue': '', 'factLabel': 'Parking'}, {'factValue': '', 'factLabel': 'lotsize'}, {'factValue': '$238/sqft', 'factLabel': 'Price/sqft'}]}",,Denver,"[{'rating': ['8/10', '9/10', '8/10', '9/10', '5/10', '6/10', '8/10', '8/10', '7/10', '4/10', '6/10', '5/10', '7/10', '4/10'], 'data': {'Distance': ['3.78mi', '3.3mi', '3.9mi', '4.4mi', '3.22mi', '1.44mi', '3.05mi', '3.05mi', '1.44mi', '0.91mi', '1.44mi', '3.22mi', '1.44mi', '0.91mi'], 'Grades': ['PK-8', 'PK-5', '9-12', '6-8', 'PK-5', 'PK-5', 'PK-5', 'PK-5', '6-8', '9-11', 'PK-5', 'PK-5', '6-8', '9-11']}, 'name': ['William (Bill) Roberts K-8 School', 'Westerly Creek Elementary School', 'Denver School of Science and Technology: Stapleton High School', 'McAuliffe International', 'Isabella Bird Community School', 'High Tech Elementary School', 'Swigert International School', 'Swigert International School', 'DSST: Conservatory Green Middle School', 'Northfield High School', 'High Tech Elementary School', 'Isabella Bird Community School', 'DSST: Conservatory Green Middle School', 'Northfield High School']}]","2,978 sqft",80238,4 Beds,CO,2.0,,yes,,"$710,000"
for sale,,condo,20234 Cantara St #369,,"{'atAGlanceFacts': [{'factValue': '1979', 'factLabel': 'Year built'}, {'factValue': '1979', 'factLabel': 'Remodeled year'}, {'factValue': 'Other', 'factLabel': 'Heating'}, {'factValue': 'Wall', 'factLabel': 'Cooling'}, {'factValue': '2', 'factLabel': 'Parking'}, {'factValue': '2.95 acres', 'factLabel': 'lotsize'}, {'factValue': '$380/sqft', 'factLabel': 'Price/sqft'}]}",,Winnetka,"[{'rating': ['5/10', '9/10', '2/10', '4/10'], 'data': {'Distance': ['3.44mi', '4.16mi', '1.05mi', '0.2mi'], 'Grades': ['9-12', '9-12', '6-8', 'K-5']}, 'name': ['Northridge Academy High', 'Granada Hills Charter High School', 'John A. Sutter Middle School', 'Winnetka Avenue Elementary School']}]",685 sqft,91306,,CA,3.0,,yes,SR19273675,"$259,999"
Active,,,"760 E Argyle Ave, N ",,"{'atAGlanceFacts': [{'factValue': '1914', 'factLabel': 'Year built'}, {'factValue': '1914', 'factLabel': 'Remodeled year'}, {'factValue': 'Central', 'factLabel': 'Heating'}, {'factValue': 'Electric', 'factLabel': 'Cooling'}, {'factValue': '', 'factLabel': 'Parking'}, {'factValue': '5,663 Sq. Ft.', 'factLabel': 'lotsize'}, {'factValue': '$265 / Sq. Ft.', 'factLabel': 'Price/sqft'}]}",,Nashville,"[{'rating': ['3', '1', '5', '8', '3', '1'], 'data': {'Distance': ['0.7 mi', '2.9 mi', '3.1 mi', '0.5 mi', '2.8 mi', '5.4 mi'], 'Grades': ['Preschool to 4', 'Preschool to 4', '5 to 8', '5 to 8', '9 to 12', '9 to 12']}, 'name': ['Carter Lawrence Elementary Magnet', 'Caldwell Enhanced Option', 'John T. Moore Middle School', 'Rose Park Math/ Science Middle Magnet', 'Hillsboro High School', 'Stratford Comp High School']}]","1,395",37203,,TN,,,,2099177,"370,000"
Active,,,10188 NW 138th St ,,"{'atAGlanceFacts': [{'factValue': '', 'factLabel': 'Year built'}, {'factValue': '1960', 'factLabel': 'Remodeled year'}, {'factValue': '', 'factLabel': 'Heating'}, {'factValue': '', 'factLabel': 'Cooling'}, {'factValue': '', 'factLabel': 'Parking'}, {'factValue': '1.61 Acres', 'factLabel': 'lotsize'}, {'factValue': None, 'factLabel': 'Price/sqft'}]}",,Hialeah Gardens,"[{'rating': ['9', '10', 'NR', '6', '6'], 'data': {'Distance': ['0.7 mi', '26.5 mi', '20.7 mi', '1.6 mi', '1.2 mi'], 'Grades': ['Preschool to 5', 'Preschool to 8', 'K to 9', '6 to 8', '8 to 12']}, 'name': ['Hialeah Gardens Elementary School', 'Air Base Elementary School', 'Robert Morgan Voc-Tech Institute', 'Hialeah Gardens Middle School', 'Barbara Goleman Senior High School']}]",,33018,,FL,,,,A10719888,"3,700,000"
for sale,,lot/land,2108 SE 98th Ave #3,,"{'atAGlanceFacts': [{'factValue': '', 'factLabel': 'Year built'}, {'factValue': '', 'factLabel': 'Remodeled year'}, {'factValue': 'Electric', 'factLabel': 'Heating'}, {'factValue': '', 'factLabel': 'Cooling'}, {'factValue': '', 'factLabel': 'Parking'}, {'factValue': '8276 sqft', 'factLabel': 'lotsize'}, {'factValue': None, 'factLabel': 'Price/sqft'}]}",,Vancouver,"[{'rating': ['4/10', '4/10', '8/10'], 'data': {'Distance': ['0.95mi', '1.99mi', '2.7mi'], 'Grades': ['K-5', '6-8', '9-12']}, 'name': ['Ellsworth Elementary School', 'Wyeast Middle School', 'Mountain View High School']}]",,98664,,WA,,,,18280903,"$269,000"
for sale,,single-family home,12345 Desert Dove Ave,3 Baths,"{'atAGlanceFacts': [{'factValue': '2019', 'factLabel': 'Year built'}, {'factValue': '', 'factLabel': 'Remodeled year'}, {'factValue': '', 'factLabel': 'Heating'}, {'factValue': '', 'factLabel': 'Cooling'}, {'factValue': '', 'factLabel': 'Parking'}, {'factValue': '2178 sqft', 'factLabel': 'lotsize'}, {'factValue': '$115/sqft', 'factLabel': 'Price/sqft'}]}",,El Paso,"[{'rating': ['4/10', '5/10', '6/10'], 'data': {'Distance': ['39.69mi', '39.69mi', '39.69mi'], 'Grades': ['9-12', '6-8', 'PK-5']}, 'name': ['Fort Hancock High School', 'Fort Hancock Middle School', 'Benito Martinez Elementary School']}]","1,892 sqft",79938,4 Beds,TX,,,,812751,"$217,580"
,,Single Family,12734 Cedar Fly,2.0,"{'atAGlanceFacts': [{'factValue': '2010', 'factLabel': 'Year built'}, {'factValue': None, 'factLabel': 'Remodeled year'}, {'factValue': 'Forced air', 'factLabel': 'Heating'}, {'factValue': 'Central', 'factLabel': 'Cooling'}, {'factValue': '2 spaces', 'factLabel': 'Parking'}, {'factValue': '5,227 sqft', 'factLabel': 'lotsize'}, {'factValue': '$158', 'factLabel': 'Price/sqft'}]}",Yes,San Antonio,"[{'rating': ['NA', '7/10', '7/10'], 'data': {'Distance': ['1.5 mi', '1.2 mi', '1.9 mi'], 'Grades': ['PK-5', '6-8', '9-12']}, 'name': ['COLE EL', 'Briscoe Middle School', 'Taft High School']}]","1,393",78253,3,TX,1.0,,,1412134,"$220,000"
for sale,,single-family home,503 S Stonewall St,3 Baths,"{'atAGlanceFacts': [{'factValue': '2019', 'factLabel': 'Year built'}, {'factValue': '', 'factLabel': 'Remodeled year'}, {'factValue': 'Baseboard', 'factLabel': 'Heating'}, {'factValue': 'Central', 'factLabel': 'Cooling'}, {'factValue': '', 'factLabel': 'Parking'}, {'factValue': '7,013 sqft', 'factLabel': 'lotsize'}, {'factValue': '$168/sqft', 'factLabel': 'Price/sqft'}]}",,Midland,"[{'rating': ['4/10', '5/10', '3/10'], 'data': {'Distance': ['1.75mi', '4.6mi', '2.19mi'], 'Grades': ['9', '7-8', '9-12']}, 'name': ['Midland Freshman High School', 'Goddard J High School', 'Midland High School']}]","1,962 sqft",79701,4 Beds,TX,2.0,,,50025954,"$329,000"
for sale,,coop,3815 149th St #1L,,"{'atAGlanceFacts': [{'factValue': '1955', 'factLabel': 'Year built'}, {'factValue': '', 'factLabel': 'Remodeled year'}, {'factValue': '', 'factLabel': 'Heating'}, {'factValue': '', 'factLabel': 'Cooling'}, {'factValue': '', 'factLabel': 'Parking'}, {'factValue': '0.82 acres', 'factLabel': 'lotsize'}, {'factValue': '$3/sqft', 'factLabel': 'Price/sqft'}]}",,Flushing,"[{'rating': ['2/10', '7/10', '7/10'], 'data': {'Distance': ['0.5mi', '0.28mi', '1.19mi'], 'Grades': ['9-12', '6-8', 'PK-5']}, 'name': ['Flushing High School', 'Jhs 189 Daniel Carter Beard', 'Ps 32 State Street']}]","114,151 sqft",11354,,NY,,,,3187516,"$295,000"
,,,950 Granville Dr,,"{'atAGlanceFacts': [{'factValue': None, 'factLabel': 'Year built'}, {'factValue': None, 'factLabel': 'Remodeled year'}, {'factValue': None, 'factLabel': 'Heating'}, {'factValue': None, 'factLabel': 'Cooling'}, {'factValue': None, 'factLabel': 'Parking'}, {'factValue': None, 'factLabel': 'lotsize'}, {'factValue': None, 'factLabel': 'Price/sqft'}]}",,Houston,"[{'rating': ['2/10', '2/10', '2/10'], 'data': {'Distance': ['0.4 mi', '0.6 mi', '3.1 mi'], 'Grades': ['PK-5', '6-8', '9-12']}, 'name': ['Wesley Elementary School', 'Williams Middle School', 'Washington B T High School']}]",,77091,0.32 acres,TX,,,,58400586,"$75,000"
,,Single Family,108 Antler Cir,2.0,"{'atAGlanceFacts': [{'factValue': '2003', 'factLabel': 'Year built'}, {'factValue': '2003', 'factLabel': 'Remodeled year'}, {'factValue': 'Forced air', 'factLabel': 'Heating'}, {'factValue': 'Central', 'factLabel': 'Cooling'}, {'factValue': '2 spaces', 'factLabel': 'Parking'}, {'factValue': '6,969 sqft', 'factLabel': 'lotsize'}, {'factValue': '$147', 'factLabel': 'Price/sqft'}]}",Yes,Hollywood Park,"[{'rating': ['9/10', '8/10', '7/10'], 'data': {'Distance': ['1.7 mi', '1.1 mi', '3.3 mi'], 'Grades': ['PK-5', '6-8', '9-12']}, 'name': ['Hidden Forest Elementary School', 'Bradley Middle School', 'Churchill High School']}]","2,487",78232,3,TX,1.0,,Yes,1425839,"$365,000"
for sale,,single-family home,14524 Dominic Azcarate Dr,2 Baths,"{'atAGlanceFacts': [{'factValue': '2019', 'factLabel': 'Year built'}, {'factValue': '', 'factLabel': 'Remodeled year'}, {'factValue': '', 'factLabel': 'Heating'}, {'factValue': '', 'factLabel': 'Cooling'}, {'factValue': '', 'factLabel': 'Parking'}, {'factValue': '5,301 sqft', 'factLabel': 'lotsize'}, {'factValue': '$114/sqft', 'factLabel': 'Price/sqft'}]}",,El Paso,"[{'rating': ['4/10', '5/10', '6/10'], 'data': {'Distance': ['39.69mi', '39.69mi', '39.69mi'], 'Grades': ['9-12', '6-8', 'PK-5']}, 'name': ['Fort Hancock High School', 'Fort Hancock Middle School', 'Benito Martinez Elementary School']}]","1,637 sqft",79938,4 Beds,TX,,,,820072,"$185,950"
For sale,,Single Family,3112 Yucca Ave,Bathrooms: 2,"{'atAGlanceFacts': [{'factValue': '1939', 'factLabel': 'Year built'}, {'factValue': '1965', 'factLabel': 'Remodeled year'}, {'factValue': 'Forced air', 'factLabel': 'Heating'}, {'factValue': 'Central', 'factLabel': 'Cooling'}, {'factValue': '2 spaces', 'factLabel': 'Parking'}, {'factValue': '7,100 sqft lot', 'factLabel': 'lotsize'}, {'factValue': '$138', 'factLabel': 'Price/sqft'}]}",Yes,Fort Worth,"[{'rating': ['6/10', '3/10', '3/10'], 'data': {'Distance': ['0.4 mi', '0.2 mi', '0.1 mi'], 'Grades': ['PK-5', '6-8', '9-12']}, 'name': ['Oakhurst Elementary School', 'Riverside Middle School', 'Carter-Riverside High School']}]","Total interior livable area: 1,599 sqft",76111,3 bd,TX,1.0,14184967,,,"$220,000"
for sale,,lot/land,E 50th St,,"{'atAGlanceFacts': [{'factValue': '', 'factLabel': 'Year built'}, {'factValue': '', 'factLabel': 'Remodeled year'}, {'factValue': '', 'factLabel': 'Heating'}, {'factValue': '', 'factLabel': 'Cooling'}, {'factValue': '', 'factLabel': 'Parking'}, {'factValue': '1.50 acres', 'factLabel': 'lotsize'}, {'factValue': None, 'factLabel': 'Price/sqft'}]}",,Jacksonville,"[{'rating': ['4/10', '3/10', '3/10'], 'data': {'Distance': ['0.47mi', '3.73mi', '2.45mi'], 'Grades': ['PK-5', '9-12', '6-8']}, 'name': ['North Shore Elementary School', 'Jean Ribault High School', 'Matthew W. Gilbert Middle School']}]",,32208,,FL,,,,1021023,"$150,000"
Active,,Condo/Townhome/Row Home/Co-Op,1832 16th St NW Unit 2,2,"{'atAGlanceFacts': [{'factValue': '1925', 'factLabel': 'Year built'}, {'factValue': '', 'factLabel': 'Remodeled year'}, {'factValue': 'Forced Air Heating', 'factLabel': 'Heating'}, {'factValue': 'Central A/C', 'factLabel': 'Cooling'}, {'factValue': '', 'factLabel': 'Parking'}, {'factValue': None, 'factLabel': 'lotsize'}, {'factValue': '$951', 'factLabel': 'Price/sqft'}]}",,Washington,"[{'rating': ['8', '3', '6', '10', '5', 'NR', 'NR', 'NR'], 'data': {'Distance': ['0.3 mi', '0.7 mi', '1.0 mi', '0.2 mi', '0.4 mi', '0.9 mi', '0.3 mi', '0.4 mi'], 'Grades': ['PK–5', '6–12', '6–12', 'PK–5', 'PK–8', 'PK–8', '11–11']}, 'name': ['Marie Reed Elementary School', 'Cardozo Education Campus School', 'Columbia Heights Education Campus School', 'Ross Elementary School', 'Meridian PCS School', 'YouthBuild PCS School', 'St. Augustine Private School', 'The Private School For Ethics And Global Leadership']}]",1288,20009,2,DC,1,,,DCDC450902,"$1,224,900"
for sale,,single-family home,28202 E Benders Landing Blvd,6 Baths,"{'atAGlanceFacts': [{'factValue': '2008', 'factLabel': 'Year built'}, {'factValue': '2008', 'factLabel': 'Remodeled year'}, {'factValue': 'Other', 'factLabel': 'Heating'}, {'factValue': 'Central', 'factLabel': 'Cooling'}, {'factValue': 'Carport, Attached Garage', 'factLabel': 'Parking'}, {'factValue': '2.00 acres', 'factLabel': 'lotsize'}, {'factValue': '$155/sqft', 'factLabel': 'Price/sqft'}]}",yes,Spring,"[{'rating': ['8/10', '9/10'], 'data': {'Distance': ['1.14mi', '1.19mi'], 'Grades': ['7-8', 'PK-4']}, 'name': ['York J High School', 'Snyder Elementary School']}]","9,657 sqft",77386,5 Beds,TX,2.0,,yes,19839468,"$1,500,000"
Active,,,1018 High Meadow Ct ,"2,250","{'atAGlanceFacts': [{'factValue': '2019', 'factLabel': 'Year built'}, {'factValue': '', 'factLabel': 'Remodeled year'}, {'factValue': 'Forced Air, Natural Gas', 'factLabel': 'Heating'}, {'factValue': 'Central Air', 'factLabel': 'Cooling'}, {'factValue': '', 'factLabel': 'Parking'}, {'factValue': '5,446 Sq. Ft.', 'factLabel': 'lotsize'}, {'factValue': '$190 / Sq. Ft.', 'factLabel': 'Price/sqft'}]}",1,LONGMONT,"[{'rating': ['4', '3', '8'], 'data': {'Distance': ['0.9 mi', '1.5 mi', '4.0 mi'], 'Grades': ['Preschool to 5', '6 to 8', '9 to 12']}, 'name': ['Burlington Elementary School', 'Sunset Middle School', 'Niwot High School']}]","3,314",80501,Baths,CO,,,,8893115,"628,809"
for sale,,single-family home,3624 Elegant Saint Ct,2 Baths,"{'atAGlanceFacts': [{'factValue': '1987', 'factLabel': 'Year built'}, {'factValue': '1987', 'factLabel': 'Remodeled year'}, {'factValue': 'Forced Air', 'factLabel': 'Heating'}, {'factValue': 'Central', 'factLabel': 'Cooling'}, {'factValue': 'Attached Garage', 'factLabel': 'Parking'}, {'factValue': '3,920 sqft', 'factLabel': 'lotsize'}, {'factValue': '$146/sqft', 'factLabel': 'Price/sqft'}]}",yes,Las Vegas,"[{'rating': ['1/10', '6/10', '2/10', 'None/10'], 'data': {'Distance': ['0.54mi', '0.65mi', '2.36mi', '1.24mi'], 'Grades': ['PK-5', 'PK-5', '9-12', '6-8']}, 'name': ['Clyde C Cox Elementary School', 'Gwendolyn Woolley Elementary School', 'Canyon Springs High School And The Leadership And', 'Ed Von Tobel Middle School']}]","1,507 sqft",89115,3 Beds,NV,1.0,,,2156156,"$219,900"
for sale,,single-family home,Rockford II - Villas Plan in Ascend at Seventeen Lakes,2 Baths,"{'atAGlanceFacts': [{'factValue': '2018', 'factLabel': 'Year built'}, {'factValue': '', 'factLabel': 'Remodeled year'}, {'factValue': '', 'factLabel': 'Heating'}, {'factValue': '', 'factLabel': 'Cooling'}, {'factValue': '', 'factLabel': 'Parking'}, {'factValue': '7,013 sqft', 'factLabel': 'lotsize'}, {'factValue': '$154/sqft', 'factLabel': 'Price/sqft'}]}",,Roanoke,"[{'rating': ['8/10', '8/10'], 'data': {'Distance': ['3.31mi', '2.15mi'], 'Grades': ['9-12', '6-8']}, 'name': ['Byron Nelson High School', 'John M Tidwell Middle School']}]","2,027 sqft",76262,4 Beds,TX,1.0,,,,"$311,900+"
Active,,"Bungalow, Cape Cod",11811 Mccracken Rd ,,"{'atAGlanceFacts': [{'factValue': '1954', 'factLabel': 'Year built'}, {'factValue': '1968', 'factLabel': 'Remodeled year'}, {'factValue': 'Forced Air, Gas', 'factLabel': 'Heating'}, {'factValue': 'Has Heating', 'factLabel': 'Cooling'}, {'factValue': '', 'factLabel': 'Parking'}, {'factValue': '5,640 Sq. Ft.', 'factLabel': 'lotsize'}, {'factValue': '$62 / Sq. Ft.', 'factLabel': 'Price/sqft'}]}",,Garfield Heights,"[{'rating': ['3', 'NR', '4', 'NR', '3'], 'data': {'Distance': ['0.4 mi', '0.6 mi', '1.2 mi', '1.4 mi', '0.8 mi'], 'Grades': ['K to 5', 'Preschool to 8', '6 to 8', '5 to 8', '9 to 12']}, 'name': ['Elmwood Elementary School', 'John Paul II Academy', 'Garfield Heights Middle School', 'Archbishop Lyke-St Timothy Campus', 'Garfield Heights High School']}]","1,296",44125,,OH,,,,4133894,"79,900"
,,Condo,501 NE 31st St UNIT 1706,2.0,"{'atAGlanceFacts': [{'factValue': '2018', 'factLabel': 'Year built'}, {'factValue': None, 'factLabel': 'Remodeled year'}, {'factValue': 'Electric', 'factLabel': 'Heating'}, {'factValue': 'No Data', 'factLabel': 'Cooling'}, {'factValue': 'Attached Garage', 'factLabel': 'Parking'}, {'factValue': None, 'factLabel': 'lotsize'}, {'factValue': '$528', 'factLabel': 'Price/sqft'}]}",,Miami,"[{'rating': ['10/10', '2/10'], 'data': {'Distance': ['22.5 mi', '1 mi'], 'Grades': ['PK-8', '6-8']}, 'name': ['Air Base Elementary School', 'Jose De Diego Middle School']}]","1,287",33137,3,FL,,,,A10523243,"$680,000"
for sale,,single-family home,2725 N Lakewood Ave,6 Baths,"{'atAGlanceFacts': [{'factValue': '2014', 'factLabel': 'Year built'}, {'factValue': '', 'factLabel': 'Remodeled year'}, {'factValue': 'Forced Air', 'factLabel': 'Heating'}, {'factValue': 'Central', 'factLabel': 'Cooling'}, {'factValue': 'Detached Garage', 'factLabel': 'Parking'}, {'factValue': '5060 sqft', 'factLabel': 'lotsize'}, {'factValue': '$550/sqft', 'factLabel': 'Price/sqft'}]}",yes,Chicago,"[{'rating': ['1/10', '6/10', '9/10'], 'data': {'Distance': ['9.56mi', '0.33mi', '1.14mi'], 'Grades': ['9-12', 'PK-8', '9-12']}, 'name': ['Hope College Prep High School', 'Agassiz Elementary School', 'Lincoln Park High School']}]","6,365 sqft",60614,5 Beds,IL,3.0,,,10421562,"$3,500,000"
Active,,High Rise,1900 N Bayshore Dr #510 ,,"{'atAGlanceFacts': [{'factValue': '2008', 'factLabel': 'Year built'}, {'factValue': '2008', 'factLabel': 'Remodeled year'}, {'factValue': 'Central Air', 'factLabel': 'Heating'}, {'factValue': 'Has Cooling', 'factLabel': 'Cooling'}, {'factValue': '', 'factLabel': 'Parking'}, {'factValue': '—', 'factLabel': 'lotsize'}, {'factValue': '$375 / Sq. Ft.', 'factLabel': 'Price/sqft'}]}",,Miami,"[{'rating': ['3', '10', 'NR', '2', '2'], 'data': {'Distance': ['0.7 mi', '23.4 mi', '18.5 mi', '1.3 mi', '1.2 mi'], 'Grades': ['Preschool to 5', 'Preschool to 8', 'K to 9', '6 to 8', '9 to 12']}, 'name': ['Phyllis Wheatley Elementary School', 'Air Base Elementary School', 'Robert Morgan Voc-Tech Institute', 'Jose de Diego Middle School', 'Booker T. Washington Senior High School']}]",637,33132,,FL,,,,A10743164,"239,000"
for sale,,single-family home,6826 Highgrove Pl,7 Baths,"{'atAGlanceFacts': [{'factValue': '2002', 'factLabel': 'Year built'}, {'factValue': '2002', 'factLabel': 'Remodeled year'}, {'factValue': 'Forced Air', 'factLabel': 'Heating'}, {'factValue': 'Central', 'factLabel': 'Cooling'}, {'factValue': 'Attached Garage', 'factLabel': 'Parking'}, {'factValue': '2.01 acres', 'factLabel': 'lotsize'}, {'factValue': '$129/sqft', 'factLabel': 'Price/sqft'}]}",yes,Concord,"[{'rating': ['4/10', '4/10', '3/10'], 'data': {'Distance': ['2.06mi', '2.01mi', '2.12mi'], 'Grades': ['6-8', 'K-5', '9-12']}, 'name': ['Northwest Cabarrus Middle', 'Charles E. Boger Elementary', 'Northwest Cabarrus High']}]","10,861 sqft",28027,4 Beds,NC,3.0,,yes,3442444,"$1,399,900"
Pre-foreclosure / auction,,Single Family,231 N Law St,Bathrooms: 1,"{'atAGlanceFacts': [{'factValue': '1895', 'factLabel': 'Year built'}, {'factValue': '', 'factLabel': 'Remodeled year'}, {'factValue': 'Baseboard', 'factLabel': 'Heating'}, {'factValue': '', 'factLabel': 'Cooling'}, {'factValue': '', 'factLabel': 'Parking'}, {'factValue': '1,440 sqft', 'factLabel': 'lotsize'}, {'factValue': '', 'factLabel': 'Price/sqft'}]}",,Allentown,"[{'rating': ['NA', '2/10', '2/10'], 'data': {'Distance': ['1.1 mi', '0.6 mi', '1.6 mi'], 'Grades': ['K', '6-8', '9-12']}, 'name': ['Lincoln Early Chld Center', 'Harrison-Morton Middle School', 'William Allen High School']}]","Total interior livable area: 1,758 sqft",18102,5 bd,PA,3.0,,,,"$48,266"
Active,,,6803 Candlewood Dr South ,"2,000","{'atAGlanceFacts': [{'factValue': '1979', 'factLabel': 'Year built'}, {'factValue': '1979', 'factLabel': 'Remodeled year'}, {'factValue': '', 'factLabel': 'Heating'}, {'factValue': '', 'factLabel': 'Cooling'}, {'factValue': '', 'factLabel': 'Parking'}, {'factValue': '8,824 Sq. Ft.', 'factLabel': 'lotsize'}, {'factValue': '$125 / Sq. Ft.', 'factLabel': 'Price/sqft'}]}",,Jacksonville,"[{'rating': ['7', '2', '4'], 'data': {'Distance': ['2.7 mi', '3.9 mi', '3.4 mi'], 'Grades': ['K to 5', '6 to 8', '9 to 12']}, 'name': ['Chimney Lakes Elementary School', 'Jefferson Davis Middle School', 'Westside High School']}]","1,412",32244,Baths,FL,,,,1029554,"177,000"
for sale,,townhouse,2495 E 28th Ave,4 Baths,"{'atAGlanceFacts': [{'factValue': '', 'factLabel': 'Year built'}, {'factValue': '', 'factLabel': 'Remodeled year'}, {'factValue': 'Forced Air', 'factLabel': 'Heating'}, {'factValue': 'Central', 'factLabel': 'Cooling'}, {'factValue': '', 'factLabel': 'Parking'}, {'factValue': '', 'factLabel': 'lotsize'}, {'factValue': '$330/sqft', 'factLabel': 'Price/sqft'}]}",yes,Denver,"[{'rating': ['3/10', '4/10', '3/10'], 'data': {'Distance': ['0.59mi', '0.06mi', '1.08mi'], 'Grades': ['9-12', 'PK-5', '6-12']}, 'name': ['Manual High School', 'Columbine Elementary School', 'Bruce Randolph School']}]","2,352 sqft",80205,3 Beds,CO,,,,5835056,"$775,000"
for sale,,condo,2140 N Lincoln Ave #5207,2 Baths,"{'atAGlanceFacts': [{'factValue': '1973', 'factLabel': 'Year built'}, {'factValue': '', 'factLabel': 'Remodeled year'}, {'factValue': 'Forced Air', 'factLabel': 'Heating'}, {'factValue': 'Central', 'factLabel': 'Cooling'}, {'factValue': '1', 'factLabel': 'Parking'}, {'factValue': '', 'factLabel': 'lotsize'}, {'factValue': None, 'factLabel': 'Price/sqft'}]}",,Chicago,"[{'rating': ['1/10', '10/10', '9/10'], 'data': {'Distance': ['8.8mi', '0.24mi', '0.17mi'], 'Grades': ['9-12', 'K-8', '9-12']}, 'name': ['Hope College Prep High School', 'Lincoln Elementary School', 'Lincoln Park High School']}]",,60614,2 Beds,IL,3.0,,,10508747,"$393,400"
for sale,,lot/land,5428 Closeburn Rd,,"{'atAGlanceFacts': [{'factValue': '2017', 'factLabel': 'Year built'}, {'factValue': '', 'factLabel': 'Remodeled year'}, {'factValue': 'Forced Air', 'factLabel': 'Heating'}, {'factValue': 'Central', 'factLabel': 'Cooling'}, {'factValue': 'Detached Garage', 'factLabel': 'Parking'}, {'factValue': '0.34 acres', 'factLabel': 'lotsize'}, {'factValue': '$76/sqft', 'factLabel': 'Price/sqft'}]}",,Charlotte,"[{'rating': ['8/10', '7/10', '7/10'], 'data': {'Distance': ['1.51mi', '2.91mi', '2.95mi'], 'Grades': ['PK-5', '6-8', '9-12']}, 'name': ['Beverly Woods Elementary', 'Carmel Middle', 'South Mecklenburg High']}]","4,595 sqft",28210,5 Beds,NC,3,,,3546914,"$349,000"
Active,,Land,Fisher Rd,,"{'atAGlanceFacts': [{'factValue': '', 'factLabel': 'Year built'}, {'factValue': '', 'factLabel': 'Remodeled year'}, {'factValue': '', 'factLabel': 'Heating'}, {'factValue': '', 'factLabel': 'Cooling'}, {'factValue': '', 'factLabel': 'Parking'}, {'factValue': '10019', 'factLabel': 'lotsize'}, {'factValue': None, 'factLabel': 'Price/sqft'}]}",,Ocklawaha,"[{'rating': ['3', '3', '4', '2', '5', '4'], 'data': {'Distance': ['6.4 mi', '7.8 mi', '6.5 mi', '8.2 mi', '13.0 mi', '13.1 mi'], 'Grades': ['PK–5', '6–8', '9–12', 'K–5', '6–8', '9–12']}, 'name': ['Stanton-Weirsdale Elementary School', 'Lake Weir Middle School', 'Lake Weir High School', 'Emerald Shores Elementary School', 'Belleview Middle School', 'Belleview High School']}]",0,32179,,FL,,,,553433,"$7,000"
,,Single Family,6751 Perry St,2.0,"{'atAGlanceFacts': [{'factValue': '1952', 'factLabel': 'Year built'}, {'factValue': '1952', 'factLabel': 'Remodeled year'}, {'factValue': 'Forced air', 'factLabel': 'Heating'}, {'factValue': 'Central', 'factLabel': 'Cooling'}, {'factValue': 'Attached Garage', 'factLabel': 'Parking'}, {'factValue': '75 acres', 'factLabel': 'lotsize'}, {'factValue': '$71', 'factLabel': 'Price/sqft'}]}",,Jacksonville,"[{'rating': ['4/10', '2/10', '3/10'], 'data': {'Distance': ['0.4 mi', '2.4 mi', '3.2 mi'], 'Grades': ['PK-5', '6-8', '9-12']}, 'name': ['North Shore Elementary School', 'Northwestern Middle School', 'Jean Ribault High School']}]","1,679",32208,4,FL,2,,,1015152,"$119,900"
for sale,,single-family home,5 Lake Hollingsworth Dr,3 Baths,"{'atAGlanceFacts': [{'factValue': '1952', 'factLabel': 'Year built'}, {'factValue': '1952', 'factLabel': 'Remodeled year'}, {'factValue': 'Heat Pump', 'factLabel': 'Heating'}, {'factValue': 'Central, Wall', 'factLabel': 'Cooling'}, {'factValue': 'Attached Garage, Detached Garage', 'factLabel': 'Parking'}, {'factValue': '0.67 acres', 'factLabel': 'lotsize'}, {'factValue': '$401/sqft', 'factLabel': 'Price/sqft'}]}",yes,Lakeland,"[{'rating': ['5/10', '2/10', '2/10'], 'data': {'Distance': ['0.96mi', '5.17mi', '1.13mi'], 'Grades': ['9-12', '6-8', 'PK-5']}, 'name': ['Lakeland Senior High School', 'Sleepy Hill Middle School', ""Philip O'brien Elementary School""]}]","2,242 sqft",33803,3 Beds,FL,,,,L4909522,"$900,000"
For sale,,Single Family,6360 Mayo St,Bathrooms: 2,"{'atAGlanceFacts': [{'factValue': '1955', 'factLabel': 'Year built'}, {'factValue': '1955', 'factLabel': 'Remodeled year'}, {'factValue': 'Forced air', 'factLabel': 'Heating'}, {'factValue': 'Central', 'factLabel': 'Cooling'}, {'factValue': '4 spaces', 'factLabel': 'Parking'}, {'factValue': '6,359 sqft lot', 'factLabel': 'lotsize'}, {'factValue': '$222', 'factLabel': 'Price/sqft'}]}",,Hollywood,"[{'rating': ['4/10', '5/10', '4/10'], 'data': {'Distance': ['1.7 mi', '1.6 mi', '0.9 mi'], 'Grades': ['PK-5', '6-8', '9-12']}, 'name': ['Orange Brook Elementary School', 'Apollo Middle School', 'Mcarthur High School']}]","Total interior livable area: 1,300 sqft",33023,3 bd,FL,1.0,A10727585,,,"$289,000"
Active,,Single Family Home,9648 East Brainerd Road,2,"{'atAGlanceFacts': [{'factValue': '', 'factLabel': 'Year built'}, {'factValue': '', 'factLabel': 'Remodeled year'}, {'factValue': '', 'factLabel': 'Heating'}, {'factValue': '', 'factLabel': 'Cooling'}, {'factValue': '', 'factLabel': 'Parking'}, {'factValue': None, 'factLabel': 'lotsize'}, {'factValue': '$160', 'factLabel': 'Price/sqft'}]}",,Chattanooga,"[{'rating': ['9', '6', 'NR', '9', '5', '3', 'NR', 'NR'], 'data': {'Distance': ['0.1 mi', '0.4 mi', '4.9 mi', '2.2 mi', '4.7 mi', '5.2 mi', '2.3 mi', '2.4 mi'], 'Grades': ['K–5', '6–12', 'K–12', 'PK–5', '6–8', '9–12', 'K–12', 'PK–8']}, 'name': ['Westview Elementary School', 'East Hamilton School', 'Hamilton County Virtual School', 'Apison Elementary School', 'Ooltewah Middle School', 'Tyner Academy School', 'Valley Academy Private School', 'Standifer Gap Sda Private School']}]","1,868",37421,3.0,TN,,,,1738671,"$299,000"
for sale,,single-family home,2321 Oleander Dr,2 Baths,"{'atAGlanceFacts': [{'factValue': '1962', 'factLabel': 'Year built'}, {'factValue': '1963', 'factLabel': 'Remodeled year'}, {'factValue': 'Forced Air', 'factLabel': 'Heating'}, {'factValue': 'Central', 'factLabel': 'Cooling'}, {'factValue': 'Attached Garage', 'factLabel': 'Parking'}, {'factValue': '0.28 acres', 'factLabel': 'lotsize'}, {'factValue': '$253/sqft', 'factLabel': 'Price/sqft'}]}",,Miramar,"[{'rating': ['4/10', '7/10'], 'data': {'Distance': ['1.35mi', '0.33mi'], 'Grades': ['9-12', 'PK-5']}, 'name': ['Miramar High School', 'Sunshine Elementary School']}]","1,420 sqft",33023,3 Beds,FL,1.0,,yes,A10788913,"$359,000"
for sale,,single-family home,10907 Upland Pass Dr,4 Baths,"{'atAGlanceFacts': [{'factValue': '2016', 'factLabel': 'Year built'}, {'factValue': '', 'factLabel': 'Remodeled year'}, {'factValue': 'Gas', 'factLabel': 'Heating'}, {'factValue': 'Central', 'factLabel': 'Cooling'}, {'factValue': 'Attached Garage', 'factLabel': 'Parking'}, {'factValue': '2,422 sqft', 'factLabel': 'lotsize'}, {'factValue': '$154/sqft', 'factLabel': 'Price/sqft'}]}",,Houston,"[{'rating': ['4/10', '3/10', '7/10'], 'data': {'Distance': ['0.54mi', '2.05mi', '1.89mi'], 'Grades': ['PK-5', '6-8', '9-12']}, 'name': ['Sherwood Elementary School', 'Spring Oaks Middle School', 'Stratford High School']}]","2,658 sqft",77043,3 Beds,TX,3.0,,,86018734,"$410,000"
for sale,,single-family home,3610 N Meridian Rd,4 Baths,"{'atAGlanceFacts': [{'factValue': '1974', 'factLabel': 'Year built'}, {'factValue': '1974', 'factLabel': 'Remodeled year'}, {'factValue': '', 'factLabel': 'Heating'}, {'factValue': 'Central', 'factLabel': 'Cooling'}, {'factValue': '', 'factLabel': 'Parking'}, {'factValue': '2.55 acres', 'factLabel': 'lotsize'}, {'factValue': '$166/sqft', 'factLabel': 'Price/sqft'}]}",yes,Tallahassee,"[{'rating': ['6/10', '7/10', '8/10'], 'data': {'Distance': ['3.85mi', '4.95mi', '1.57mi'], 'Grades': ['6-8', '9-12', 'PK-5']}, 'name': ['Raa Middle School', 'Leon High School', 'Gilchrist Elementary School']}]","3,164 sqft",32312,3 Beds,FL,,,,313685,"$525,000"
,,Single Family,228 Stonewell Dr,4.0,"{'atAGlanceFacts': [{'factValue': '2006', 'factLabel': 'Year built'}, {'factValue': '2006', 'factLabel': 'Remodeled year'}, {'factValue': 'Forced air', 'factLabel': 'Heating'}, {'factValue': 'Other', 'factLabel': 'Cooling'}, {'factValue': '3 spaces', 'factLabel': 'Parking'}, {'factValue': '0.29 acres', 'factLabel': 'lotsize'}, {'factValue': 'No Data', 'factLabel': 'Price/sqft'}]}",,Saint Johns,"[{'rating': ['10/10', '10/10', '9/10'], 'data': {'Distance': ['0.3 mi', '0.4 mi', '2.2 mi'], 'Grades': ['PK-5', '6-8', '9-12']}, 'name': ['Hickory Creek Elementary School', 'Switzerland Point Middle School', 'Bartram Trail High School']}]","3,781 sqft",32259,5,FL,1,,,,"$484,542"
for sale,,single-family home,6908 Weaver Rd,2 Baths,"{'atAGlanceFacts': [{'factValue': '1947', 'factLabel': 'Year built'}, {'factValue': '2012', 'factLabel': 'Remodeled year'}, {'factValue': 'Other', 'factLabel': 'Heating'}, {'factValue': 'Central', 'factLabel': 'Cooling'}, {'factValue': 'Attached Garage, Carport', 'factLabel': 'Parking'}, {'factValue': '2.5 acres', 'factLabel': 'lotsize'}, {'factValue': '$106/sqft', 'factLabel': 'Price/sqft'}]}",yes,Knoxville,"[{'rating': ['6/10', '8/10', '5/10'], 'data': {'Distance': ['2.93mi', '2.97mi', '4.2mi'], 'Grades': ['PK-5', '6-8', '9-12']}, 'name': ['Karns Elementary School', 'Karns Middle School', 'Karns High School']}]","1,791 sqft",37931,3 Beds,TN,,,,1089673,"$189,900"
Active,,Single Family Home,15606 Wood Brook Ln,2,"{'atAGlanceFacts': [{'factValue': '2010', 'factLabel': 'Year built'}, {'factValue': '', 'factLabel': 'Remodeled year'}, {'factValue': '', 'factLabel': 'Heating'}, {'factValue': 'Central Electric', 'factLabel': 'Cooling'}, {'factValue': '', 'factLabel': 'Parking'}, {'factValue': '6808', 'factLabel': 'lotsize'}, {'factValue': '$146', 'factLabel': 'Price/sqft'}]}",1,College Station,"[{'rating': ['6', '7', '7', '7', '6', '6', 'NR', 'NR'], 'data': {'Distance': ['0.4 mi', '3.0 mi', '2.2 mi', '2.1 mi', '3.4 mi', '4.7 mi', '3.8 mi', '4.2 mi'], 'Grades': ['PK–4', '5–6', '9–12', 'PK–4', '7–8', '9–12', 'K–12', 'K–5']}, 'name': ['Greens Prairie Elementary School', 'Cypress Grove Intermediate School', 'College Station High School', 'Forest Ridge School', 'College Station Middle School', 'A & M Cons High School', 'Athena Learning Center of College Station Private School', 'Oakwell Academy Private School']}]",1811,77845,3,TX,1,,,28165650,"$265,000"
for sale,,townhouse,1912 Fontain St,,"{'atAGlanceFacts': [{'factValue': '1925', 'factLabel': 'Year built'}, {'factValue': '', 'factLabel': 'Remodeled year'}, {'factValue': 'Forced Air', 'factLabel': 'Heating'}, {'factValue': '', 'factLabel': 'Cooling'}, {'factValue': '', 'factLabel': 'Parking'}, {'factValue': '900 sqft', 'factLabel': 'lotsize'}, {'factValue': '$80/sqft', 'factLabel': 'Price/sqft'}]}",,Philadelphia,"[{'rating': ['1/10'], 'data': {'Distance': ['1.07mi'], 'Grades': ['9-12']}, 'name': ['Strawberry Mansion High School']}]","1,192 sqft",19121,3 Beds,PA,2.0,,,PAPH852472,"$95,000"
for sale,,condo,4111 S Ocean Dr #3706,2 Baths,"{'atAGlanceFacts': [{'factValue': '2017', 'factLabel': 'Year built'}, {'factValue': '2018', 'factLabel': 'Remodeled year'}, {'factValue': 'Forced Air', 'factLabel': 'Heating'}, {'factValue': 'Central', 'factLabel': 'Cooling'}, {'factValue': '', 'factLabel': 'Parking'}, {'factValue': '', 'factLabel': 'lotsize'}, {'factValue': '$567/sqft', 'factLabel': 'Price/sqft'}]}",,Hollywood,"[{'rating': ['3/10', '4/10', '3/10'], 'data': {'Distance': ['2.77mi', '3.64mi', '2.01mi'], 'Grades': ['9-12', '6-8', 'PK-5']}, 'name': ['Hallandale High School', 'Olsen Middle School', 'Hollywood Central Elementary School']}]","1,129 sqft",33019,2 Beds,FL,,,,A10743620,"$640,000"
,,Single Family,5643 Condon Ln,2,"{'atAGlanceFacts': [{'factValue': '1978', 'factLabel': 'Year built'}, {'factValue': '1978', 'factLabel': 'Remodeled year'}, {'factValue': 'Other', 'factLabel': 'Heating'}, {'factValue': 'Central', 'factLabel': 'Cooling'}, {'factValue': '2 spaces', 'factLabel': 'Parking'}, {'factValue': '10,371 sqft', 'factLabel': 'lotsize'}, {'factValue': '$90', 'factLabel': 'Price/sqft'}]}",,Houston,"[{'rating': ['5/10', '2/10', '2/10'], 'data': {'Distance': ['0.2 mi', '0.5 mi', '0.8 mi'], 'Grades': ['PK-5', '6-8', '9-12']}, 'name': ['Ridgegate Elementary School', 'Christa Mcauliffe Middle School', 'Willowridge High School']}]","1,828",77053,3,TX,1.0,,,50268425,"$164,900"
for sale,,single-family home,2014 Turner Rd SE,,"{'atAGlanceFacts': [{'factValue': '1963', 'factLabel': 'Year built'}, {'factValue': '1986', 'factLabel': 'Remodeled year'}, {'factValue': 'Other', 'factLabel': 'Heating'}, {'factValue': 'Central', 'factLabel': 'Cooling'}, {'factValue': '', 'factLabel': 'Parking'}, {'factValue': '0.32 acres', 'factLabel': 'lotsize'}, {'factValue': '$169/sqft', 'factLabel': 'Price/sqft'}]}",,Atlanta,"[{'rating': ['6/10', '2/10', '2/10'], 'data': {'Distance': ['2.37mi', '1.99mi', '0.37mi'], 'Grades': ['9-12', '6-8', 'PK-5']}, 'name': ['Early College High School At Carver', 'Price Middle School', 'Thomasville Heights Elementary School']}]",910 sqft,30315,3 Beds,GA,1.0,,,8703761,"$154,000"
for sale,,single-family home,504 Kensington Ave,,"{'atAGlanceFacts': [{'factValue': '1948', 'factLabel': 'Year built'}, {'factValue': '1969', 'factLabel': 'Remodeled year'}, {'factValue': 'Forced Air', 'factLabel': 'Heating'}, {'factValue': '', 'factLabel': 'Cooling'}, {'factValue': 'Detached Garage', 'factLabel': 'Parking'}, {'factValue': '8,668 sqft', 'factLabel': 'lotsize'}, {'factValue': '$130/sqft', 'factLabel': 'Price/sqft'}]}",,Ferndale,"[{'rating': ['7/10', '5/10', 'None/10'], 'data': {'Distance': ['0.32mi', '0.35mi', '1.25mi'], 'Grades': ['9-12', '6-8', 'K-2']}, 'name': ['Ferndale High School', 'Ferndale Middle School', 'Ferndale Lower Elementary Campus']}]","1,300 sqft",48220,3 Beds,MI,1.0,,,219089072,"$168,900"
for sale,,single-family home,4527 47th St,2 Baths,"{'atAGlanceFacts': [{'factValue': '1937', 'factLabel': 'Year built'}, {'factValue': '2012', 'factLabel': 'Remodeled year'}, {'factValue': 'Forced Air', 'factLabel': 'Heating'}, {'factValue': 'Central', 'factLabel': 'Cooling'}, {'factValue': 'Detached Garage, On Street', 'factLabel': 'Parking'}, {'factValue': '6,500 sqft', 'factLabel': 'lotsize'}, {'factValue': '$570/sqft', 'factLabel': 'Price/sqft'}]}",yes,San Diego,"[{'rating': ['4/10', '9/10', '4/10', '7/10', '3/10'], 'data': {'Distance': ['0.69mi', '3.47mi', '0.43mi', '2.6mi', '1.22mi'], 'Grades': ['K-5', '9-12', '9-12', '6-8', '6-8']}, 'name': ['Franklin Elementary School', 'Patrick Henry High School', 'Hoover High School', 'Lewis Middle School', 'Wilson Middle School']}]","1,630 sqft",92115,3 Beds,CA,,,,190063566,"$929,900"
For sale,,Single Family,1826 Ridgewood St,Bathrooms: 2,"{'atAGlanceFacts': [{'factValue': '1956', 'factLabel': 'Year built'}, {'factValue': '1996', 'factLabel': 'Remodeled year'}, {'factValue': 'Forced air', 'factLabel': 'Heating'}, {'factValue': 'Central', 'factLabel': 'Cooling'}, {'factValue': '1 space', 'factLabel': 'Parking'}, {'factValue': '0.35 acres lot', 'factLabel': 'lotsize'}, {'factValue': '$228', 'factLabel': 'Price/sqft'}]}",,Sarasota,"[{'rating': ['7/10'], 'data': {'Distance': ['1.4 mi'], 'Grades': ['PK-12']}, 'name': ['Riverview High School']}]","Total interior livable area: 1,750 sqft",34231,3 bd,FL,0.0,A4444035,,,"$399,000"
Active,,Transitional,10741 Tradition View Dr ,"1,500","{'atAGlanceFacts': [{'factValue': '2001', 'factLabel': 'Year built'}, {'factValue': '', 'factLabel': 'Remodeled year'}, {'factValue': '', 'factLabel': 'Heating'}, {'factValue': 'Central Air, Gas (Hot Air)', 'factLabel': 'Cooling'}, {'factValue': '', 'factLabel': 'Parking'}, {'factValue': '0.29 Acres', 'factLabel': 'lotsize'}, {'factValue': '$119 / Sq. Ft.', 'factLabel': 'Price/sqft'}]}",,Charlotte,"[{'rating': ['3', '5', '6'], 'data': {'Distance': ['0.9 mi', '2.2 mi', '1.3 mi'], 'Grades': ['K to 5', '6 to 8', '9 to 12']}, 'name': ['Mallard Creek', 'Ridge Road Middle School', 'Mallard Creek High']}]","2,681",28269,Baths,NC,,,,3554651,"319,000"
,,Single Family,858 Bay Point Dr,3.0,"{'atAGlanceFacts': [{'factValue': '1953', 'factLabel': 'Year built'}, {'factValue': '1979', 'factLabel': 'Remodeled year'}, {'factValue': 'Forced air', 'factLabel': 'Heating'}, {'factValue': 'Central', 'factLabel': 'Cooling'}, {'factValue': '2 spaces', 'factLabel': 'Parking'}, {'factValue': '7,022 sqft', 'factLabel': 'lotsize'}, {'factValue': '$294', 'factLabel': 'Price/sqft'}]}",Yes,Madeira Beach,"[{'rating': ['9/10', '5/10', '5/10'], 'data': {'Distance': ['1.8 mi', '3.7 mi', '3.5 mi'], 'Grades': ['K-5', '6-8', '9-12']}, 'name': ['Orange Grove Elementary School', 'Seminole Middle School', 'Seminole High School']}]","2,550",33708,3,FL,0,,,U8066955,"$750,000"
for sale,,lot/land,Arkadelphia Rd,,"{'atAGlanceFacts': [{'factValue': '', 'factLabel': 'Year built'}, {'factValue': '', 'factLabel': 'Remodeled year'}, {'factValue': '', 'factLabel': 'Heating'}, {'factValue': '', 'factLabel': 'Cooling'}, {'factValue': '', 'factLabel': 'Parking'}, {'factValue': '1.00 acres', 'factLabel': 'lotsize'}, {'factValue': None, 'factLabel': 'Price/sqft'}]}",,Clarksville,"[{'rating': ['8/10', '9/10'], 'data': {'Distance': ['5.75mi', '5.83mi'], 'Grades': ['6-8', '9-12']}, 'name': ['Rossview Middle School', 'Rossview High School']}]",,37040,,TN,,,,2084406,"$50,000"
for sale,,single-family home,8318 Sparkling Springs Dr,3 Baths,"{'atAGlanceFacts': [{'factValue': '1985', 'factLabel': 'Year built'}, {'factValue': '1985', 'factLabel': 'Remodeled year'}, {'factValue': 'Other', 'factLabel': 'Heating'}, {'factValue': 'Central', 'factLabel': 'Cooling'}, {'factValue': 'Detached Garage', 'factLabel': 'Parking'}, {'factValue': '6,900 sqft', 'factLabel': 'lotsize'}, {'factValue': '$105/sqft', 'factLabel': 'Price/sqft'}]}",yes,Houston,"[{'rating': ['7/10', '5/10', '7/10'], 'data': {'Distance': ['0.73mi', '0.47mi', '1.66mi'], 'Grades': ['6-8', 'PK-5', '9-12']}, 'name': ['Labay Middle School', 'Fiest Elementary School', 'Cypress Falls High School']}]","2,272 sqft",77095,4 Beds,TX,2.0,,,33575103,"$238,000"
Active,,Traditional,8702 San Juanico St ,,"{'atAGlanceFacts': [{'factValue': '', 'factLabel': 'Year built'}, {'factValue': '', 'factLabel': 'Remodeled year'}, {'factValue': 'Central Electric', 'factLabel': 'Heating'}, {'factValue': 'Central Gas', 'factLabel': 'Cooling'}, {'factValue': '', 'factLabel': 'Parking'}, {'factValue': '0.64 Acres', 'factLabel': 'lotsize'}, {'factValue': '$238 / Sq. Ft.', 'factLabel': 'Price/sqft'}]}",1,Houston,"[{'rating': ['6', '7', '4'], 'data': {'Distance': ['1.9 mi', '4.7 mi', '5.3 mi'], 'Grades': ['Preschool to 5', '6 to 8', '9 to 12']}, 'name': ['Lakeshore Elementary School', 'Woodcreek Middle', 'Summer Creek High School']}]","3,525",77044,,TX,1.5,,,15905274,"840,000"
for sale,,single-family home,4014 Rookwood Ave,2 Baths,"{'atAGlanceFacts': [{'factValue': '1925', 'factLabel': 'Year built'}, {'factValue': '1950', 'factLabel': 'Remodeled year'}, {'factValue': 'Forced Air', 'factLabel': 'Heating'}, {'factValue': '', 'factLabel': 'Cooling'}, {'factValue': '', 'factLabel': 'Parking'}, {'factValue': '5,001 sqft', 'factLabel': 'lotsize'}, {'factValue': '$70/sqft', 'factLabel': 'Price/sqft'}]}",,Indianapolis,"[{'rating': ['1/10'], 'data': {'Distance': ['0.37mi'], 'Grades': ['K-8']}, 'name': ['James Whitcomb Riley School 43']}]","3,272 sqft",46208,3 Beds,IN,,,,21676545,"$229,900"
for sale,,single-family home,3275 N Senseney Cir,2 Baths,"{'atAGlanceFacts': [{'factValue': '2001', 'factLabel': 'Year built'}, {'factValue': '2001', 'factLabel': 'Remodeled year'}, {'factValue': 'Forced Air', 'factLabel': 'Heating'}, {'factValue': 'Central', 'factLabel': 'Cooling'}, {'factValue': 'Attached Garage', 'factLabel': 'Parking'}, {'factValue': '9147 sqft', 'factLabel': 'lotsize'}, {'factValue': '$118/sqft', 'factLabel': 'Price/sqft'}]}",,Clarksville,"[{'rating': ['8/10', '6/10', '7/10'], 'data': {'Distance': ['0.12mi', '0.88mi', '0.81mi'], 'Grades': ['K-5', '9-12', '6-8']}, 'name': ['Barkers Mill Elementary School', 'West Creek High School', 'West Creek Middle School']}]","1,268 sqft",37042,3 Beds,TN,2,,,2103964,"$150,000"
For sale,,Single Family,606 Cristler Ave,1,"{'atAGlanceFacts': [{'factValue': '1918', 'factLabel': 'Year built'}, {'factValue': '1918', 'factLabel': 'Remodeled year'}, {'factValue': 'Forced air', 'factLabel': 'Heating'}, {'factValue': 'Wall', 'factLabel': 'Cooling'}, {'factValue': '1 space', 'factLabel': 'Parking'}, {'factValue': '5,837 sqft', 'factLabel': 'lotsize'}, {'factValue': '$206', 'factLabel': 'Price/sqft'}]}",,Dallas,"[{'rating': ['3/10', '5/10', '5/10'], 'data': {'Distance': ['0.4 mi', '0.3 mi', '0.3 mi'], 'Grades': ['PK-5', '6-8', '9-12']}, 'name': ['Mount Auburn Elementary School', 'J L Long Middle School', 'Woodrow Wilson High School']}]","1,064",75223,2,TX,1.0,,,14218303,"$218,995"
for sale,,single-family home,6308 Canyon Trl,2 Baths,"{'atAGlanceFacts': [{'factValue': '2002', 'factLabel': 'Year built'}, {'factValue': '', 'factLabel': 'Remodeled year'}, {'factValue': 'Forced Air', 'factLabel': 'Heating'}, {'factValue': 'Central', 'factLabel': 'Cooling'}, {'factValue': 'Attached Garage', 'factLabel': 'Parking'}, {'factValue': '0.34 acres', 'factLabel': 'lotsize'}, {'factValue': '$141/sqft', 'factLabel': 'Price/sqft'}]}",,Lake Worth,"[{'rating': ['3/10', '3/10', '2/10'], 'data': {'Distance': ['1.56mi', '0.28mi', '0.93mi'], 'Grades': ['7-8', '9-12', 'PK-4']}, 'name': ['Lucyle Collins Middle School', 'Lake Worth High School', 'Marine Creek Elementary School']}]","1,909 sqft",76135,3 Beds,TX,1,,,14212442,"$268,800"
foreclosure,,single-family home,18936 Lewiston Ave,1.5 Baths,"{'atAGlanceFacts': [{'factValue': '1930', 'factLabel': 'Year built'}, {'factValue': '1930', 'factLabel': 'Remodeled year'}, {'factValue': '', 'factLabel': 'Heating'}, {'factValue': '', 'factLabel': 'Cooling'}, {'factValue': 'Attached Garage', 'factLabel': 'Parking'}, {'factValue': '5,000 sqft', 'factLabel': 'lotsize'}, {'factValue': '$319/sqft', 'factLabel': 'Price/sqft'}]}",,Jamaica,"[{'rating': ['3/10', '3/10', '4/10', '4/10'], 'data': {'Distance': ['0.78mi', '0.78mi', '0.3mi', '0.3mi'], 'Grades': ['6-8', '6-8', 'PK-5', 'PK-5']}, 'name': ['Is 192 The Linden', 'Is 192 The Linden', 'Ps 118 Lorraine Hansberry', 'Ps 118 Lorraine Hansberry']}]","1,750 sqft",11412,4 Beds,NY,2,,,,"$557,784"
for sale,,lot/land,10845 S Vincennes Ave,,"{'atAGlanceFacts': [{'factValue': '', 'factLabel': 'Year built'}, {'factValue': '', 'factLabel': 'Remodeled year'}, {'factValue': 'Electric', 'factLabel': 'Heating'}, {'factValue': '', 'factLabel': 'Cooling'}, {'factValue': '', 'factLabel': 'Parking'}, {'factValue': '5900 sqft', 'factLabel': 'lotsize'}, {'factValue': None, 'factLabel': 'Price/sqft'}]}",,Chicago,"[{'rating': ['4/10', '3/10', '1/10'], 'data': {'Distance': ['0.44mi', '0.37mi', '6.78mi'], 'Grades': ['7-12', 'PK-8', '9-12']}, 'name': ['Morgan Park High School', 'Shoop Math-Sci Tech Elementary Academy', 'Hope College Prep High School']}]",,60643,,IL,,,,09788145,"$21,900"
for sale,,single-family home,1 Creekside Dr,6 Baths,"{'atAGlanceFacts': [{'factValue': '2007', 'factLabel': 'Year built'}, {'factValue': '', 'factLabel': 'Remodeled year'}, {'factValue': 'Forced Air', 'factLabel': 'Heating'}, {'factValue': 'Central', 'factLabel': 'Cooling'}, {'factValue': 'Attached Garage', 'factLabel': 'Parking'}, {'factValue': '4.58 acres', 'factLabel': 'lotsize'}, {'factValue': '$258/sqft', 'factLabel': 'Price/sqft'}]}",yes,Cincinnati,"[{'rating': ['None/10', '9/10', '9/10', '8/10'], 'data': {'Distance': ['3.69mi', '3.77mi', '3.13mi', '3.26mi'], 'Grades': ['PK-2', '3-5', '9-12', '6-8']}, 'name': ['Indian Hill Primary Elementary School', 'Indian Hill Elementary School', 'Indian Hill High School', 'Indian Hill Middle School']}]","7,562 sqft",45242,5 Beds,OH,2.0,,,1632032,"$1,950,000"
Active,,Single Family Home,16220 SW 12th Ter,2,"{'atAGlanceFacts': [{'factValue': '2008', 'factLabel': 'Year built'}, {'factValue': '', 'factLabel': 'Remodeled year'}, {'factValue': 'Central Gas', 'factLabel': 'Heating'}, {'factValue': 'Attic Fan, Ceiling Fan, Central Electric', 'factLabel': 'Cooling'}, {'factValue': '', 'factLabel': 'Parking'}, {'factValue': '6534', 'factLabel': 'lotsize'}, {'factValue': '$128', 'factLabel': 'Price/sqft'}]}",,Ocala,"[{'rating': ['1', '4', '3', '2', '5', '4'], 'data': {'Distance': ['3.2 mi', '2.8 mi', '17.4 mi', '4.2 mi', '6.9 mi', '7.1 mi'], 'Grades': ['K–4', '5–8', '9–12', 'PK–5', '6–8', '9–12']}, 'name': ['Sunrise Elementary School', 'Horizon Academy At Marion Oaks School', 'Dunnellon High School', 'Marion Oaks Elementary School', 'Belleview Middle School', 'Belleview High School']}]",1480,34473,2,FL,1,,,565773,"$189,500"
Active Under Contract,,Single Family Home,7300 Berkshire Dr,3,"{'atAGlanceFacts': [{'factValue': '1971', 'factLabel': 'Year built'}, {'factValue': '', 'factLabel': 'Remodeled year'}, {'factValue': 'Forced Air Heating', 'factLabel': 'Heating'}, {'factValue': 'Central A/C', 'factLabel': 'Cooling'}, {'factValue': 'Concrete Driveway, Attached Garage', 'factLabel': 'Parking'}, {'factValue': '11245', 'factLabel': 'lotsize'}, {'factValue': '$232', 'factLabel': 'Price/sqft'}]}",,Clinton,"[{'rating': ['3', '3', '3', '6', '4', '1', 'NR', 'NR'], 'data': {'Distance': ['0.6 mi', '0.9 mi', '1.9 mi', '0.6 mi', '1.3 mi', '1.4 mi', '0.9 mi', '1.0 mi'], 'Grades': ['PK–5', '6–8', '9–12', 'K–8', '6–8', '9–12', 'K–7', 'PK–12']}, 'name': ['James Ryder Randall Elementary School', 'Stephen Decatur Middle School', 'Surrattsville High School', 'Imagine Andrews School', 'Thurgood Marshall Middle School', 'Crossland Evening/Saturday High School', 'Hopewell Academy Private School', 'Progressive Christian Academy Private School']}]",1078,20735,4.0,MD,2,,,MDPG551212,"$249,900"
Pre-foreclosure,Yes,Single Family,1125 Seasons Blvd,Bathrooms: 2,"{'atAGlanceFacts': [{'factValue': '2005', 'factLabel': 'Year built'}, {'factValue': '2005', 'factLabel': 'Remodeled year'}, {'factValue': 'Other', 'factLabel': 'Heating'}, {'factValue': 'Other', 'factLabel': 'Cooling'}, {'factValue': '2 spaces', 'factLabel': 'Parking'}, {'factValue': '5,750 sqft', 'factLabel': 'lotsize'}, {'factValue': '', 'factLabel': 'Price/sqft'}]}",,Kissimmee,"[{'rating': ['4/10', '4/10', '3/10'], 'data': {'Distance': ['3.8 mi', '2.2 mi', '4.3 mi'], 'Grades': ['PK-5', '6-8', '9-12']}, 'name': ['Central Avenue Elementary School', 'Kissimmee Middle School', 'Poinciana High School']}]","Total interior livable area: 1,940 sqft",34746,4 bd,FL,1.0,,,,"$249,750"
Active,,Single Detached,12914 Fall Manor Dr ,,"{'atAGlanceFacts': [{'factValue': '1980', 'factLabel': 'Year built'}, {'factValue': '1980', 'factLabel': 'Remodeled year'}, {'factValue': '', 'factLabel': 'Heating'}, {'factValue': 'Central A/C (Electric), Central Heat (Gas)', 'factLabel': 'Cooling'}, {'factValue': '', 'factLabel': 'Parking'}, {'factValue': '8,751 Sq. Ft.', 'factLabel': 'lotsize'}, {'factValue': '$133 / Sq. Ft.', 'factLabel': 'Price/sqft'}]}",2,Dallas,"[{'rating': ['6', '9', '7', '7', '4', '7'], 'data': {'Distance': ['0.8 mi', '3.7 mi', '0.5 mi', '2.2 mi', '1.5 mi', '3.3 mi'], 'Grades': ['Preschool to 6', 'Preschool to 6', '7 to 8', '7 to 8', '9 to 12', '9 to 12']}, 'name': ['Richland Elementary School', 'Arapaho Classical Magnet', 'Liberty J High School', 'Apollo J High School', 'Berkner High School', 'Richardson High School']}]","2,323",75243,,TX,,,,14225545,"310,000"
for sale,,lot/land,Lone Mtn,,"{'atAGlanceFacts': [{'factValue': '', 'factLabel': 'Year built'}, {'factValue': '', 'factLabel': 'Remodeled year'}, {'factValue': '', 'factLabel': 'Heating'}, {'factValue': '', 'factLabel': 'Cooling'}, {'factValue': '', 'factLabel': 'Parking'}, {'factValue': '2.50 acres', 'factLabel': 'lotsize'}, {'factValue': None, 'factLabel': 'Price/sqft'}]}",,Las Vegas,"[{'rating': ['None/10', '6/10', '6/10'], 'data': {'Distance': ['0.75mi', '1.51mi', '0.81mi'], 'Grades': ['6-8', '9-12', 'PK-5']}, 'name': ['Edmundo Eddie Escobedo Sr Middle School', 'Centennial High School', 'Marshall C Darnell Elementary School']}]",,89149,,NV,,,,2080574,"$500,000"
,,Single Family,13606 Bylake Ct,4,"{'atAGlanceFacts': [{'factValue': '2005', 'factLabel': 'Year built'}, {'factValue': '2005', 'factLabel': 'Remodeled year'}, {'factValue': 'Other', 'factLabel': 'Heating'}, {'factValue': 'Central', 'factLabel': 'Cooling'}, {'factValue': '2 spaces', 'factLabel': 'Parking'}, {'factValue': '7,461 sqft', 'factLabel': 'lotsize'}, {'factValue': '$230', 'factLabel': 'Price/sqft'}]}",,Houston,"[{'rating': ['10/10', '7/10', '7/10'], 'data': {'Distance': ['0.8 mi', '0.9 mi', '0.7 mi'], 'Grades': ['PK-5', '6-8', '9-12']}, 'name': ['Bush Elementary School', 'West Briar Middle School', 'Westside High School']}]","3,733",77077,4,TX,2.0,,Yes,57417275,"$859,000"
Active,,Land,14735 NW 111th Ct,,"{'atAGlanceFacts': [{'factValue': '1997', 'factLabel': 'Year built'}, {'factValue': '', 'factLabel': 'Remodeled year'}, {'factValue': '', 'factLabel': 'Heating'}, {'factValue': '', 'factLabel': 'Cooling'}, {'factValue': '', 'factLabel': 'Parking'}, {'factValue': '435600', 'factLabel': 'lotsize'}, {'factValue': None, 'factLabel': 'Price/sqft'}]}",,Reddick,"[{'rating': ['1', '4', '3', '1', '6', '5'], 'data': {'Distance': ['8.8 mi', '8.9 mi', '10.3 mi', '6.4 mi', '14.5 mi', '14.3 mi'], 'Grades': ['PK–5', '6–8', '9–12', 'PK–5', '6–8', '9–12']}, 'name': ['Fessenden Elementary School', 'North Marion Middle School', 'North Marion High School', 'Reddick-Collier Elementary School', 'Howard Middle School', 'Vanguard High School']}]",0,32686,,FL,,,,561784,"$104,900"
Active,,Land,11908 Nyanza Rd SW,,"{'atAGlanceFacts': [{'factValue': '1913', 'factLabel': 'Year built'}, {'factValue': '', 'factLabel': 'Remodeled year'}, {'factValue': '', 'factLabel': 'Heating'}, {'factValue': '', 'factLabel': 'Cooling'}, {'factValue': '', 'factLabel': 'Parking'}, {'factValue': '81022', 'factLabel': 'lotsize'}, {'factValue': None, 'factLabel': 'Price/sqft'}]}",,Lakewood,"[{'rating': ['3', '2', '1', '3', '5', '1', 'NR', 'NR'], 'data': {'Distance': ['1.2 mi', '2.1 mi', '0.6 mi', '0.7 mi', '1.3 mi', '0.7 mi', '0.8 mi', '1.0 mi'], 'Grades': ['PK–5', '6–8', '9–12', 'PK–5', '6–12', '9–12', 'PK–4', 'PK–8']}, 'name': ['Idlewild Elementary School', 'Lochburn Middle School', 'Clover Park High School', 'Tyee Park Elementary School', 'Harrison Preparatory School', 'CPSD Open Doors Program School', ""St. Mary's Episcopal Private School"", 'St Frances Cabrini Private School']}]",0,98499,,WA,,,,1487079,"$975,000"
for sale,,single-family home,10720 NW 53rd Ter,3 Baths,"{'atAGlanceFacts': [{'factValue': '1995', 'factLabel': 'Year built'}, {'factValue': '1995', 'factLabel': 'Remodeled year'}, {'factValue': 'Forced Air', 'factLabel': 'Heating'}, {'factValue': 'Central', 'factLabel': 'Cooling'}, {'factValue': 'Attached Garage', 'factLabel': 'Parking'}, {'factValue': '10.0 acres', 'factLabel': 'lotsize'}, {'factValue': '$188/sqft', 'factLabel': 'Price/sqft'}]}",yes,Gainesville,"[{'rating': ['3/10', '1/10', '6/10', 'None/10'], 'data': {'Distance': ['6.4mi', '6.04mi', '8.12mi', '5.64mi'], 'Grades': ['6-8', 'PK-5', '9-12', 'PK-2']}, 'name': ['A. L. Mebane Middle School', 'Alachua Elementary School', 'Santa Fe High School', 'W. W. Irby Elementary School']}]","3,991 sqft",32653,3 Beds,FL,2.0,,,428775,"$749,997"
for sale,,lot/land,2057 Houston St,,"{'atAGlanceFacts': [{'factValue': '1924', 'factLabel': 'Year built'}, {'factValue': '', 'factLabel': 'Remodeled year'}, {'factValue': 'Gas', 'factLabel': 'Heating'}, {'factValue': '', 'factLabel': 'Cooling'}, {'factValue': '', 'factLabel': 'Parking'}, {'factValue': '5,663 sqft', 'factLabel': 'lotsize'}, {'factValue': None, 'factLabel': 'Price/sqft'}]}",,Indianapolis,"[{'rating': ['1/10', '1/10'], 'data': {'Distance': ['0.96mi', '1.93mi'], 'Grades': ['K-6', '9-12']}, 'name': ['Brookside School 54', 'Arsenal Technical High School']}]",,46218,,IN,,,,21676588,"$25,000"
,,Single Family,7621 SW 162nd St,4.0,"{'atAGlanceFacts': [{'factValue': '1977', 'factLabel': 'Year built'}, {'factValue': '1987', 'factLabel': 'Remodeled year'}, {'factValue': 'Forced air', 'factLabel': 'Heating'}, {'factValue': 'Central', 'factLabel': 'Cooling'}, {'factValue': '2 spaces', 'factLabel': 'Parking'}, {'factValue': '0.36 acres', 'factLabel': 'lotsize'}, {'factValue': '$201', 'factLabel': 'Price/sqft'}]}",Yes,Palmetto Bay,"[{'rating': ['9/10', '7/10', '6/10'], 'data': {'Distance': ['0.7 mi', '0.4 mi', '2.5 mi'], 'Grades': ['PK-5', '6-8', '8-12']}, 'name': ['Coral Reef Elementary School', 'Southwood Middle School', 'Miami Palmetto Senior High School']}]","3,606",33157,4,FL,1.0,,Yes,A10746278,"$725,000"
Active,,"Detached, Two Story",7964 SW 194th St ,,"{'atAGlanceFacts': [{'factValue': '2006', 'factLabel': 'Year built'}, {'factValue': '2006', 'factLabel': 'Remodeled year'}, {'factValue': 'Central Air, Zoned', 'factLabel': 'Heating'}, {'factValue': 'Has Cooling', 'factLabel': 'Cooling'}, {'factValue': '', 'factLabel': 'Parking'}, {'factValue': '8,487 Sq. Ft.', 'factLabel': 'lotsize'}, {'factValue': '$123 / Sq. Ft.', 'factLabel': 'Price/sqft'}]}",,Cutler Bay,"[{'rating': ['5', '10', 'NR', '2', '2'], 'data': {'Distance': ['1.6 mi', '6.9 mi', '4.4 mi', '1.7 mi', '3.4 mi'], 'Grades': ['Preschool to 5', 'Preschool to 8', 'K to 9', '6 to 8', '8 to 12']}, 'name': ['Dr. Edward L. Whigham Elementary School', 'Air Base Elementary School', 'Robert Morgan Voc-Tech Institute', 'Cutler Bay Academy of Advanced Studies, Cutler Ridge Campus', 'Miami Southridge Senior High School']}]","5,157",33157,,FL,,,,A10696630,"635,000"
for sale,,single-family home,Taft Plan in Cinco Lakes,2 Baths,"{'atAGlanceFacts': [{'factValue': '', 'factLabel': 'Year built'}, {'factValue': '', 'factLabel': 'Remodeled year'}, {'factValue': '', 'factLabel': 'Heating'}, {'factValue': '', 'factLabel': 'Cooling'}, {'factValue': '', 'factLabel': 'Parking'}, {'factValue': '', 'factLabel': 'lotsize'}, {'factValue': '$128/sqft', 'factLabel': 'Price/sqft'}]}",,San Antonio,"[{'rating': ['7/10', '3/10', '4/10'], 'data': {'Distance': ['3.31mi', '3.31mi', '3.31mi'], 'Grades': ['PK-5', '9-12', '6-8']}, 'name': ['Southwest Elementary School', 'Southwest High School', 'Ronald E Mcnair Middle School']}]","1,512 sqft",78252,3 Beds,TX,1.0,,,,"$193,490+"
for sale,,single-family home,9814 Maie Ave,,"{'atAGlanceFacts': [{'factValue': '1922', 'factLabel': 'Year built'}, {'factValue': '1951', 'factLabel': 'Remodeled year'}, {'factValue': 'Wall', 'factLabel': 'Heating'}, {'factValue': 'None', 'factLabel': 'Cooling'}, {'factValue': '', 'factLabel': 'Parking'}, {'factValue': '3,249 sqft', 'factLabel': 'lotsize'}, {'factValue': '$346/sqft', 'factLabel': 'Price/sqft'}]}",,Los Angeles,"[{'rating': ['2/10', '1/10', '4/10'], 'data': {'Distance': ['0.77mi', '0.39mi', '0.28mi'], 'Grades': ['9-12', '6-8', 'K-6']}, 'name': ['Animo College Preparatory Academy', 'Edwin Markham Middle School', 'Ninety-Sixth Street Elementary School']}]","1,041 sqft",90002,2 Beds,CA,1.0,,,RS19093176,"$360,000"
Active,,,743 Longhunter Ct ,,"{'atAGlanceFacts': [{'factValue': '1976', 'factLabel': 'Year built'}, {'factValue': '1976', 'factLabel': 'Remodeled year'}, {'factValue': 'Central', 'factLabel': 'Heating'}, {'factValue': 'Electric', 'factLabel': 'Cooling'}, {'factValue': '', 'factLabel': 'Parking'}, {'factValue': '—', 'factLabel': 'lotsize'}, {'factValue': '$91 / Sq. Ft.', 'factLabel': 'Price/sqft'}]}",,Nashville,"[{'rating': ['3', '3', '3', '8', '2', '1'], 'data': {'Distance': ['0.8 mi', '8.9 mi', '5.8 mi', '8.7 mi', '4.0 mi', '8.4 mi'], 'Grades': ['K to 4', 'Preschool to 4', '5 to 8', '5 to 8', '9 to 12', '9 to 12']}, 'name': ['Una Elementary School', 'Carter Lawrence Elementary Magnet', 'Margaret Allen Middle School', 'Rose Park Math/ Science Middle Magnet', 'Antioch High School', 'Stratford Comp High School']}]","1,864",37217,,TN,,,,2096718,"169,900"
Active,,,MLS #: UCOM1702686,,"{'atAGlanceFacts': [{'factValue': '', 'factLabel': 'Year built'}, {'factValue': '', 'factLabel': 'Remodeled year'}, {'factValue': '', 'factLabel': 'Heating'}, {'factValue': '', 'factLabel': 'Cooling'}, {'factValue': '', 'factLabel': 'Parking'}, {'factValue': '—', 'factLabel': 'lotsize'}, {'factValue': None, 'factLabel': 'Price/sqft'}]}",,New York,"[{'rating': ['10', '9', 'NR', 'NR'], 'data': {'Distance': ['0.3 mi', '0.1 mi', '0.2 mi', '0.2 mi'], 'Grades': ['Preschool to 5', 'K to 12', '6 to 12', 'Preschool to 8']}, 'name': ['PS 452', 'Special Music School', 'Fusion Academy Manhattan - Lincoln Center', 'School of the Blessed Sacrament School']}]",,10023,,NY,,,,UCOM1702686,"625,000"
Active,,,MLS #: HALS19699418,,"{'atAGlanceFacts': [{'factValue': '', 'factLabel': 'Year built'}, {'factValue': '', 'factLabel': 'Remodeled year'}, {'factValue': '', 'factLabel': 'Heating'}, {'factValue': '', 'factLabel': 'Cooling'}, {'factValue': '', 'factLabel': 'Parking'}, {'factValue': '—', 'factLabel': 'lotsize'}, {'factValue': None, 'factLabel': 'Price/sqft'}]}",,New York,"[{'rating': ['4', '8', '2', '1', '9'], 'data': {'Distance': ['0.2 mi', '0.1 mi', '0.4 mi', '0.6 mi', '0.1 mi'], 'Grades': ['Preschool to 5', 'Preschool to 5', '6 to 8', '6 to 8', '6 to 12']}, 'name': ['PS 154 Harriet Tubman', 'PS 125 Ralph Bunche', 'IS 286 Renaissance Military Leadership Academy', 'Knowledge And Power Prep Academy IV', 'Columbia Secondary School']}]",,10027,,NY,,,,HALS19699418,"965,000"
,,Single Family,680 W 51st Pl,1.0,"{'atAGlanceFacts': [{'factValue': '1957', 'factLabel': 'Year built'}, {'factValue': '1968', 'factLabel': 'Remodeled year'}, {'factValue': 'No Data', 'factLabel': 'Heating'}, {'factValue': 'No Data', 'factLabel': 'Cooling'}, {'factValue': 'Carport', 'factLabel': 'Parking'}, {'factValue': '7,492 sqft', 'factLabel': 'lotsize'}, {'factValue': None, 'factLabel': 'Price/sqft'}]}",,Hialeah,"[{'rating': ['7/10', '4/10', '3/10'], 'data': {'Distance': ['0.9 mi', '0.6 mi', '1.2 mi'], 'Grades': ['PK-5', '6-8', '9-12']}, 'name': ['Twin Lakes Elementary School', 'Palm Springs Middle School', 'Hialeah Senior High School']}]","1,304 sqft",33012,3,FL,1.0,,,,"$346,396"
for sale,,single-family home,7500 Martha Ct,2 Baths,"{'atAGlanceFacts': [{'factValue': '1980', 'factLabel': 'Year built'}, {'factValue': '', 'factLabel': 'Remodeled year'}, {'factValue': 'Forced Air', 'factLabel': 'Heating'}, {'factValue': '', 'factLabel': 'Cooling'}, {'factValue': '', 'factLabel': 'Parking'}, {'factValue': '0.55 acres', 'factLabel': 'lotsize'}, {'factValue': '$110/sqft', 'factLabel': 'Price/sqft'}]}",yes,Fayetteville,"[{'rating': ['7/10', '4/10', '2/10'], 'data': {'Distance': ['0.96mi', '4.75mi', '2.95mi'], 'Grades': ['PK-5', '6-8', '9-12']}, 'name': ['E E Miller Elementary', 'Anne Chesnutt Middle', 'Seventy-First High']}]","1,456 sqft",28314,4 Beds,NC,1.0,,,623159,"$160,000"
Active,,,0 N Carolina ,,"{'atAGlanceFacts': [{'factValue': '', 'factLabel': 'Year built'}, {'factValue': '', 'factLabel': 'Remodeled year'}, {'factValue': '', 'factLabel': 'Heating'}, {'factValue': '', 'factLabel': 'Cooling'}, {'factValue': '', 'factLabel': 'Parking'}, {'factValue': '5,000 Sq. Ft.', 'factLabel': 'lotsize'}, {'factValue': None, 'factLabel': 'Price/sqft'}]}",,Houston,"[{'rating': ['7', '5', '4'], 'data': {'Distance': ['2.0 mi', '3.6 mi', '1.1 mi'], 'Grades': ['Preschool to 5', '6 to 8', '9 to 12']}, 'name': ['Jacinto City Elementary School', 'Woodland Acres Middle School', 'Galena Park High School']}]",,77029,,TX,,,,80182260,"23,000"
,,Condo,4611 Travis St # 807A,2.0,"{'atAGlanceFacts': [{'factValue': '2000', 'factLabel': 'Year built'}, {'factValue': '2000', 'factLabel': 'Remodeled year'}, {'factValue': 'Forced air', 'factLabel': 'Heating'}, {'factValue': 'Central', 'factLabel': 'Cooling'}, {'factValue': '2 spaces', 'factLabel': 'Parking'}, {'factValue': None, 'factLabel': 'lotsize'}, {'factValue': '$359', 'factLabel': 'Price/sqft'}]}",,Dallas,"[{'rating': ['5/10', '5/10', '2/10'], 'data': {'Distance': ['0.5 mi', '1 mi', '0.9 mi'], 'Grades': ['PK-5', '6-8', '9-12']}, 'name': ['Ben Milam Elementary School', 'Alex W Spence Talented/Gifted Academy', 'North Dallas High School']}]","1,533",75205,2,TX,2.0,,Yes," 807A, Dallas, TX 75205","$550,000"
for sale,,single-family home,Hollister Plan in Pine Lakes Crossing,2.5 Baths,"{'atAGlanceFacts': [{'factValue': '', 'factLabel': 'Year built'}, {'factValue': '', 'factLabel': 'Remodeled year'}, {'factValue': '', 'factLabel': 'Heating'}, {'factValue': '', 'factLabel': 'Cooling'}, {'factValue': '', 'factLabel': 'Parking'}, {'factValue': '', 'factLabel': 'lotsize'}, {'factValue': '$141/sqft', 'factLabel': 'Price/sqft'}]}",,Strongsville,"[{'rating': ['8/10'], 'data': {'Distance': ['3.62mi'], 'Grades': ['9-12']}, 'name': ['Strongsville High School']}]","3,022 sqft",44136,4 Beds,OH,2.0,,,,"$425,900+"
for sale,,single-family home,4202 Winecoff Ct,2 Baths,"{'atAGlanceFacts': [{'factValue': '1994', 'factLabel': 'Year built'}, {'factValue': '', 'factLabel': 'Remodeled year'}, {'factValue': 'Heat Pump', 'factLabel': 'Heating'}, {'factValue': 'Central', 'factLabel': 'Cooling'}, {'factValue': 'Attached Garage', 'factLabel': 'Parking'}, {'factValue': '0.26 acres', 'factLabel': 'lotsize'}, {'factValue': '$174/sqft', 'factLabel': 'Price/sqft'}]}",,Wilmington,"[{'rating': ['8/10', '5/10', '4/10'], 'data': {'Distance': ['3.0mi', '1.7mi', '4.46mi'], 'Grades': ['1-5', '6-8', '9-12']}, 'name': ['Heyward C Bellamy Elementary', 'Myrtle Grove Middle', 'Eugene Ashley High']}]","1,373 sqft",28409,3 Beds,NC,1.0,,,100195626,"$239,000"
Active,,Land,NE 58th Cir,,"{'atAGlanceFacts': [{'factValue': '', 'factLabel': 'Year built'}, {'factValue': '', 'factLabel': 'Remodeled year'}, {'factValue': '', 'factLabel': 'Heating'}, {'factValue': '', 'factLabel': 'Cooling'}, {'factValue': '', 'factLabel': 'Parking'}, {'factValue': '11326', 'factLabel': 'lotsize'}, {'factValue': None, 'factLabel': 'Price/sqft'}]}",,Silver Springs,"[{'rating': ['3', '4', '5', 'NR', 'NR', '1', 'NR', 'NR'], 'data': {'Distance': ['2.1 mi', '4.5 mi', '5.1 mi', '3.5 mi', '4.6 mi', '4.6 mi', '2.6 mi', '2.6 mi'], 'Grades': ['K–5', '6–8', '9–12', 'K–12', 'K–12', '6–12', '1–10', 'K–11']}, 'name': ['Ocala Springs Elementary School', 'Fort King Middle School', 'Vanguard High School', 'Kingsbury Academy School', 'Marion Virtual Instruction Program School', 'Hillcrest School', 'Cedar Creek Christian Academy Private School', 'Life Christian Academy Private School']}]",0,34488,,FL,,,,566527,"$35,000"
For sale,,Single Family,7136 Corvus Cir,3 ba,"{'atAGlanceFacts': [{'factValue': '2017', 'factLabel': 'Year built'}, {'factValue': '', 'factLabel': 'Remodeled year'}, {'factValue': 'Forced air', 'factLabel': 'Heating'}, {'factValue': 'Central', 'factLabel': 'Cooling'}, {'factValue': '4 spaces', 'factLabel': 'Parking'}, {'factValue': '4,499 sqft', 'factLabel': 'lotsize'}, {'factValue': '$229', 'factLabel': 'Price/sqft'}]}",,Roseville,"[{'rating': ['10/10', '9/10', '7/10'], 'data': {'Distance': ['1.3 mi', '0.9 mi', '6.9 mi'], 'Grades': ['K-5', '6-8', '9-12']}, 'name': ['Junction Elementary School', 'Barbara Chilton Middle School', 'Roseville High School']}]","1,974 sqft",95747,3 bd,CA,,19079265,,,"$452,900"
for sale,,condo,21 Lamson St #2,,"{'atAGlanceFacts': [{'factValue': '1905', 'factLabel': 'Year built'}, {'factValue': '2014', 'factLabel': 'Remodeled year'}, {'factValue': 'Baseboard', 'factLabel': 'Heating'}, {'factValue': '', 'factLabel': 'Cooling'}, {'factValue': 'On Street', 'factLabel': 'Parking'}, {'factValue': '716 sqft', 'factLabel': 'lotsize'}, {'factValue': '$697/sqft', 'factLabel': 'Price/sqft'}]}",,East Boston,"[{'rating': [], 'data': {'Distance': [], 'Grades': []}, 'name': []}]",716 sqft,2128,2 Beds,MA,3.0,,,72591649,"$499,000"
for sale,,single-family home,1788 S Cherry Tree Ln,3 Baths,"{'atAGlanceFacts': [{'factValue': '1966', 'factLabel': 'Year built'}, {'factValue': '', 'factLabel': 'Remodeled year'}, {'factValue': '', 'factLabel': 'Heating'}, {'factValue': '', 'factLabel': 'Cooling'}, {'factValue': '', 'factLabel': 'Parking'}, {'factValue': '9147 sqft', 'factLabel': 'lotsize'}, {'factValue': '$166/sqft', 'factLabel': 'Price/sqft'}]}",,Cottonwood Heights,"[{'rating': ['7/10', '6/10', '5/10'], 'data': {'Distance': ['2.88mi', '1.41mi', '0.33mi'], 'Grades': ['8-12', '6-8', 'K-5']}, 'name': ['Brighton High School', 'Butler Middle School', 'Ridgecrest School']}]","3,420 sqft",84121,6 Beds,UT,,,,1642179,"$569,000"
Active,,Mfd/Mobile Home,4231 W 450 S,2,"{'atAGlanceFacts': [{'factValue': '2000', 'factLabel': 'Year built'}, {'factValue': '', 'factLabel': 'Remodeled year'}, {'factValue': 'ForcedAir', 'factLabel': 'Heating'}, {'factValue': 'Central Electric', 'factLabel': 'Cooling'}, {'factValue': '', 'factLabel': 'Parking'}, {'factValue': '21780', 'factLabel': 'lotsize'}, {'factValue': '$111', 'factLabel': 'Price/sqft'}]}",,Columbus,"[{'rating': ['6', '5', '6', '7', 'NR', '5', 'NR'], 'data': {'Distance': ['4.6 mi', '5.7 mi', '6.9 mi', '3.1 mi', '6.9 mi', '6.1 mi', '4.5 mi'], 'Grades': ['PK–6', '7–8', '9–12', 'PK–6', '9–12', 'PK–6']}, 'name': ['Mount Healthy Elementary School', 'Central Middle School', 'Columbus North High School', 'Southside Elementary School', 'Columbus Area Career Connection School', 'Columbus East High School', 'Abc Learn Cntr/Stewart Elementary Private School']}]",1080,47201,2.0,IN,1 Level,,,21675919,"$119,900"
for sale,,single-family home,1406 Titian Ct,6 Baths,"{'atAGlanceFacts': [{'factValue': '2012', 'factLabel': 'Year built'}, {'factValue': '2012', 'factLabel': 'Remodeled year'}, {'factValue': 'Other', 'factLabel': 'Heating'}, {'factValue': 'Central', 'factLabel': 'Cooling'}, {'factValue': 'Attached Garage', 'factLabel': 'Parking'}, {'factValue': '0.28 acres', 'factLabel': 'lotsize'}, {'factValue': '$456/sqft', 'factLabel': 'Price/sqft'}]}",,Reunion,"[{'rating': ['4/10', '3/10', '5/10'], 'data': {'Distance': ['6.37mi', '6.16mi', '7.44mi'], 'Grades': ['PK-5', '9-12', '6-8']}, 'name': ['Reedy Creek Elementary School', 'Poinciana High School', 'Horizon Middle School']}]","3,922 sqft",34747,4 Beds,FL,,,yes,S5017502,"$1,789,000"
foreclosure,,single-family home,13529 Bracken St,,"{'atAGlanceFacts': [{'factValue': '1950', 'factLabel': 'Year built'}, {'factValue': '1950', 'factLabel': 'Remodeled year'}, {'factValue': 'Wall', 'factLabel': 'Heating'}, {'factValue': '', 'factLabel': 'Cooling'}, {'factValue': '1', 'factLabel': 'Parking'}, {'factValue': '6,000 sqft', 'factLabel': 'lotsize'}, {'factValue': '$571/sqft', 'factLabel': 'Price/sqft'}]}",,Arleta,"[{'rating': ['4/10', '3/10', '4/10'], 'data': {'Distance': ['1.58mi', '1.41mi', '0.12mi'], 'Grades': ['9-12', '6-8', 'K-5']}, 'name': ['Arleta High School', 'Richard E. Byrd Middle School', 'Canterbury Avenue Elementary School']}]",848 sqft,91331,3 Beds,CA,1.0,,,,"$487,402"
,,Single Family,4439 Misty Springs Dr,3.0,"{'atAGlanceFacts': [{'factValue': '1996', 'factLabel': 'Year built'}, {'factValue': None, 'factLabel': 'Remodeled year'}, {'factValue': 'Forced air', 'factLabel': 'Heating'}, {'factValue': 'Central', 'factLabel': 'Cooling'}, {'factValue': '1 space', 'factLabel': 'Parking'}, {'factValue': '8,712 sqft', 'factLabel': 'lotsize'}, {'factValue': '$93', 'factLabel': 'Price/sqft'}]}",Not Applicable,San Antonio,"[{'rating': ['4/10', '3/10', '3/10'], 'data': {'Distance': ['0.9 mi', '0.6 mi', '1.5 mi'], 'Grades': ['PK-5', '6-8', '9-12']}, 'name': ['William Paschall Elementary School', 'Kirby Middle School', 'Karen Wagner High School']}]","1,501",78244,3,TX,2.0,,,1380449,"$139,950"
,,Single Family,7502 Creston Ln,2,"{'atAGlanceFacts': [{'factValue': '1959', 'factLabel': 'Year built'}, {'factValue': None, 'factLabel': 'Remodeled year'}, {'factValue': 'Other', 'factLabel': 'Heating'}, {'factValue': 'Central', 'factLabel': 'Cooling'}, {'factValue': 'No Data', 'factLabel': 'Parking'}, {'factValue': '0.25 acres', 'factLabel': 'lotsize'}, {'factValue': None, 'factLabel': 'Price/sqft'}]}",,Austin,"[{'rating': ['4/10', '2/10', '4/10'], 'data': {'Distance': ['0.2 mi', '0.7 mi', '1.2 mi'], 'Grades': ['PK-6', '6-8', '9-12']}, 'name': ['Brown Elementary School', 'Webb Middle School', 'Lanier High School']}]","1,575 sqft",78752, ,TX,1.0,,Yes,,"$416,072"
for sale,,townhouse,171 Barrow,2 Baths,"{'atAGlanceFacts': [{'factValue': '', 'factLabel': 'Year built'}, {'factValue': '', 'factLabel': 'Remodeled year'}, {'factValue': '', 'factLabel': 'Heating'}, {'factValue': '', 'factLabel': 'Cooling'}, {'factValue': '', 'factLabel': 'Parking'}, {'factValue': '', 'factLabel': 'lotsize'}, {'factValue': '$409/sqft', 'factLabel': 'Price/sqft'}]}",,Irvine,"[{'rating': ['10/10', '9/10', '9/10'], 'data': {'Distance': ['0.76mi', '1.1mi', '1.37mi'], 'Grades': ['K-6', '7-8', '9-12']}, 'name': ['Santiago Hills Elementary School', 'Sierra Vista Middle School', 'Northwood High School']}]","1,954 sqft",92620,2 Beds,CA,2,,,,"$799,990"
for sale,,lot/land,9155 Bunting Rd,,"{'atAGlanceFacts': [{'factValue': '', 'factLabel': 'Year built'}, {'factValue': '', 'factLabel': 'Remodeled year'}, {'factValue': 'Electric', 'factLabel': 'Heating'}, {'factValue': '', 'factLabel': 'Cooling'}, {'factValue': '', 'factLabel': 'Parking'}, {'factValue': '1.02 acres', 'factLabel': 'lotsize'}, {'factValue': None, 'factLabel': 'Price/sqft'}]}",,Weeki Wachee,"[{'rating': ['5/10', '5/10'], 'data': {'Distance': ['2.9mi', '2.82mi'], 'Grades': ['9-12', 'PK-8']}, 'name': ['Weeki Wachee High School', 'Winding Waters K-8']}]",,34613,,FL,,,,W7814337,"$25,000"
for sale,,single-family home,4420 Blackberry Trellis Ln,3 Baths,"{'atAGlanceFacts': [{'factValue': '', 'factLabel': 'Year built'}, {'factValue': '', 'factLabel': 'Remodeled year'}, {'factValue': '', 'factLabel': 'Heating'}, {'factValue': '', 'factLabel': 'Cooling'}, {'factValue': '', 'factLabel': 'Parking'}, {'factValue': '', 'factLabel': 'lotsize'}, {'factValue': '$101/sqft', 'factLabel': 'Price/sqft'}]}",,Knoxville,"[{'rating': ['6/10', '6/10', '5/10'], 'data': {'Distance': ['0.71mi', '0.84mi', '0.79mi'], 'Grades': ['K-5', '9-12', '6-8']}, 'name': ['Halls Elementary School', 'Halls High School', 'Halls Middle School']}]","2,511 sqft",37938,5 Beds,TN,2.0,,,,"$252,985"
for sale,,single-family home,213 Fossil Bridge Dr,2 Baths,"{'atAGlanceFacts': [{'factValue': '2013', 'factLabel': 'Year built'}, {'factValue': '', 'factLabel': 'Remodeled year'}, {'factValue': 'Forced Air', 'factLabel': 'Heating'}, {'factValue': 'Central', 'factLabel': 'Cooling'}, {'factValue': 'Attached Garage', 'factLabel': 'Parking'}, {'factValue': '4,996 sqft', 'factLabel': 'lotsize'}, {'factValue': '$114/sqft', 'factLabel': 'Price/sqft'}]}",,Fort Worth,"[{'rating': ['5/10', '8/10', '7/10'], 'data': {'Distance': ['0.64mi', '11.49mi', '10.19mi'], 'Grades': ['PK-5', '9-12', '6-8']}, 'name': ['Sonny & Allegra Nance Elementary School', 'Byron Nelson High School', 'Chisholm Trail Middle School']}]","1,932 sqft",76131,3 Beds,TX,1.0,,,14183560,"$219,990"
For sale,,Single Family,3703 Glenwood Springs Dr,2,"{'atAGlanceFacts': [{'factValue': '1980', 'factLabel': 'Year built'}, {'factValue': '1980', 'factLabel': 'Remodeled year'}, {'factValue': 'Other', 'factLabel': 'Heating'}, {'factValue': 'Central', 'factLabel': 'Cooling'}, {'factValue': '2 spaces', 'factLabel': 'Parking'}, {'factValue': '8,712 sqft', 'factLabel': 'lotsize'}, {'factValue': '$88', 'factLabel': 'Price/sqft'}]}",Yes,Kingwood,"[{'rating': ['8/10', '9/10', '9/10'], 'data': {'Distance': ['0.4 mi', '0.7 mi', '1.6 mi'], 'Grades': ['PK-5', '6-8', '9-12']}, 'name': ['Greentree Elementary School', 'Creekwood Middle School', 'Kingwood High School']}]","2,259",77345,4,TX,1.0,,,,"$197,800"
Contingent,,Single Family Home,5605 Saxon Dr,2.5,"{'atAGlanceFacts': [{'factValue': '2003', 'factLabel': 'Year built'}, {'factValue': '', 'factLabel': 'Remodeled year'}, {'factValue': 'Forced Air', 'factLabel': 'Heating'}, {'factValue': 'Central Air', 'factLabel': 'Cooling'}, {'factValue': '', 'factLabel': 'Parking'}, {'factValue': '4704', 'factLabel': 'lotsize'}, {'factValue': '$93', 'factLabel': 'Price/sqft'}]}",,Garfield Heights,"[{'rating': ['3', '4', '3', '3', '2', '3', 'NR', 'NR'], 'data': {'Distance': ['0.5 mi', '0.4 mi', '1.3 mi', '0.6 mi', '2.7 mi', '1.2 mi', '0.6 mi', '0.8 mi'], 'Grades': ['K–5', '6–8', '9–12', 'K–5', 'K–8', '9–12', 'PK–8', '9–12']}, 'name': ['Maple Leaf Intermediate Elementary School', 'Garfield Heights Middle School', 'Garfield Heights High School', 'Elmwood Elementary School', 'Harvard Avenue Performance Academy School', 'Quest Community School', 'John Paul II Academy Private School', 'Trinity Private School']}]",1812,44125,3.0,OH,2.00,,,4148444,"$168,000"
,,Single Family,13007 Waldemere Dr,2,"{'atAGlanceFacts': [{'factValue': '1981', 'factLabel': 'Year built'}, {'factValue': '1981', 'factLabel': 'Remodeled year'}, {'factValue': 'Other', 'factLabel': 'Heating'}, {'factValue': 'Central', 'factLabel': 'Cooling'}, {'factValue': '2 spaces', 'factLabel': 'Parking'}, {'factValue': '9,600 sqft', 'factLabel': 'lotsize'}, {'factValue': '$114', 'factLabel': 'Price/sqft'}]}",,Houston,"[{'rating': ['8/10', '7/10', '7/10'], 'data': {'Distance': ['0.7 mi', '1.4 mi', '1.5 mi'], 'Grades': ['PK-5', '6-8', '9-12']}, 'name': ['Ray Daily Elementary School', 'West Briar Middle School', 'Westside High School']}]","2,168 sqft",77077,3,TX,1.0,,,88158867,"$248,000"
for sale,,townhouse,1652 N 6th St,,"{'atAGlanceFacts': [{'factValue': '1920', 'factLabel': 'Year built'}, {'factValue': '', 'factLabel': 'Remodeled year'}, {'factValue': '', 'factLabel': 'Heating'}, {'factValue': 'None', 'factLabel': 'Cooling'}, {'factValue': '', 'factLabel': 'Parking'}, {'factValue': '701 sqft', 'factLabel': 'lotsize'}, {'factValue': '$196/sqft', 'factLabel': 'Price/sqft'}]}",,Philadelphia,"[{'rating': ['3/10', '1/10'], 'data': {'Distance': ['0.3mi', '1.0mi'], 'Grades': ['PK-8', '6-12']}, 'name': ['Ludlow James R School', 'Penn Treaty Middle School']}]",840 sqft,19122,3 Beds,PA,2.0,,,PAPH854244,"$165,000"
for sale,,single-family home,Diamond Plan in Primrose Crossing at Llano Springs,3 Baths,"{'atAGlanceFacts': [{'factValue': '2014', 'factLabel': 'Year built'}, {'factValue': '', 'factLabel': 'Remodeled year'}, {'factValue': '', 'factLabel': 'Heating'}, {'factValue': '', 'factLabel': 'Cooling'}, {'factValue': '', 'factLabel': 'Parking'}, {'factValue': '6,965 sqft', 'factLabel': 'lotsize'}, {'factValue': '$116/sqft', 'factLabel': 'Price/sqft'}]}",,Fort Worth,"[{'rating': ['5/10', '4/10', '3/10', '4/10'], 'data': {'Distance': ['0.68mi', '1.19mi', '1.32mi', '1.28mi'], 'Grades': ['5-6', '7-8', 'PK-4', '9-12']}, 'name': ['Sue Crouch Intermediate School', 'Summer Creek Middle School', 'Dallas Park Elementary School', 'North Crowley High School']}]","2,187 sqft",76123,4 Beds,TX,2.0,,yes,,"$253,499+"
Active,,Single Family Home,1635 Oakmount Rd,1.5,"{'atAGlanceFacts': [{'factValue': '1946', 'factLabel': 'Year built'}, {'factValue': '', 'factLabel': 'Remodeled year'}, {'factValue': 'Forced Air', 'factLabel': 'Heating'}, {'factValue': 'Central Air', 'factLabel': 'Cooling'}, {'factValue': '', 'factLabel': 'Parking'}, {'factValue': '7000', 'factLabel': 'lotsize'}, {'factValue': '$104', 'factLabel': 'Price/sqft'}]}",1,South Euclid,"[{'rating': ['4', '3', '2', '3', '2', 'NR', 'NR', 'NR'], 'data': {'Distance': ['0.3 mi', '0.7 mi', '0.7 mi', '0.8 mi', '3.3 mi', '4.0 mi', '0.4 mi', '0.5 mi'], 'Grades': ['3–6', '7–8', '9–12', 'PK–3', 'K–8', '9–12', 'PK–8', 'K–8']}, 'name': ['Greenview Upper Elementary School', 'Memorial Junior High School', 'Brush High School', 'Rowland Elementary School', 'Apex Academy School', 'Langston Hughes High School', 'Sacred Heart Of Jesus Academy Private School', 'Julie Billiart Private School']}]",1500,44121,4.0,OH,2.00,,,4146349,"$156,700"
Active,,Colonial,1129 16th St S ,"1,500","{'atAGlanceFacts': [{'factValue': '1925', 'factLabel': 'Year built'}, {'factValue': '1985', 'factLabel': 'Remodeled year'}, {'factValue': '', 'factLabel': 'Heating'}, {'factValue': '', 'factLabel': 'Cooling'}, {'factValue': '', 'factLabel': 'Parking'}, {'factValue': '5,742 Sq. Ft.', 'factLabel': 'lotsize'}, {'factValue': '$394 / Sq. Ft.', 'factLabel': 'Price/sqft'}]}",1,Arlington,"[{'rating': ['5', '4', '6', '3'], 'data': {'Distance': ['0.6 mi', '2.2 mi', '0.7 mi', '2.5 mi'], 'Grades': ['Preschool to 5', 'Preschool to 5', '6 to 8', '9 to 12']}, 'name': ['Oakridge Elementary School', 'Claremont Immersion', 'Gunston Middle School', 'Wakefield High School']}]","2,284",22202,Baths,VA,,,,VAAR155118,"899,900"
Active,,Craftsman,1016 Stone Furrow Pl ,"1,500","{'atAGlanceFacts': [{'factValue': '2019', 'factLabel': 'Year built'}, {'factValue': '', 'factLabel': 'Remodeled year'}, {'factValue': '', 'factLabel': 'Heating'}, {'factValue': '', 'factLabel': 'Cooling'}, {'factValue': '', 'factLabel': 'Parking'}, {'factValue': '—', 'factLabel': 'lotsize'}, {'factValue': '$150 / Sq. Ft.', 'factLabel': 'Price/sqft'}]}",1,Raleigh,"[{'rating': ['5', '4', '3'], 'data': {'Distance': ['3.2 mi', '3.7 mi', '6.9 mi'], 'Grades': ['Preschool to 5', '6 to 8', '9 to 12']}, 'name': ['Yates Mill Elementary', 'Dillard Drive Middle', 'Garner High']}]","4,866",27603,Baths,NC,,,,2293081,"729,855"
,,Single Family,4010 Bunting Ave,4,"{'atAGlanceFacts': [{'factValue': '2018', 'factLabel': 'Year built'}, {'factValue': None, 'factLabel': 'Remodeled year'}, {'factValue': 'Forced air', 'factLabel': 'Heating'}, {'factValue': 'Other', 'factLabel': 'Cooling'}, {'factValue': '3 spaces', 'factLabel': 'Parking'}, {'factValue': '6,490 sqft', 'factLabel': 'lotsize'}, {'factValue': '$247', 'factLabel': 'Price/sqft'}]}",Yes,Fort Worth,"[{'rating': ['6/10', '6/10', '4/10'], 'data': {'Distance': ['0.3 mi', '0.7 mi', '1.2 mi'], 'Grades': ['PK-5', '6-8', '9-12']}, 'name': ['North Hi Mount Elementary School', 'Stripling Middle School', 'Arlington Heights High School']}]","3,835",76107,4,TX,2.0,,,14150451,"$948,550"
for sale,,single-family home,2909 Otis St NE,4 Baths,"{'atAGlanceFacts': [{'factValue': '1927', 'factLabel': 'Year built'}, {'factValue': '2007', 'factLabel': 'Remodeled year'}, {'factValue': 'Forced Air', 'factLabel': 'Heating'}, {'factValue': 'Central', 'factLabel': 'Cooling'}, {'factValue': 'On Street', 'factLabel': 'Parking'}, {'factValue': '4,694 sqft', 'factLabel': 'lotsize'}, {'factValue': '$237/sqft', 'factLabel': 'Price/sqft'}]}",,Washington,"[{'rating': ['3/10', '3/10'], 'data': {'Distance': ['3.13mi', '0.7mi'], 'Grades': ['9-12', 'PK-5']}, 'name': ['Dunbar High School', 'Burroughs Education Campus']}]","2,952 sqft",20018,4 Beds,DC,3.0,,,DCDC441958,"$699,000"
For sale,,Single Family,3327 Cheswick Dr,4,"{'atAGlanceFacts': [{'factValue': '1981', 'factLabel': 'Year built'}, {'factValue': '1985', 'factLabel': 'Remodeled year'}, {'factValue': 'Heat pump', 'factLabel': 'Heating'}, {'factValue': 'No Data', 'factLabel': 'Cooling'}, {'factValue': 'No Data', 'factLabel': 'Parking'}, {'factValue': '0.57 acres', 'factLabel': 'lotsize'}, {'factValue': '$207', 'factLabel': 'Price/sqft'}]}",Yes,Raleigh,"[{'rating': ['5/10', '6/10', '6/10'], 'data': {'Distance': ['0.8 mi', '1.9 mi', '2.7 mi'], 'Grades': ['PK-5', '6-8', '9-12']}, 'name': ['Joyner Elementary', 'Daniels Middle', 'Needham Broughton High']}]","3,090",27609,4,NC,0.0,,,2253370,"$639,900"
Active,,Urban Contemporary,13353 W Alameda Pkwy #301 ,,"{'atAGlanceFacts': [{'factValue': '2004', 'factLabel': 'Year built'}, {'factValue': '2004', 'factLabel': 'Remodeled year'}, {'factValue': 'Forced Air, Natural Gas', 'factLabel': 'Heating'}, {'factValue': 'Central Air', 'factLabel': 'Cooling'}, {'factValue': '', 'factLabel': 'Parking'}, {'factValue': '—', 'factLabel': 'lotsize'}, {'factValue': '$173 / Sq. Ft.', 'factLabel': 'Price/sqft'}]}",3,LAKEWOOD,"[{'rating': ['5', '1', '7', '1', '7', 'NR'], 'data': {'Distance': ['0.6 mi', '2.8 mi', '1.0 mi', '4.4 mi', '0.3 mi', '8.1 mi'], 'Grades': ['Preschool to 6', 'Preschool to 12', '7 to 8', 'K to 12', '9 to 12', '10 to 12']}, 'name': ['Foothills Elementary School', 'Miller Special Education', 'Dunstan Middle School', 'Sobesky Academy', 'Green Mountain High School', 'Warren Tech North']}]","4,341",80228,,CO,,,,6285524,"749,000"
for sale,,townhouse,San Carlo II Plan in Somerset Crossings,2.5 Baths,"{'atAGlanceFacts': [{'factValue': '', 'factLabel': 'Year built'}, {'factValue': '', 'factLabel': 'Remodeled year'}, {'factValue': '', 'factLabel': 'Heating'}, {'factValue': '', 'factLabel': 'Cooling'}, {'factValue': '', 'factLabel': 'Parking'}, {'factValue': '3,740 sqft', 'factLabel': 'lotsize'}, {'factValue': '$141/sqft', 'factLabel': 'Price/sqft'}]}",,Orlando,"[{'rating': ['6/10', '4/10', '5/10', '7/10', '7/10'], 'data': {'Distance': ['1.71mi', '2.21mi', '3.56mi', '7.78mi', '7.78mi'], 'Grades': ['K-5', '6-8', '9-12', 'K-8', '9-12']}, 'name': ['Wyndham Lakes Elementary School', 'South Creek Middle School', 'Cypress Creek High School', 'Cornerstone Academy Charter', 'Cornerstone Charter Academy High School']}]","1,906 sqft",32824,3 Beds,FL,2.0,,,,"$267,990+"
Active,,1 Story,7727 Cedar Farm ,,"{'atAGlanceFacts': [{'factValue': '2005', 'factLabel': 'Year built'}, {'factValue': '', 'factLabel': 'Remodeled year'}, {'factValue': 'Electric Heat', 'factLabel': 'Heating'}, {'factValue': 'Central Heating', 'factLabel': 'Cooling'}, {'factValue': '', 'factLabel': 'Parking'}, {'factValue': '5,600 Sq. Ft.', 'factLabel': 'lotsize'}, {'factValue': '$113 / Sq. Ft.', 'factLabel': 'Price/sqft'}]}",,San Antonio,"[{'rating': ['5', '4', '3'], 'data': {'Distance': ['0.4 mi', '0.8 mi', '3.1 mi'], 'Grades': ['Preschool to 5', '6 to 8', '9 to 12']}, 'name': ['Mary Lou Hartman', 'Woodlake Hills Middle School', 'Judson High School']}]","1,688",78239,,TX,,,,1399229,"189,995"
Active,,Land,12606 72nd Ave NE,,"{'atAGlanceFacts': [{'factValue': '', 'factLabel': 'Year built'}, {'factValue': '', 'factLabel': 'Remodeled year'}, {'factValue': '', 'factLabel': 'Heating'}, {'factValue': '', 'factLabel': 'Cooling'}, {'factValue': '', 'factLabel': 'Parking'}, {'factValue': '66647', 'factLabel': 'lotsize'}, {'factValue': None, 'factLabel': 'Price/sqft'}]}",,Kirkland,"[{'rating': ['8', '7', '8', '9', '7', 'NR', 'NR', 'NR'], 'data': {'Distance': ['0.7 mi', '0.7 mi', '2.1 mi', '0.7 mi', '0.7 mi', '2.1 mi', '1.8 mi', '2.2 mi'], 'Grades': ['PK–5', '6–8', '9–12', 'K–5', '6–8', '9–12', 'PK–1', 'PK–6']}, 'name': ['Carl Sandburg Elementary School', 'Finn Hill Junior High School', 'Juanita High School', 'Discovery Community School', 'Environmental & Adventure School', 'Futures School', 'Countryside Montessori Private School', 'Laurel Academy Private School']}]",0,98034,,WA,,,,1539109,"$700,000"
Active,,,21241 NE 3rd Ct ,,"{'atAGlanceFacts': [{'factValue': '1993', 'factLabel': 'Year built'}, {'factValue': '1993', 'factLabel': 'Remodeled year'}, {'factValue': '', 'factLabel': 'Heating'}, {'factValue': '', 'factLabel': 'Cooling'}, {'factValue': '', 'factLabel': 'Parking'}, {'factValue': '3,141 Sq. Ft.', 'factLabel': 'lotsize'}, {'factValue': '$221 / Sq. Ft.', 'factLabel': 'Price/sqft'}]}",,North Miami Beach,"[{'rating': ['6', '10', 'NR', '3', '4'], 'data': {'Distance': ['1.9 mi', '33.9 mi', '28.4 mi', '0.4 mi', '2.0 mi'], 'Grades': ['Preschool to 5', 'Preschool to 8', 'K to 9', '6 to 8', '9 to 12']}, 'name': ['Norland Elementary School', 'Air Base Elementary School', 'Robert Morgan Voc-Tech Institute', 'Andover Middle School', 'Miami Norland Senior High School']}]","1,449",33179,,FL,,,,F10201633,"319,900"
,,Single Family,7280 NW 5th Ct,2.0,"{'atAGlanceFacts': [{'factValue': '1966', 'factLabel': 'Year built'}, {'factValue': '1967', 'factLabel': 'Remodeled year'}, {'factValue': 'Forced air', 'factLabel': 'Heating'}, {'factValue': 'Central', 'factLabel': 'Cooling'}, {'factValue': '3 spaces', 'factLabel': 'Parking'}, {'factValue': '0.26 acres', 'factLabel': 'lotsize'}, {'factValue': '$226', 'factLabel': 'Price/sqft'}]}",,Plantation,"[{'rating': ['6/10', '3/10', '4/10'], 'data': {'Distance': ['0.7 mi', '0.6 mi', '1.1 mi'], 'Grades': ['PK-5', '6-8', '9-12']}, 'name': ['Mirror Lake Elementary School', 'Plantation Middle School', 'Plantation High School']}]","1,836",33317,4,FL,1.0,,,F10199435,"$414,900"
foreclosure,,single-family home,962 NW 106th Avenue Cir,3 Baths,"{'atAGlanceFacts': [{'factValue': '1978', 'factLabel': 'Year built'}, {'factValue': '', 'factLabel': 'Remodeled year'}, {'factValue': 'Forced Air', 'factLabel': 'Heating'}, {'factValue': 'Central', 'factLabel': 'Cooling'}, {'factValue': '2', 'factLabel': 'Parking'}, {'factValue': '3,384 sqft', 'factLabel': 'lotsize'}, {'factValue': '$133/sqft', 'factLabel': 'Price/sqft'}]}",,Miami,"[{'rating': ['4/10', '10/10', '7/10', '4/10', 'None/10'], 'data': {'Distance': ['2.39mi', '18.23mi', '0.88mi', '0.96mi', '12.41mi'], 'Grades': ['9-12', 'PK-8', 'PK-5', '6-8', 'K-9']}, 'name': ['Miami Coral Park Senior High School', 'Air Base Elementary School', 'Sweetwater Elementary School', 'Ruben Dario Middle School', 'Robert Morgan Voc-Tech Institute']}]","2,184 sqft",33172,3 Beds,FL,,,,A10790206,"$290,000"
Active,,,615 W 179th St ,,"{'atAGlanceFacts': [{'factValue': '', 'factLabel': 'Year built'}, {'factValue': '', 'factLabel': 'Remodeled year'}, {'factValue': '', 'factLabel': 'Heating'}, {'factValue': '', 'factLabel': 'Cooling'}, {'factValue': '', 'factLabel': 'Parking'}, {'factValue': '—', 'factLabel': 'lotsize'}, {'factValue': None, 'factLabel': 'Price/sqft'}]}",,New York,"[{'rating': ['2', 'NR', '3', '6', 'NR'], 'data': {'Distance': ['0.2 mi', '0.1 mi', '0.2 mi', '0.6 mi', '0.1 mi'], 'Grades': ['K to 5', 'Preschool to 8', '6 to 8', '6 to 8', 'Preschool to 8']}, 'name': ['PS 132 Juan Pablo Duarte', 'St Spyridon Parochial School', 'Junior High School 143 Eleanor Roosevelt', 'Middle School 319 Marie Teresa', 'Washington Heights Hellenic']}]",,10033,,NY,,,,DEGI3913719,"2,795,000"
Foreclosed,,Single Family,616 N Mary St,Bathrooms: 1,"{'atAGlanceFacts': [{'factValue': '1947', 'factLabel': 'Year built'}, {'factValue': '', 'factLabel': 'Remodeled year'}, {'factValue': 'Baseboard', 'factLabel': 'Heating'}, {'factValue': 'Wall', 'factLabel': 'Cooling'}, {'factValue': '', 'factLabel': 'Parking'}, {'factValue': '3,484 sqft', 'factLabel': 'lotsize'}, {'factValue': '', 'factLabel': 'Price/sqft'}]}",,Lancaster,"[{'rating': ['4/10', '4/10', '2/10'], 'data': {'Distance': ['0.1 mi', '0.3 mi', '1.6 mi'], 'Grades': ['PK-5', '6-8', '9-12']}, 'name': ['Thomas Wharton El School', 'Reynolds Middle School', 'Mccaskey Campus']}]","Total interior livable area: 1,020 sqft",17603,2 bd,PA,2.0,,,,
for sale,,single-family home,1106 Yale Pl,4 Baths,"{'atAGlanceFacts': [{'factValue': '2011', 'factLabel': 'Year built'}, {'factValue': '', 'factLabel': 'Remodeled year'}, {'factValue': 'Forced Air', 'factLabel': 'Heating'}, {'factValue': 'Central', 'factLabel': 'Cooling'}, {'factValue': 'Detached Garage', 'factLabel': 'Parking'}, {'factValue': '5,184 sqft', 'factLabel': 'lotsize'}, {'factValue': '$295/sqft', 'factLabel': 'Price/sqft'}]}",yes,Charlotte,"[{'rating': ['8/10', '7/10', '8/10'], 'data': {'Distance': ['1.72mi', '1.8mi', '1.54mi'], 'Grades': ['K-5', '6-8', '9-12']}, 'name': ['Dilworth Elementary', 'Alexander Graham Middle', 'Myers Park High']}]","2,662 sqft",28209,4 Beds,NC,2.0,,,3533622,"$784,000"
Active,,Single Family Home,1405 Southampton Ct,2.5,"{'atAGlanceFacts': [{'factValue': '1994', 'factLabel': 'Year built'}, {'factValue': '', 'factLabel': 'Remodeled year'}, {'factValue': 'Heating System', 'factLabel': 'Heating'}, {'factValue': 'Cooling System', 'factLabel': 'Cooling'}, {'factValue': 'Basement, AGGRE', 'factLabel': 'Parking'}, {'factValue': '7841', 'factLabel': 'lotsize'}, {'factValue': '$158', 'factLabel': 'Price/sqft'}]}","Ceiling Fan, Extra Closets, Storage, Utility Connection",Franklin,"[{'rating': ['9', '6', '7', '7', '7', '8', 'NR', 'NR'], 'data': {'Distance': ['0.7 mi', '3.4 mi', '2.3 mi', '2.9 mi', '3.5 mi', '1.9 mi', '2.1 mi', '2.4 mi'], 'Grades': ['PK–4', '7–8', '9–12', '5–6', '5–8', '9–12', 'K–12']}, 'name': ['Moore Elementary School', 'Freedom Middle School', 'Centennial High School', 'Freedom Intermediate School', 'Poplar Grove 5-8 School', 'Middle College High School', 'Heritage Covenant Private School', 'Montessori Private School Of Franklin']}]",2724,37064,3.0,TN,2.00,,,2094451,"$430,000"
for sale,,lot/land,Summerlea Dr #61,,"{'atAGlanceFacts': [{'factValue': '', 'factLabel': 'Year built'}, {'factValue': '', 'factLabel': 'Remodeled year'}, {'factValue': '', 'factLabel': 'Heating'}, {'factValue': '', 'factLabel': 'Cooling'}, {'factValue': '', 'factLabel': 'Parking'}, {'factValue': '', 'factLabel': 'lotsize'}, {'factValue': None, 'factLabel': 'Price/sqft'}]}",,Fayetteville,"[{'rating': ['7/10', '8/10', '4/10'], 'data': {'Distance': ['0.66mi', '2.68mi', '0.77mi'], 'Grades': ['K-5', '6-8', '9-12']}, 'name': ['Howard L Hall Elementary', 'Pine Forest Middle', 'Pine Forest High']}]",,28311,,NC,,,,455899,"$60,000"
Active,,,515 Dr Db Todd Jr Blvd ,,"{'atAGlanceFacts': [{'factValue': '2019', 'factLabel': 'Year built'}, {'factValue': '', 'factLabel': 'Remodeled year'}, {'factValue': 'Central', 'factLabel': 'Heating'}, {'factValue': 'Electric', 'factLabel': 'Cooling'}, {'factValue': '', 'factLabel': 'Parking'}, {'factValue': '—', 'factLabel': 'lotsize'}, {'factValue': '$253 / Sq. Ft.', 'factLabel': 'Price/sqft'}]}",,Nashville,"[{'rating': ['2', '3', '2', '8', '3', '1'], 'data': {'Distance': ['1.7 mi', '1.4 mi', '1.7 mi', '1.6 mi', '0.8 mi', '5.3 mi'], 'Grades': ['Preschool to 4', 'Preschool to 4', '5 to 8', '5 to 8', '9 to 12', '9 to 12']}, 'name': ['Park Avenue Elementary Enhanced Option', 'Carter Lawrence Elementary Magnet', 'McKissack Middle School', 'Rose Park Math/ Science Middle Magnet', 'Pearl Cohn Magnet High School', 'Stratford Comp High School']}]","1,936",37203,,TN,,,,2085363,"489,900"
for sale,,single-family home,3321 10th St W,2 Baths,"{'atAGlanceFacts': [{'factValue': '2004', 'factLabel': 'Year built'}, {'factValue': '2004', 'factLabel': 'Remodeled year'}, {'factValue': 'Forced Air', 'factLabel': 'Heating'}, {'factValue': 'Central', 'factLabel': 'Cooling'}, {'factValue': 'Attached Garage', 'factLabel': 'Parking'}, {'factValue': '10,803 sqft', 'factLabel': 'lotsize'}, {'factValue': '$119/sqft', 'factLabel': 'Price/sqft'}]}",,Lehigh Acres,"[{'rating': ['4/10', '2/10', '3/10', '2/10', '3/10', '6/10', '2/10', '2/10', '5/10', '5/10', '5/10', '4/10', '3/10', '5/10', '4/10', '2/10', '5/10', '5/10', '3/10', '3/10', '3/10', '5/10'], 'data': {'Distance': ['1.16mi', '6.72mi', '5.83mi', '7.41mi', '6.74mi', '11.52mi', '10.16mi', '3.72mi', '8.34mi', '6.3mi', '8.98mi', '3.65mi', '0.35mi', '4.42mi', '2.21mi', '5.67mi', '3.53mi', '1.89mi', '2.42mi', '9.09mi', '7.41mi', '2.09mi'], 'Grades': ['PK-5', '9-12', 'PK-5', 'PK-5', 'PK-5', 'PK-5', 'PK-5', 'PK-5', 'PK-5', '9-12', 'PK-5', '6-8', 'PK-5', 'PK-5', '9-12', 'PK-5', 'PK-8', '6-8', 'PK-5', 'PK-5', '6-8', 'PK-5']}, 'name': ['Harns Marsh Elementary School', 'East Lee County High School', 'River Hall Elementary School', 'Manatee Elementary School', 'Treeline Elementary School', 'Bayshore Elementary School', 'Edgewood Academy', 'Lehigh Elementary School', 'Orange River Elementary School', 'Riverdale High School', 'Tice Elementary School', 'Lehigh Acres Middle School', 'Sunshine Elementary School', 'Gateway Elementary School', 'Lehigh Senior High School', 'Mirror Lakes Elementary School', 'Veterans Park Academy For The Arts', 'Varsity Lakes Middle School', 'G. Weaver Hipps Elementary School', 'James Stephens International Academy', 'Oak Hammock Middle School', 'Tortuga Preserve Elementary School']}]","1,671 sqft",33971,3 Beds,FL,1.0,,,219079000,"$199,000"
Active,,,MLS #: EXTE106302,,"{'atAGlanceFacts': [{'factValue': '', 'factLabel': 'Year built'}, {'factValue': '', 'factLabel': 'Remodeled year'}, {'factValue': '', 'factLabel': 'Heating'}, {'factValue': '', 'factLabel': 'Cooling'}, {'factValue': '', 'factLabel': 'Parking'}, {'factValue': '—', 'factLabel': 'lotsize'}, {'factValue': None, 'factLabel': 'Price/sqft'}]}",,New York,"[{'rating': ['3', '5', '9', '3', '3'], 'data': {'Distance': ['0.5 mi', '0.7 mi', '0.3 mi', '0.4 mi', '0.4 mi'], 'Grades': ['Preschool to 5', 'Preschool to 5', 'Preschool to 8', '5 to 8', '9 to 12']}, 'name': ['PS 134 Henrietta Szold', 'PS 142 Amalia Castro', 'PS 184 Shuang Wen', 'University Neighborhood Middle School', 'Henry Street School For International Studies']}]",,10002,,NY,,,,EXTE106302,"1,425,000"
Active,,2 Stories,2814 Trailmont Dr ,,"{'atAGlanceFacts': [{'factValue': '2016', 'factLabel': 'Year built'}, {'factValue': '', 'factLabel': 'Remodeled year'}, {'factValue': 'Natural Gas Heat', 'factLabel': 'Heating'}, {'factValue': 'Central Heating', 'factLabel': 'Cooling'}, {'factValue': '', 'factLabel': 'Parking'}, {'factValue': '0.55 Acres', 'factLabel': 'lotsize'}, {'factValue': '$145 / Sq. Ft.', 'factLabel': 'Price/sqft'}]}",1,San Antonio,"[{'rating': ['8', '7', '7', '6'], 'data': {'Distance': ['0.6 mi', '2.0 mi', '2.1 mi', '2.5 mi'], 'Grades': ['Preschool to 5', 'Preschool to 5', '6 to 8', '6 to 8']}, 'name': ['Cole El', 'Hoffmann Elementary School', 'Briscoe Middle School', 'Luna Middle School']}]","3,275",78253,,TX,,,,1426405,"475,000"
Active,,Single Family Home,4117 Brooklyn Ave,2,"{'atAGlanceFacts': [{'factValue': '1916', 'factLabel': 'Year built'}, {'factValue': '', 'factLabel': 'Remodeled year'}, {'factValue': 'Forced Air', 'factLabel': 'Heating'}, {'factValue': 'Central Air', 'factLabel': 'Cooling'}, {'factValue': '', 'factLabel': 'Parking'}, {'factValue': '5663', 'factLabel': 'lotsize'}, {'factValue': '$64', 'factLabel': 'Price/sqft'}]}",,Cleveland,"[{'rating': ['6', '5', '1', '5', '5', '2', 'NR', 'NR'], 'data': {'Distance': ['3.9 mi', '8.4 mi', '0.6 mi', '0.4 mi', '0.4 mi', '0.9 mi', '0.3 mi', '0.6 mi'], 'Grades': ['K–5', '3–12', '4–12', 'K–4', '5–8', '9–12', 'K–8', 'PK–8']}, 'name': ['Louisa May Alcott Elementary School', 'Whitney Young School', 'James Ford Rhodes High School', 'Constellation Schools: Old Brooklyn Community Elementary', 'Constellation Schools: Old Brooklyn Community Midd', 'Nexus Academy Of Cleveland School', 'Our Lady of Good Counsel Elementary Private School', 'St Mary Byzantine Private School']}]",1880,44109,4.0,OH,3.00,,,4148964,"$120,000"
for sale,,single-family home,2301 Red Hibiscus Ct,2.5 Baths,"{'atAGlanceFacts': [{'factValue': '', 'factLabel': 'Year built'}, {'factValue': '', 'factLabel': 'Remodeled year'}, {'factValue': '', 'factLabel': 'Heating'}, {'factValue': '', 'factLabel': 'Cooling'}, {'factValue': '', 'factLabel': 'Parking'}, {'factValue': '0.33 acres', 'factLabel': 'lotsize'}, {'factValue': '$135/sqft', 'factLabel': 'Price/sqft'}]}",,Atlanta,"[{'rating': ['6/10', '7/10', '3/10'], 'data': {'Distance': ['0.8mi', '1.95mi', '1.65mi'], 'Grades': ['9-12', 'PK-5', '6-8']}, 'name': ['Westlake High School', 'Stonewall Tell Elementary School', 'Sandtown Middle School']}]","2,000 sqft",30331,4 Beds,GA,2.0,,,,"$269,900"
For sale,,Single Family,7177 Bidwell Rd,3,"{'atAGlanceFacts': [{'factValue': '1975', 'factLabel': 'Year built'}, {'factValue': '1975', 'factLabel': 'Remodeled year'}, {'factValue': 'Forced air', 'factLabel': 'Heating'}, {'factValue': 'Central', 'factLabel': 'Cooling'}, {'factValue': 'Attached Garage', 'factLabel': 'Parking'}, {'factValue': '2.72 acres', 'factLabel': 'lotsize'}, {'factValue': '$111', 'factLabel': 'Price/sqft'}]}",Yes,Joelton,"[{'rating': ['6/10', '2/10', '2/10'], 'data': {'Distance': ['1.4 mi', '1.6 mi', '5.3 mi'], 'Grades': ['PK-4', '5-8', '9-12']}, 'name': ['Joelton Elementary School', 'Joelton Middle School', 'Whites Creek Comp High School']}]","3,695",37080,3,TN,1.0,,Yes,2025134,"$409,900"
for sale,,lot/land,1910 S 18th St,,"{'atAGlanceFacts': [{'factValue': '', 'factLabel': 'Year built'}, {'factValue': '', 'factLabel': 'Remodeled year'}, {'factValue': '', 'factLabel': 'Heating'}, {'factValue': '', 'factLabel': 'Cooling'}, {'factValue': '', 'factLabel': 'Parking'}, {'factValue': '8,233 sqft', 'factLabel': 'lotsize'}, {'factValue': None, 'factLabel': 'Price/sqft'}]}",,Waco,"[{'rating': ['3/10', '3/10', '3/10'], 'data': {'Distance': ['0.81mi', '2.02mi', '0.86mi'], 'Grades': ['PK-5', '9-12', '6-8']}, 'name': ['South Waco Elementary School', 'University High School', 'Cesar Chavez Middle School']}]",,76706,,TX,,,,189799,"$50,000"
for sale,,condo,1 Glen Royal Pkwy #1408,2 Baths,"{'atAGlanceFacts': [{'factValue': '2007', 'factLabel': 'Year built'}, {'factValue': '2007', 'factLabel': 'Remodeled year'}, {'factValue': 'Electric', 'factLabel': 'Heating'}, {'factValue': 'Central', 'factLabel': 'Cooling'}, {'factValue': '1', 'factLabel': 'Parking'}, {'factValue': '', 'factLabel': 'lotsize'}, {'factValue': '$249/sqft', 'factLabel': 'Price/sqft'}]}",,Miami,"[{'rating': ['4/10', '1/10', '4/10', '10/10', 'None/10'], 'data': {'Distance': ['0.36mi', '0.31mi', '0.34mi', '20.6mi', '15.53mi'], 'Grades': ['PK-5', '6-8', '9-12', 'PK-8', 'K-9']}, 'name': ['Citrus Grove Elementary School', 'Citrus Grove Middle School', 'Miami Senior High School', 'Air Base Elementary School', 'Robert Morgan Voc-Tech Institute']}]",951 sqft,33125,2 Beds,FL,,,,A10772352,"$237,000"
Active,,Contemporary,517 27th Ave #1 ,"2,750","{'atAGlanceFacts': [{'factValue': '2019', 'factLabel': 'Year built'}, {'factValue': '', 'factLabel': 'Remodeled year'}, {'factValue': 'Central', 'factLabel': 'Heating'}, {'factValue': 'Electric', 'factLabel': 'Cooling'}, {'factValue': '', 'factLabel': 'Parking'}, {'factValue': '—', 'factLabel': 'lotsize'}, {'factValue': '$325 / Sq. Ft.', 'factLabel': 'Price/sqft'}]}",,Nashville,"[{'rating': ['2', '3', '2', '8', '3', '1'], 'data': {'Distance': ['0.8 mi', '1.9 mi', '0.9 mi', '2.2 mi', '0.5 mi', '6.1 mi'], 'Grades': ['Preschool to 4', 'Preschool to 4', '5 to 8', '5 to 8', '9 to 12', '9 to 12']}, 'name': ['Park Avenue Elementary Enhanced Option', 'Carter Lawrence Elementary Magnet', 'McKissack Middle School', 'Rose Park Math/ Science Middle Magnet', 'Pearl Cohn Magnet High School', 'Stratford Comp High School']}]","2,338",37209,Baths,TN,,,,2091668,"759,000"
for sale,,single-family home,1009 Preston Dr,2 Baths,"{'atAGlanceFacts': [{'factValue': '1958', 'factLabel': 'Year built'}, {'factValue': '1958', 'factLabel': 'Remodeled year'}, {'factValue': 'Forced Air', 'factLabel': 'Heating'}, {'factValue': 'Central', 'factLabel': 'Cooling'}, {'factValue': 'Attached Garage', 'factLabel': 'Parking'}, {'factValue': '0.9 acres', 'factLabel': 'lotsize'}, {'factValue': '$202/sqft', 'factLabel': 'Price/sqft'}]}",yes,Nashville,"[{'rating': ['2/10', '1/10'], 'data': {'Distance': ['3.02mi', '0.1mi'], 'Grades': ['5-8', 'PK-4']}, 'name': ['Isaac Litton Middle School', 'Rosebank Elementary School']}]","1,660 sqft",37206,3 Beds,TN,2.0,,yes,2097420,"$335,000"
for sale,,single-family home,1175 S 900 W,3 Baths,"{'atAGlanceFacts': [{'factValue': '1912', 'factLabel': 'Year built'}, {'factValue': '1983', 'factLabel': 'Remodeled year'}, {'factValue': 'Other', 'factLabel': 'Heating'}, {'factValue': 'None', 'factLabel': 'Cooling'}, {'factValue': 'Detached Garage', 'factLabel': 'Parking'}, {'factValue': '0.27 acres', 'factLabel': 'lotsize'}, {'factValue': '$172/sqft', 'factLabel': 'Price/sqft'}]}",,Salt Lake City,"[{'rating': ['3/10', '4/10', '2/10'], 'data': {'Distance': ['0.81mi', '4.07mi', '0.36mi'], 'Grades': ['6-8', '9-12', 'PK-6']}, 'name': ['Glendale Middle School', 'Highland High School', 'Riley School']}]","1,601 sqft",84104,3 Beds,UT,1.0,,,1637917,"$274,900"
for sale,,condo,5104 Caroline St #402,3 Baths,"{'atAGlanceFacts': [{'factValue': '2019', 'factLabel': 'Year built'}, {'factValue': '', 'factLabel': 'Remodeled year'}, {'factValue': 'Electric', 'factLabel': 'Heating'}, {'factValue': 'Central', 'factLabel': 'Cooling'}, {'factValue': 'Carport, Attached Garage', 'factLabel': 'Parking'}, {'factValue': '', 'factLabel': 'lotsize'}, {'factValue': '$561/sqft', 'factLabel': 'Price/sqft'}]}",yes,Houston,"[{'rating': ['6/10', '1/10', '6/10'], 'data': {'Distance': ['2.64mi', '2.77mi', '0.25mi'], 'Grades': ['9-12', '6-8', 'PK-5']}, 'name': ['Lamar High School', 'Cullen Middle School', 'Macgregor El']}]","2,870 sqft",77004,2 Beds,TX,,,,10904696,"$1,610,000"
For sale,,Single Family,6990 Demaret Dr,2.0,"{'atAGlanceFacts': [{'factValue': '1956', 'factLabel': 'Year built'}, {'factValue': None, 'factLabel': 'Remodeled year'}, {'factValue': 'Forced air', 'factLabel': 'Heating'}, {'factValue': 'Central', 'factLabel': 'Cooling'}, {'factValue': '2 spaces', 'factLabel': 'Parking'}, {'factValue': '7,840 sqft', 'factLabel': 'lotsize'}, {'factValue': '$215', 'factLabel': 'Price/sqft'}]}",,Sacramento,"[{'rating': ['4/10', '1/10', '3/10'], 'data': {'Distance': ['0.4 mi', '0.6 mi', '1.1 mi'], 'Grades': ['K-6', 'K-8', '9-12']}, 'name': ['H. W. Harkness Elementary School', 'Rosa Parks Elementary School', 'Luther Burbank High School']}]","1,393",95822,3,CA,1,,,19076198,"$299,000"
for sale,,condo,14700 E 104th Ave #15-1503,3 Baths,"{'atAGlanceFacts': [{'factValue': '2019', 'factLabel': 'Year built'}, {'factValue': '', 'factLabel': 'Remodeled year'}, {'factValue': '', 'factLabel': 'Heating'}, {'factValue': '', 'factLabel': 'Cooling'}, {'factValue': '', 'factLabel': 'Parking'}, {'factValue': '', 'factLabel': 'lotsize'}, {'factValue': '$205/sqft', 'factLabel': 'Price/sqft'}]}",,Commerce City,"[{'rating': ['3/10', '3/10', '5/10'], 'data': {'Distance': ['2.46mi', '0.78mi', '0.96mi'], 'Grades': ['9-12', '6-8', 'PK-5']}, 'name': ['Prairie View High School', 'Otho E Stuart Middle School', 'Second Creek Elementary School']}]","1,461 sqft",80022,3 Beds,CO,2.0,,,877537,"$299,900"
for sale,,multi-family,21 Warsaw St,2 Baths,"{'atAGlanceFacts': [{'factValue': '1911', 'factLabel': 'Year built'}, {'factValue': '', 'factLabel': 'Remodeled year'}, {'factValue': 'Baseboard', 'factLabel': 'Heating'}, {'factValue': '', 'factLabel': 'Cooling'}, {'factValue': '', 'factLabel': 'Parking'}, {'factValue': '4,800 sqft', 'factLabel': 'lotsize'}, {'factValue': '$33/sqft', 'factLabel': 'Price/sqft'}]}",,Lackawanna,"[{'rating': ['3/10', '3/10', '2/10', 'None/10'], 'data': {'Distance': ['1.41mi', '1.41mi', '0.81mi', '1.67mi'], 'Grades': ['6-8', '9-12', '1-5', 'PK-1']}, 'name': ['Lackawanna Middle School', 'Lackawanna High School', 'Martin Road Elementary School', 'Truman Elementary School']}]","2,100 sqft",14218,6 Beds,NY,2,,,B1236270,"$69,900"
Active,,Land,120 Smallwood Rd,0,"{'atAGlanceFacts': [{'factValue': '', 'factLabel': 'Year built'}, {'factValue': '', 'factLabel': 'Remodeled year'}, {'factValue': '', 'factLabel': 'Heating'}, {'factValue': '', 'factLabel': 'Cooling'}, {'factValue': '', 'factLabel': 'Parking'}, {'factValue': '10081', 'factLabel': 'lotsize'}, {'factValue': None, 'factLabel': 'Price/sqft'}]}",,Rotonda West,"[{'rating': ['5', '6', '7', '6', '4', '6', 'NR', 'NR'], 'data': {'Distance': ['2.3 mi', '3.2 mi', '6.0 mi', '2.9 mi', '7.9 mi', '8.6 mi', '3.2 mi', '4.1 mi'], 'Grades': ['PK–5', '6–8', '9–12', 'PK–5', '6–8', '9–12', 'PK–12', 'PK–1']}, 'name': ['Myakka River Elementary School', 'L. A. Ainger Middle School', 'Lemon Bay High School', 'Vineland Elementary School', 'Murdock Middle School', 'Port Charlotte High School', 'West Charlotte Christian Academy Private School', 'Redeemer Lutheran Private School']}]",0,33947,,FL,,,,D6106176,"$9,700"
for sale,,single-family home,424 SW 8th Ter,4 Baths,"{'atAGlanceFacts': [{'factValue': '1971', 'factLabel': 'Year built'}, {'factValue': '', 'factLabel': 'Remodeled year'}, {'factValue': 'Forced Air', 'factLabel': 'Heating'}, {'factValue': 'Central', 'factLabel': 'Cooling'}, {'factValue': 'Attached Garage', 'factLabel': 'Parking'}, {'factValue': '7688 sqft', 'factLabel': 'lotsize'}, {'factValue': '$427/sqft', 'factLabel': 'Price/sqft'}]}",,Fort Lauderdale,"[{'rating': ['4/10', '3/10', '3/10'], 'data': {'Distance': ['2.78mi', '0.76mi', '0.86mi'], 'Grades': ['6-8', 'PK-5', '9-12']}, 'name': ['New River Middle School', 'North Fork Elementary School', 'Stranahan High School']}]","3,510 sqft",33312,4 Beds,FL,,,yes,F10198631,"$1,500,000"
Active,,Contemporary,2648 Needlepoint St ,,"{'atAGlanceFacts': [{'factValue': '2017', 'factLabel': 'Year built'}, {'factValue': '2017', 'factLabel': 'Remodeled year'}, {'factValue': 'Central', 'factLabel': 'Heating'}, {'factValue': 'Central Air', 'factLabel': 'Cooling'}, {'factValue': '', 'factLabel': 'Parking'}, {'factValue': '6,591 Sq. Ft.', 'factLabel': 'lotsize'}, {'factValue': '$136 / Sq. Ft.', 'factLabel': 'Price/sqft'}]}",,KISSIMMEE,"[{'rating': ['2', '3', '4', '10', '6'], 'data': {'Distance': ['0.8 mi', '2.0 mi', '0.3 mi', '2.5 mi', '8.2 mi'], 'Grades': ['K to 5', 'K to 5', '6 to 8', '6 to 12', '9 to 12']}, 'name': ['Flora Ridge Elementary School', 'Thacker Avenue Elementary School For International Studies', 'Kissimmee Middle School', 'Osceola County School of Arts', 'Celebration High School']}]","3,024",34741,,FL,Two,,,O5825039,"410,000"
for sale,,single-family home,8146 Night Bluff Dr,4 Baths,"{'atAGlanceFacts': [{'factValue': '2006', 'factLabel': 'Year built'}, {'factValue': '', 'factLabel': 'Remodeled year'}, {'factValue': 'Forced Air', 'factLabel': 'Heating'}, {'factValue': 'Central', 'factLabel': 'Cooling'}, {'factValue': 'Attached Garage', 'factLabel': 'Parking'}, {'factValue': '0.26 acres', 'factLabel': 'lotsize'}, {'factValue': '$121/sqft', 'factLabel': 'Price/sqft'}]}",yes,San Antonio,"[{'rating': ['8/10', '10/10', '9/10'], 'data': {'Distance': ['1.86mi', '0.93mi', '0.47mi'], 'Grades': ['9-12', 'PK-5', '6-8']}, 'name': ['Brandeis High School', 'Beard Elementary School', 'Garcia Middle School']}]","3,300 sqft",78255,4 Beds,TX,2.0,,,1421387,"$398,000"
for sale,,single-family home,LH-3020 Plan in Arrowhead at Southern Dunes,2.5 Baths,"{'atAGlanceFacts': [{'factValue': '', 'factLabel': 'Year built'}, {'factValue': '', 'factLabel': 'Remodeled year'}, {'factValue': '', 'factLabel': 'Heating'}, {'factValue': '', 'factLabel': 'Cooling'}, {'factValue': '', 'factLabel': 'Parking'}, {'factValue': '', 'factLabel': 'lotsize'}, {'factValue': '$69/sqft', 'factLabel': 'Price/sqft'}]}",,Indianapolis,"[{'rating': ['5/10', '5/10', '6/10', '6/10'], 'data': {'Distance': ['0.87mi', '2.63mi', '2.37mi', '2.63mi'], 'Grades': ['K-5', '7-8', '9-12', '6']}, 'name': ['Glenns Valley Elementary School', 'Perry Meridian Middle School', 'Perry Meridian High School', 'Perry Meridian 6th Grade Academy']}]","3,020 sqft",46217,4 Beds,IN,2.0,,,,"$207,990+"
,,Single Family,5339 Richard Ave,4.0,"{'atAGlanceFacts': [{'factValue': '2006', 'factLabel': 'Year built'}, {'factValue': '2006', 'factLabel': 'Remodeled year'}, {'factValue': 'Forced air', 'factLabel': 'Heating'}, {'factValue': 'Central', 'factLabel': 'Cooling'}, {'factValue': '2 spaces', 'factLabel': 'Parking'}, {'factValue': '7,492 sqft', 'factLabel': 'lotsize'}, {'factValue': '$211', 'factLabel': 'Price/sqft'}]}",Yes,Dallas,"[{'rating': ['5/10', '5/10', '5/10'], 'data': {'Distance': ['0.8 mi', '2 mi', '1.9 mi'], 'Grades': ['PK-5', '6-8', '9-12']}, 'name': ['Geneva Heights Elementary', 'J L Long Middle School', 'Woodrow Wilson High School']}]","3,903",75206,4,TX,2.0,,,14166009,"$825,000"
for sale,,townhouse,2031 S 23rd St,,"{'atAGlanceFacts': [{'factValue': '1920', 'factLabel': 'Year built'}, {'factValue': '', 'factLabel': 'Remodeled year'}, {'factValue': 'Wall', 'factLabel': 'Heating'}, {'factValue': 'Wall', 'factLabel': 'Cooling'}, {'factValue': '', 'factLabel': 'Parking'}, {'factValue': '1,008 sqft', 'factLabel': 'lotsize'}, {'factValue': '$113/sqft', 'factLabel': 'Price/sqft'}]}",,Philadelphia,"[{'rating': ['1/10'], 'data': {'Distance': ['0.41mi'], 'Grades': ['K-4']}, 'name': ['Girard Stephen School']}]","1,500 sqft",19145,3 Beds,PA,2.0,,,PAPH858702,"$170,000"
for sale,,single-family home,2732 Vinings Orchard Cir SE,5 Baths,"{'atAGlanceFacts': [{'factValue': '2014', 'factLabel': 'Year built'}, {'factValue': '', 'factLabel': 'Remodeled year'}, {'factValue': 'Forced Air', 'factLabel': 'Heating'}, {'factValue': 'Central', 'factLabel': 'Cooling'}, {'factValue': 'Attached Garage', 'factLabel': 'Parking'}, {'factValue': '8,320 sqft', 'factLabel': 'lotsize'}, {'factValue': '$219/sqft', 'factLabel': 'Price/sqft'}]}",yes,Atlanta,"[{'rating': ['5/10', '7/10', '6/10'], 'data': {'Distance': ['4.63mi', '2.58mi', '2.81mi'], 'Grades': ['9-12', 'PK-5', '6-8']}, 'name': ['Campbell High School', 'Nickajack Elementary School', 'Campbell Middle School']}]","3,598 sqft",30339,4 Beds,GA,2.0,,,6612813,"$789,000"
for sale,,condo,Address Not Disclosed,2 Baths,"{'atAGlanceFacts': [{'factValue': '1978', 'factLabel': 'Year built'}, {'factValue': '', 'factLabel': 'Remodeled year'}, {'factValue': 'Forced Air', 'factLabel': 'Heating'}, {'factValue': 'Central', 'factLabel': 'Cooling'}, {'factValue': '', 'factLabel': 'Parking'}, {'factValue': '', 'factLabel': 'lotsize'}, {'factValue': '$105/sqft', 'factLabel': 'Price/sqft'}]}",,Sunrise,"[{'rating': ['6/10', '6/10', '3/10'], 'data': {'Distance': ['0.57mi', '0.6mi', '1.53mi'], 'Grades': ['6-8', 'PK-5', '9-12']}, 'name': ['Bair Middle School', 'Horizon Elementary School', 'Piper High School']}]",750 sqft,33322,,FL,,,,A10787751,"$79,000"
Active,,Single Family Home,483 Monaco Dr,3,"{'atAGlanceFacts': [{'factValue': '1995', 'factLabel': 'Year built'}, {'factValue': '', 'factLabel': 'Remodeled year'}, {'factValue': 'Central, Electric', 'factLabel': 'Heating'}, {'factValue': 'Central Air', 'factLabel': 'Cooling'}, {'factValue': 'Driveway, Garage Door Opener', 'factLabel': 'Parking'}, {'factValue': '10801', 'factLabel': 'lotsize'}, {'factValue': '$171', 'factLabel': 'Price/sqft'}]}","Gas, Living Room",Punta Gorda,"[{'rating': ['7', '5', '7', '6', '2', '10', 'NR'], 'data': {'Distance': ['2.5 mi', '2.6 mi', '2.5 mi', '3.9 mi', '5.8 mi', '2.5 mi', '2.0 mi'], 'Grades': ['PK–5', '6–8', '9–12', 'PK–5', 'PK–12', '9–12', 'PK–8']}, 'name': ['Sallie Jones Elementary School', 'Punta Gorda Middle School', 'Charlotte High School', 'East Elementary School', 'Charlotte Harbor School', 'Florida SouthWestern Collegiate HS-Charlotte School', 'Good Shepherd Episcopal Private School']}]",2778,33950,3,FL,1,,,C7416407,"$475,000"
Active,,Single Family Home,15167 W Montecito Ave,2,"{'atAGlanceFacts': [{'factValue': '2009', 'factLabel': 'Year built'}, {'factValue': '', 'factLabel': 'Remodeled year'}, {'factValue': 'Gas Heat', 'factLabel': 'Heating'}, {'factValue': 'Refrigeration, Ceiling Fan(s)', 'factLabel': 'Cooling'}, {'factValue': 'Electric Door Opener, RV Gate, Dir Entry frm Garage, Slab Parking Spaces', 'factLabel': 'Parking'}, {'factValue': '8031', 'factLabel': 'lotsize'}, {'factValue': '$168', 'factLabel': 'Price/sqft'}]}",,Goodyear,"[{'rating': ['8', '9', '6', '8', 'NR', 'NR', 'NR', 'NR'], 'data': {'Distance': ['1.6 mi', '0.9 mi', '0.4 mi', '0.4 mi', '0.5 mi', '1.9 mi', '1.6 mi', '2.0 mi'], 'Grades': ['PK–6', '5–8', '9–12', 'PK–5', '7–12', 'PK–6', 'PK–8']}, 'name': ['Litchfield Elementary School', 'Western Sky Middle School', 'Millennium High School', 'Mabel Padgett Elementary School', 'West-Mec - Millennium High School', 'Litchfield Preschool School', ""St. Peter's Montessori Private School"", 'St Thomas Aquinas Grade Private School']}]",1990,85395,4,AZ,1,,,6016523,"$335,000"
for sale,,single-family home,15525 SW 57th Ter,3 Baths,"{'atAGlanceFacts': [{'factValue': '1988', 'factLabel': 'Year built'}, {'factValue': '1988', 'factLabel': 'Remodeled year'}, {'factValue': 'Forced Air', 'factLabel': 'Heating'}, {'factValue': 'Central', 'factLabel': 'Cooling'}, {'factValue': 'Carport, Attached Garage', 'factLabel': 'Parking'}, {'factValue': '5,618 sqft', 'factLabel': 'lotsize'}, {'factValue': '$250/sqft', 'factLabel': 'Price/sqft'}]}",,Miami,"[{'rating': ['10/10', '9/10', '7/10', '6/10', 'None/10'], 'data': {'Distance': ['13.83mi', '0.67mi', '0.57mi', '0.45mi', '8.45mi'], 'Grades': ['PK-8', 'PK-8', '6-8', '9-12', 'K-9']}, 'name': ['Air Base Elementary School', 'Jane S. Roberts K-8 Center', 'Lamar Louise Curry Middle School', 'John A. Ferguson Senior High School', 'Robert Morgan Voc-Tech Institute']}]","1,674 sqft",33193,4 Beds,FL,,,,A10784472,"$419,000"
for sale,,single-family home,26841 McLaughlin Blvd,5 Baths,"{'atAGlanceFacts': [{'factValue': '2002', 'factLabel': 'Year built'}, {'factValue': '2002', 'factLabel': 'Remodeled year'}, {'factValue': 'Forced Air', 'factLabel': 'Heating'}, {'factValue': 'Central', 'factLabel': 'Cooling'}, {'factValue': 'Attached Garage', 'factLabel': 'Parking'}, {'factValue': '0.27 acres', 'factLabel': 'lotsize'}, {'factValue': '$520/sqft', 'factLabel': 'Price/sqft'}]}",,Bonita Springs,"[{'rating': ['3/10', '8/10', '4/10', '5/10', '6/10', '5/10', '8/10', '4/10', '7/10', '5/10', '8/10', '4/10', '7/10', '3/10', '6/10', '5/10', '5/10', '4/10', '6/10', '5/10', '8/10', '2/10', '6/10', '7/10'], 'data': {'Distance': ['12.91mi', '9.74mi', '17.52mi', '10.94mi', '3.91mi', '18.46mi', '4.68mi', '13.55mi', '13.86mi', '17.31mi', '19.54mi', '19.69mi', '19.21mi', '18.59mi', '12.74mi', '17.49mi', '15.06mi', '9.62mi', '3.03mi', '5.97mi', '7.95mi', '17.78mi', '9.04mi', '8.26mi'], 'Grades': ['9-12', 'PK-5', 'PK-5', '6-8', '6-8', 'PK-5', 'PK-5', '9-12', '6-8', '6-8', 'PK-5', 'PK-5', '9-12', '6-8', 'PK-5', 'PK-5', 'PK-5', 'PK-5', 'PK-5', '9-12', 'PK-5', 'PK-5', '6-8', 'PK-5']}, 'name': ['South Fort Myers High School', 'Rayma C. Page Elementary School', 'Ray V. Pottorf Elementary School', 'Lexington Middle School', 'Bonita Springs Middle Center For The Arts', 'Allen Park Elementary School', 'Bonita Springs Elementary School', 'Cypress Lake High School', 'Cypress Lake Middle School', 'Paul Laurence Dunbar Middle School', 'Edison Park Creative And Expressive Arts School', 'Franklin Park Elementary School', 'Fort Myers High School', 'Fort Myers Middle Academy', 'Heights Elementary School', 'Orangewood Elementary School', 'Villas Elementary School', 'San Carlos Park Elementary School', 'Spring Creek Elementary School', 'Estero High School', 'Three Oaks Elementary School', 'Colonial Elementary School', 'Three Oaks Middle School', 'Pinewoods Elementary School']}]","4,227 sqft",34134,5 Beds,FL,3.0,,yes,219044646,"$2,199,000"
for sale,,condo,1011 N Winchester Ave #3,2 Baths,"{'atAGlanceFacts': [{'factValue': '2019', 'factLabel': 'Year built'}, {'factValue': '', 'factLabel': 'Remodeled year'}, {'factValue': 'Gas', 'factLabel': 'Heating'}, {'factValue': 'Central', 'factLabel': 'Cooling'}, {'factValue': 'Detached Garage', 'factLabel': 'Parking'}, {'factValue': '', 'factLabel': 'lotsize'}, {'factValue': None, 'factLabel': 'Price/sqft'}]}",,Chicago,"[{'rating': ['1/10', '4/10', '7/10'], 'data': {'Distance': ['7.56mi', '0.38mi', '0.49mi'], 'Grades': ['9-12', '9-12', 'PK-8']}, 'name': ['Hope College Prep High School', 'Wells Community Academy High School', 'Pritzker Elementary School']}]",,60622,2 Beds,IL,3.0,,,10590295,"$649,888"
for sale,,lot/land,804 San Jose Ct,,"{'atAGlanceFacts': [{'factValue': '', 'factLabel': 'Year built'}, {'factValue': '', 'factLabel': 'Remodeled year'}, {'factValue': '', 'factLabel': 'Heating'}, {'factValue': '', 'factLabel': 'Cooling'}, {'factValue': '', 'factLabel': 'Parking'}, {'factValue': '', 'factLabel': 'lotsize'}, {'factValue': None, 'factLabel': 'Price/sqft'}]}",,Kissimmee,"[{'rating': ['4/10', '3/10', '4/10'], 'data': {'Distance': ['2.69mi', '0.73mi', '1.04mi'], 'Grades': ['PK-12', '6-8', 'PK-5']}, 'name': ['Liberty High School', 'Discovery Intermediate School', 'Poinciana Academy Of Fine Arts']}]",,34758,,FL,,,,S5007945,"$15,900"
For sale,,Single Family,3318 Rose Petal St,2 ba,"{'atAGlanceFacts': [{'factValue': '2003', 'factLabel': 'Year built'}, {'factValue': '', 'factLabel': 'Remodeled year'}, {'factValue': 'Heat pump', 'factLabel': 'Heating'}, {'factValue': 'Central', 'factLabel': 'Cooling'}, {'factValue': 'Attached Garage', 'factLabel': 'Parking'}, {'factValue': '0.87 acres', 'factLabel': 'lotsize'}, {'factValue': '$147', 'factLabel': 'Price/sqft'}]}",,Gainesville,"[{'rating': ['3/10', '7/10', '5/10'], 'data': {'Distance': ['1.8 mi', '2.1 mi', '3.7 mi'], 'Grades': ['PK-5', '6-8', '9-12']}, 'name': ['Tadmore Elementary School', 'East Hall Middle School', 'East Hall High School']}]","1,224 sqft",30507,3 bd,GA,,8653170,,,"$179,900"
for sale,,condo,6016 Westridge Ln #411,2 Baths,"{'atAGlanceFacts': [{'factValue': '1969', 'factLabel': 'Year built'}, {'factValue': '', 'factLabel': 'Remodeled year'}, {'factValue': 'Forced Air', 'factLabel': 'Heating'}, {'factValue': 'Central', 'factLabel': 'Cooling'}, {'factValue': 'Attached Garage', 'factLabel': 'Parking'}, {'factValue': '3397 sqft', 'factLabel': 'lotsize'}, {'factValue': '$47/sqft', 'factLabel': 'Price/sqft'}]}",yes,Fort Worth,"[{'rating': ['4/10', '6/10', '2/10'], 'data': {'Distance': ['2.12mi', '0.88mi', '1.42mi'], 'Grades': ['9-12', 'PK-5', '6-8']}, 'name': ['Arlington Heights High School', 'Ridglea Hills Elementary School', 'Monnig Middle School']}]","1,826 sqft",76116,3 Beds,TX,1.0,,,14231457,"$85,000"
for sale,,single-family home,13860 Lago Vista Ave,2 Baths,"{'atAGlanceFacts': [{'factValue': '2019', 'factLabel': 'Year built'}, {'factValue': '', 'factLabel': 'Remodeled year'}, {'factValue': '', 'factLabel': 'Heating'}, {'factValue': '', 'factLabel': 'Cooling'}, {'factValue': '', 'factLabel': 'Parking'}, {'factValue': '6,094 sqft', 'factLabel': 'lotsize'}, {'factValue': '$101/sqft', 'factLabel': 'Price/sqft'}]}",,Horizon City,"[{'rating': ['4/10', '6/10', '3/10'], 'data': {'Distance': ['3.62mi', '3.62mi', '3.62mi'], 'Grades': ['6-8', 'PK-5', '9-12']}, 'name': ['Horizon Middle School', 'Desert Hills Elementary School', 'Horizon High School']}]","1,782 sqft",79928,4 Beds,TX,,,,812340,"$179,950"
for sale,,lot/land,1030 Sunflower Rd,,"{'atAGlanceFacts': [{'factValue': '1973', 'factLabel': 'Year built'}, {'factValue': '', 'factLabel': 'Remodeled year'}, {'factValue': '', 'factLabel': 'Heating'}, {'factValue': '', 'factLabel': 'Cooling'}, {'factValue': '', 'factLabel': 'Parking'}, {'factValue': '5.0 acres', 'factLabel': 'lotsize'}, {'factValue': None, 'factLabel': 'Price/sqft'}]}",,Tallahassee,"[{'rating': ['5/10', '3/10', '4/10'], 'data': {'Distance': ['6.93mi', '7.54mi', '0.91mi'], 'Grades': ['9-12', '6-8', 'PK-8']}, 'name': ['James Rickards High School', 'R. Frank Nims Middle School', 'Woodville Elementary School']}]",,32305,,FL,,,,313810,"$99,000"
for sale,,single-family home,801 H 17 T Top Paoli Ct,,"{'atAGlanceFacts': [{'factValue': '1985', 'factLabel': 'Year built'}, {'factValue': '', 'factLabel': 'Remodeled year'}, {'factValue': '', 'factLabel': 'Heating'}, {'factValue': '', 'factLabel': 'Cooling'}, {'factValue': '', 'factLabel': 'Parking'}, {'factValue': '', 'factLabel': 'lotsize'}, {'factValue': None, 'factLabel': 'Price/sqft'}]}",,Wilmington,"[{'rating': ['8/10', '5/10', '4/10'], 'data': {'Distance': ['3.15mi', '1.41mi', '4.35mi'], 'Grades': ['1-5', '6-8', '9-12']}, 'name': ['Heyward C Bellamy Elementary', 'Myrtle Grove Middle', 'Eugene Ashley High']}]",,28409,,NC,1.0,,,100177571,"$70,000"
for sale,,single-family home,911 E Brighton Ave,,"{'atAGlanceFacts': [{'factValue': '1958', 'factLabel': 'Year built'}, {'factValue': '', 'factLabel': 'Remodeled year'}, {'factValue': 'Forced Air', 'factLabel': 'Heating'}, {'factValue': '', 'factLabel': 'Cooling'}, {'factValue': '', 'factLabel': 'Parking'}, {'factValue': '7,208 sqft', 'factLabel': 'lotsize'}, {'factValue': '$64/sqft', 'factLabel': 'Price/sqft'}]}",,Syracuse,"[{'rating': ['2/10', '2/10', '2/10'], 'data': {'Distance': ['0.88mi', '2.35mi', '1.48mi'], 'Grades': ['6-8', '9-12', 'PK-5']}, 'name': ['Clary Middle School', 'Corcoran High School', 'Meachem Elementary School']}]","1,235 sqft",13205,4 Beds,NY,1,,,R1240336,"$78,900"
for sale,,single-family home,2200 S Manhattan St,2 Baths,"{'atAGlanceFacts': [{'factValue': '1958', 'factLabel': 'Year built'}, {'factValue': '1958', 'factLabel': 'Remodeled year'}, {'factValue': 'Other', 'factLabel': 'Heating'}, {'factValue': 'Central', 'factLabel': 'Cooling'}, {'factValue': 'Detached Garage, Attached Garage', 'factLabel': 'Parking'}, {'factValue': '0.26 acres', 'factLabel': 'lotsize'}, {'factValue': '$71/sqft', 'factLabel': 'Price/sqft'}]}",yes,Amarillo,"[{'rating': ['6/10', '5/10', '5/10', '6/10'], 'data': {'Distance': ['0.7mi', '0.6mi', '0.13mi', '3.88mi'], 'Grades': ['6-8', '9-12', 'PK-5', '2-5']}, 'name': ['Bowie Middle School', 'Caprock High School', 'Lawndale Elementary School', 'Carver El Academy']}]","2,050 sqft",79103,4 Beds,TX,,,,19-6594,"$145,000"
Active,,Land,2701 32nd St NW Lots 0051 & 0052,,"{'atAGlanceFacts': [{'factValue': '1930', 'factLabel': 'Year built'}, {'factValue': '', 'factLabel': 'Remodeled year'}, {'factValue': '', 'factLabel': 'Heating'}, {'factValue': '', 'factLabel': 'Cooling'}, {'factValue': '', 'factLabel': 'Parking'}, {'factValue': '34091', 'factLabel': 'lotsize'}, {'factValue': None, 'factLabel': 'Price/sqft'}]}",,Washington,"[{'rating': ['9', '8', '8', '10', '8', '9', 'NR', 'NR'], 'data': {'Distance': ['0.3 mi', '0.7 mi', '1.9 mi', '0.6 mi', '1.3 mi', '0.9 mi', '0.3 mi', '0.4 mi'], 'Grades': ['PK–8', '6–8', '9–12', 'PK–5', 'PK–8', '9–12', 'K–12', 'PK–6']}, 'name': ['Oyster-Adams Bilingual School', 'Hardy Middle School', 'Wilson High School', 'Eaton Elementary School', 'School Without Walls @ Francis-Stevens', 'Duke Ellington School of the Arts', 'Maret Private School', 'Aidan Montessori Private School']}]",0,20008,,DC,,,,1009909466,"$7,500,000"
for sale,,lot/land,2316 Maria Lynn Ct #P/2,,"{'atAGlanceFacts': [{'factValue': '', 'factLabel': 'Year built'}, {'factValue': '', 'factLabel': 'Remodeled year'}, {'factValue': '', 'factLabel': 'Heating'}, {'factValue': '', 'factLabel': 'Cooling'}, {'factValue': '', 'factLabel': 'Parking'}, {'factValue': '1.27 acres', 'factLabel': 'lotsize'}, {'factValue': None, 'factLabel': 'Price/sqft'}]}",,Gastonia,"[{'rating': ['8/10', '7/10', '8/10'], 'data': {'Distance': ['1.94mi', '2.15mi', '2.66mi'], 'Grades': ['PK-5', '9-12', '6-8']}, 'name': ['W A Bess Elementary School', 'Forestview High School', 'Cramerton Middle School']}]",,28056,,NC,,,,3550728,"$112,000"
Active,,,3841 Environ Blvd #135 ,,"{'atAGlanceFacts': [{'factValue': '1974', 'factLabel': 'Year built'}, {'factValue': '1975', 'factLabel': 'Remodeled year'}, {'factValue': '', 'factLabel': 'Heating'}, {'factValue': '', 'factLabel': 'Cooling'}, {'factValue': '', 'factLabel': 'Parking'}, {'factValue': '—', 'factLabel': 'lotsize'}, {'factValue': '$77 / Sq. Ft.', 'factLabel': 'Price/sqft'}]}",,Lauderhill,"[{'rating': ['2', '3', '3'], 'data': {'Distance': ['1.5 mi', '3.8 mi', '0.9 mi'], 'Grades': ['Preschool to 5', '6 to 8', '9 to 12']}, 'name': ['Village Elementary School', 'Lauderdale Lakes Middle School', 'Piper High School']}]","1,100",33319,,FL,,,,F10205361,"84,900"
for sale,,single-family home,19187 Grandview St,2 Baths,"{'atAGlanceFacts': [{'factValue': '1938', 'factLabel': 'Year built'}, {'factValue': '', 'factLabel': 'Remodeled year'}, {'factValue': 'Forced Air', 'factLabel': 'Heating'}, {'factValue': '', 'factLabel': 'Cooling'}, {'factValue': 'Detached Garage', 'factLabel': 'Parking'}, {'factValue': '0.55 acres', 'factLabel': 'lotsize'}, {'factValue': '$32/sqft', 'factLabel': 'Price/sqft'}]}",yes,Detroit,"[{'rating': ['4/10', '4/10', '4/10', '4/10', '3/10', '2/10', '5/10', '2/10', '6/10', '1/10', '3/10', '3/10', '2/10'], 'data': {'Distance': ['4.6mi', '4.88mi', '12.78mi', '13.11mi', '13.13mi', '12.2mi', '0.88mi', '0.89mi', '6.32mi', '5.79mi', '10.96mi', '15.76mi', '11.75mi'], 'Grades': ['9-12', 'K-8', '9-12', '9-12', 'K-8', '5-8', 'K-4', '5-8', 'K-8', '9-12', 'K-12', 'K-8', '6-12']}, 'name': ['Communication And Media Arts High School', 'Foreign Language Immersion And Cultural Studies', 'Detroit School of Arts', 'Cass Technical High School', 'Spain Elementary-Middle School', 'Clippert Academy', 'Wright Charles School', 'Ludington Magnet Middle School', 'Bates Academy', 'Cody Academy Of Public Leadership', 'Detroit International Academy For Young Women', ""Edward 'Duke' Ellington @ Beckham"", 'Douglass Academy For Young Men']}]","1,300 sqft",48219,3 Beds,MI,1.0,,,219119495,"$41,500"
for sale,,single-family home,3049 Hill St,3 Baths,"{'atAGlanceFacts': [{'factValue': '2000', 'factLabel': 'Year built'}, {'factValue': '', 'factLabel': 'Remodeled year'}, {'factValue': 'Forced Air', 'factLabel': 'Heating'}, {'factValue': 'Central', 'factLabel': 'Cooling'}, {'factValue': 'On Street, Attached Garage', 'factLabel': 'Parking'}, {'factValue': '7,200 sqft', 'factLabel': 'lotsize'}, {'factValue': '$141/sqft', 'factLabel': 'Price/sqft'}]}",yes,Round Rock,"[{'rating': ['7/10', '8/10'], 'data': {'Distance': ['2.17mi', '2.35mi'], 'Grades': ['6-8', '9-12']}, 'name': ['Park Crest Middle School', 'Hendrickson High School']}]","1,736 sqft",78664,3 Beds,TX,2.0,,,,"$244,900"
For sale,,Condo,51 Arborside,3.0,"{'atAGlanceFacts': [{'factValue': '2003', 'factLabel': 'Year built'}, {'factValue': None, 'factLabel': 'Remodeled year'}, {'factValue': 'Forced air', 'factLabel': 'Heating'}, {'factValue': 'Central', 'factLabel': 'Cooling'}, {'factValue': '2 spaces', 'factLabel': 'Parking'}, {'factValue': None, 'factLabel': 'lotsize'}, {'factValue': '$705', 'factLabel': 'Price/sqft'}]}",Yes,Irvine,"[{'rating': ['10/10', '10/10'], 'data': {'Distance': ['0.5 mi', '1.7 mi'], 'Grades': ['K-8', '9-12']}, 'name': ['Vista Verde', 'University High School']}]","1,701",92603,3,CA,2,,Yes,19532816,"$1,200,000"
For sale,,Single Family,631 Pheasant Crest Dr,3.0,"{'atAGlanceFacts': [{'factValue': '2002', 'factLabel': 'Year built'}, {'factValue': '2002', 'factLabel': 'Remodeled year'}, {'factValue': 'Forced air', 'factLabel': 'Heating'}, {'factValue': 'Central', 'factLabel': 'Cooling'}, {'factValue': '8 spaces', 'factLabel': 'Parking'}, {'factValue': '9.83 acres', 'factLabel': 'lotsize'}, {'factValue': '$181', 'factLabel': 'Price/sqft'}]}",Yes,Yakima,"[{'rating': ['4/10', '4/10', '4/10'], 'data': {'Distance': ['5.1 mi', '11.1 mi', '9.2 mi'], 'Grades': ['K-4', '7-8', '10-12']}, 'name': ['Mountainview Elementary School', 'West Valley Jr High School', 'West Valley High School']}]","2,455",98908,4,WA,0,,,19-2165,"$445,000"
for sale,,condo,1001 Belleview St #206,2 Baths,"{'atAGlanceFacts': [{'factValue': '2007', 'factLabel': 'Year built'}, {'factValue': '2007', 'factLabel': 'Remodeled year'}, {'factValue': 'Forced Air', 'factLabel': 'Heating'}, {'factValue': 'Central', 'factLabel': 'Cooling'}, {'factValue': 'Attached Garage', 'factLabel': 'Parking'}, {'factValue': '0.94 acres', 'factLabel': 'lotsize'}, {'factValue': '$282/sqft', 'factLabel': 'Price/sqft'}]}",yes,Dallas,"[{'rating': ['2/10', '2/10', '2/10'], 'data': {'Distance': ['1.4mi', '1.77mi', '1.44mi'], 'Grades': ['PK-5', '9-12', '6-8']}, 'name': ['Martin Luther King Jr Learning Cen', 'James Madison High School', 'Billy Earl Dade Middle School']}]","1,240 sqft",75215,,TX,1.0,,yes,14089641,"$350,000"
Active,,,9825 E 138th Pl ,~,"{'atAGlanceFacts': [{'factValue': '2011', 'factLabel': 'Year built'}, {'factValue': '2011', 'factLabel': 'Remodeled year'}, {'factValue': 'Forced Air, Natural Gas, Wood', 'factLabel': 'Heating'}, {'factValue': 'Central Air', 'factLabel': 'Cooling'}, {'factValue': '', 'factLabel': 'Parking'}, {'factValue': '2.50 Acres', 'factLabel': 'lotsize'}, {'factValue': '$217 / Sq. Ft.', 'factLabel': 'Price/sqft'}]}",3,BRIGHTON,"[{'rating': ['7', '7', '2', 'NR', '3'], 'data': {'Distance': ['1.4 mi', '2.2 mi', '3.1 mi', '2.2 mi', '2.9 mi'], 'Grades': ['Preschool to 5', 'Preschool to 5', '6 to 8', 'Preschool to 12', '9 to 12']}, 'name': ['Brantner Elementary School', 'West Ridge Elementary School', 'Prairie View Middle School', 'Elmwood Baptist Academy', 'Prairie View High School']}]","9,680",80602,Baths,CO,,,,3401038,"2,100,000"
Active,,Two Story,6423 Osprey Landing St ,,"{'atAGlanceFacts': [{'factValue': '2018', 'factLabel': 'Year built'}, {'factValue': '2018', 'factLabel': 'Remodeled year'}, {'factValue': 'Central Air, Ceiling Fan(s)', 'factLabel': 'Heating'}, {'factValue': 'Has Cooling', 'factLabel': 'Cooling'}, {'factValue': '', 'factLabel': 'Parking'}, {'factValue': '3,875 Sq. Ft.', 'factLabel': 'lotsize'}, {'factValue': '$220 / Sq. Ft.', 'factLabel': 'Price/sqft'}]}",,Davie,"[{'rating': ['8', '6', '4'], 'data': {'Distance': ['2.7 mi', '1.3 mi', '2.2 mi'], 'Grades': ['Preschool to 5', '6 to 8', '9 to 12']}, 'name': ['Silver Ridge Elementary School', 'Driftwood Middle School', 'Hollywood Hills High School']}]","2,252",33314,,FL,,,,A10776443,"494,900"
For sale,,Single Family,1813 Cyan Ln,Bathrooms: 4,"{'atAGlanceFacts': [{'factValue': '2012', 'factLabel': 'Year built'}, {'factValue': '2012', 'factLabel': 'Remodeled year'}, {'factValue': 'Forced air', 'factLabel': 'Heating'}, {'factValue': 'Central', 'factLabel': 'Cooling'}, {'factValue': '2 spaces', 'factLabel': 'Parking'}, {'factValue': '-- sqft lot', 'factLabel': 'lotsize'}, {'factValue': '$230', 'factLabel': 'Price/sqft'}]}",Yes,Chula Vista,"[{'rating': ['9/10', '7/10', '9/10'], 'data': {'Distance': ['0.2 mi', '2.5 mi', '0.3 mi'], 'Grades': ['K-6', '7-8', '9-12']}, 'name': ['Wolf Canyon Elementary School', 'Rancho Del Rey Middle School', 'Olympian High School']}]","Total interior livable area: 2,253 sqft",91913,4 bd,CA,3.0,190063104,,,"$519,000"
for sale,,coop,2140 Knapp St #3E,,"{'atAGlanceFacts': [{'factValue': '1952', 'factLabel': 'Year built'}, {'factValue': '', 'factLabel': 'Remodeled year'}, {'factValue': '', 'factLabel': 'Heating'}, {'factValue': '', 'factLabel': 'Cooling'}, {'factValue': '', 'factLabel': 'Parking'}, {'factValue': '1.61 acres', 'factLabel': 'lotsize'}, {'factValue': '$189/sqft', 'factLabel': 'Price/sqft'}]}",,Brooklyn,"[{'rating': ['7/10', '4/10'], 'data': {'Distance': ['0.47mi', '0.22mi'], 'Grades': ['6-8', 'PK-5']}, 'name': ['Jhs 278 Marine Park', 'Ps 194 Raoul Wallenberg']}]",950 sqft,11229,2 Beds,NY,,,,435291,"$180,000"
,,Single Family,5613 Seawood Dr,3,"{'atAGlanceFacts': [{'factValue': '2006', 'factLabel': 'Year built'}, {'factValue': None, 'factLabel': 'Remodeled year'}, {'factValue': 'Forced air', 'factLabel': 'Heating'}, {'factValue': 'Central', 'factLabel': 'Cooling'}, {'factValue': '2 spaces', 'factLabel': 'Parking'}, {'factValue': '6,011 sqft', 'factLabel': 'lotsize'}, {'factValue': '$90', 'factLabel': 'Price/sqft'}]}",Yes,Fort Worth,"[{'rating': ['3/10', '5/10', '4/10'], 'data': {'Distance': ['1.2 mi', '0.1 mi', '1.3 mi'], 'Grades': ['PK-4', '5-6', '9-12']}, 'name': ['Dallas Park Elementary School', 'Sue Crouch Intermediate School', 'North Crowley High School']}]","2,758",76123,4,TX,2.0,,,14154217,"$249,000"
Active,,,MLS #: DEGI3834603,,"{'atAGlanceFacts': [{'factValue': '', 'factLabel': 'Year built'}, {'factValue': '', 'factLabel': 'Remodeled year'}, {'factValue': '', 'factLabel': 'Heating'}, {'factValue': '', 'factLabel': 'Cooling'}, {'factValue': '', 'factLabel': 'Parking'}, {'factValue': '—', 'factLabel': 'lotsize'}, {'factValue': None, 'factLabel': 'Price/sqft'}]}",,New York,"[{'rating': ['7', '9', '8', '2', '8'], 'data': {'Distance': ['0.3 mi', '0.4 mi', '0.7 mi', '3.6 mi', '0.4 mi'], 'Grades': ['Preschool to 5', '6 to 8', '6 to 11', '6 to 12', '9 to 12']}, 'name': ['PS 11 William T Harris', 'Nyc Lab Middle School For Collaborative Studies', 'Middle School 260 Clinton School Writers And Artists', 'Life Sciences Secondary School', 'Nyc Lab High School For Collaborative Studies']}]",,10001,,NY,,,,DEGI3834603,"3,300,000"
Active,,,2292 S Delaware St ,"2,000","{'atAGlanceFacts': [{'factValue': '', 'factLabel': 'Year built'}, {'factValue': '1944', 'factLabel': 'Remodeled year'}, {'factValue': '', 'factLabel': 'Heating'}, {'factValue': '', 'factLabel': 'Cooling'}, {'factValue': '', 'factLabel': 'Parking'}, {'factValue': '9,371 Sq. Ft.', 'factLabel': 'lotsize'}, {'factValue': None, 'factLabel': 'Price/sqft'}]}",,DENVER,"[{'rating': ['7', '6', '3'], 'data': {'Distance': ['1.1 mi', '1.0 mi', '1.8 mi'], 'Grades': ['K to 5', '6 to 8', '9 to 12']}, 'name': ['Asbury Elementary School', 'Grant Middle School', 'South High School']}]",,80223,Baths,CO,,,,3940899,"1,095,000"
Active,,Single Family Home,13 Edgely Ln,2,"{'atAGlanceFacts': [{'factValue': '2000', 'factLabel': 'Year built'}, {'factValue': '', 'factLabel': 'Remodeled year'}, {'factValue': 'Central Electric', 'factLabel': 'Heating'}, {'factValue': 'Central Electric', 'factLabel': 'Cooling'}, {'factValue': '', 'factLabel': 'Parking'}, {'factValue': '11920', 'factLabel': 'lotsize'}, {'factValue': '$132', 'factLabel': 'Price/sqft'}]}",,Palm Coast,"[{'rating': ['4', '4', '6', '5', 'NR', 'NR', 'NR', 'NR'], 'data': {'Distance': ['1.5 mi', '3.0 mi', '2.1 mi', '1.1 mi', '1.2 mi', '1.2 mi', '1.2 mi', '1.5 mi'], 'Grades': ['PK–6', '7–8', '9–12', 'PK–6', 'K–8', '7–12', 'PK–8', 'PK–5']}, 'name': ['Bunnell Elementary School', 'Buddy Taylor Middle School', 'Flagler-Palm Coast High School', 'Rymfire Elementary School', 'Flagler Virtual Instruction Program School', 'Flagler Virtual Instruction(Course Offerings) School', 'Flagler Christian Academy & Childrens Learning Center Private School', 'Christ The King Lutheran Private School']}]",1655,32164,3,FL,One,,,253244,"$218,000"
for sale,,condo,407 Bosque Blvd #204,3 Baths,"{'atAGlanceFacts': [{'factValue': '2016', 'factLabel': 'Year built'}, {'factValue': '', 'factLabel': 'Remodeled year'}, {'factValue': 'Heat Pump', 'factLabel': 'Heating'}, {'factValue': '', 'factLabel': 'Cooling'}, {'factValue': 'Off Street, Attached Garage', 'factLabel': 'Parking'}, {'factValue': '3,572 sqft', 'factLabel': 'lotsize'}, {'factValue': '$142/sqft', 'factLabel': 'Price/sqft'}]}",,Waco,"[{'rating': ['2/10', '2/10', '2/10'], 'data': {'Distance': ['3.17mi', '1.22mi', '1.23mi'], 'Grades': ['9-12', 'PK-5', '6-8']}, 'name': ['Waco High School', 'J High Hines Elementary School', 'G W Carver Middle']}]","1,736 sqft",76707,4 Beds,TX,2.0,,,167907,"$245,900"
for sale,,single-family home,12710 Leeila Ave,,"{'atAGlanceFacts': [{'factValue': '1928', 'factLabel': 'Year built'}, {'factValue': '1962', 'factLabel': 'Remodeled year'}, {'factValue': 'Forced Air', 'factLabel': 'Heating'}, {'factValue': 'None', 'factLabel': 'Cooling'}, {'factValue': 'None', 'factLabel': 'Parking'}, {'factValue': '4,480 sqft', 'factLabel': 'lotsize'}, {'factValue': '$55/sqft', 'factLabel': 'Price/sqft'}]}",,Cleveland,"[{'rating': ['2/10', '1/10', '2/10', '6/10', '1/10', '2/10', '3/10', '2/10', '4/10', '1/10', '3/10', '3/10', '3/10', '2/10', '1/10', '1/10', '2/10', '1/10', '2/10', '2/10', '2/10', '3/10', '2/10', '2/10', '2/10', '3/10', '2/10', '2/10', '4/10', '8/10', '2/10', '3/10', '3/10', '2/10', '2/10', '3/10', '2/10', '2/10', '2/10', '1/10', '1/10', '1/10', '1/10', '1/10', '3/10', '3/10', '2/10', '2/10', '3/10', '1/10', '3/10', '5/10', '4/10', '3/10', '3/10', '2/10', '3/10', '3/10', '2/10', '6/10', '2/10', '3/10', '2/10'], 'data': {'Distance': ['11.11mi', '9.18mi', '4.38mi', '3.03mi', '8.9mi', '7.43mi', '0.9mi', '1.09mi', '3.61mi', '9.65mi', '13.95mi', '0.74mi', '9.46mi', '10.83mi', '8.09mi', '11.08mi', '10.24mi', '8.99mi', '11.79mi', '10.36mi', '7.61mi', '4.37mi', '9.0mi', '7.82mi', '7.42mi', '3.78mi', '9.67mi', '10.73mi', '2.86mi', '3.41mi', '13.04mi', '3.87mi', '13.74mi', '12.91mi', '7.5mi', '6.76mi', '3.25mi', '9.53mi', '11.84mi', '2.99mi', '11.27mi', '0.44mi', '4.75mi', '4.26mi', '1.13mi', '2.87mi', '6.98mi', '8.92mi', '10.57mi', '3.28mi', '1.4mi', '4.66mi', '1.88mi', '1.49mi', '4.8mi', '9.76mi', '4.23mi', '3.92mi', '3.62mi', '11.65mi', '1.46mi', '3.88mi', '6.69mi'], 'Grades': ['7-12', '7-12', '9-12', 'K-5', 'PK-8', 'PK-8', 'PK-10', 'PK-8', 'PK-12', 'PK-8', 'PK-8', 'PK-8', 'PK-8', 'PK-9', 'PK-8', 'PK-9', 'PK-8', 'PK-8', 'PK-9', 'PK-9', 'PK-8', 'PK-8', 'PK-8', 'PK-9', 'K-9', 'PK-9', 'PK-8', 'PK-9', 'PK-8', 'PK-8', '5-12', 'PK-8', 'PK-8', 'PK-8', '9-12', 'K-8', 'PK-8', 'PK-9', 'PK-9', '4-12', '3-12', '6-12', 'PK-8', '7-12', 'PK-8', 'PK-8', 'PK-9', 'PK-9', 'PK-8', '9-12', 'PK-9', 'PK-9', 'PK-9', 'PK-9', 'PK-8', 'PK-8', 'PK-9', 'PK-9', 'PK-8', '3-12', 'PK-9', 'PK-10', 'PK-8']}, 'name': ['Glenville High School', 'John Adams High School', 'Garrett Morgan School Of Science School', 'Louisa May Alcott Elementary School', 'Nathan Hale School', 'George Washington Carver', 'Garfield Elementary School', 'Almira', 'Thomas Jefferson School', 'Willson School', 'Euclid Park Elementary School', 'Artemus Ward', 'Daniel E Morgan School', 'Franklin D. Roosevelt', 'Miles Park School', 'Patrick Henry School', 'Robert H Jamison School', 'Wade Park', 'Adlai Stevenson School', 'Andrew J Rickoff', 'Anton Grdina', 'Benjamin Franklin', 'Bolton', 'Case', 'Carl & Louis Stokes Central Academy', 'Charles A Mooney School', 'Charles Dickens School', 'Charles W Eliot  School', 'Clara E Westropp School', 'Clark School', 'Collinwood High School', 'Denison', 'Memorial School', 'East Clark', 'East Technical High School', 'Fullerton School', 'H Barbara Booker Elementary School', 'Harvey Rice Elementary School', 'Iowa-Maple Elementary School', 'James Ford Rhodes High School', 'John F Kennedy High School', 'John Marshall High School', 'Luis Munoz Marin School', 'Lincoln-West High School', 'Louis Agassiz School', 'Marion C Seltzer Elementary School', 'Marion-Sterling Elementary School', 'Mary B Martin School', 'Mary M Bethune', 'Max S Hayes High School', 'Mckinley School', 'Paul L Dunbar Elementary School @ Kentucky', 'Riverside School', 'Robinson G Jones Elementary School', 'Scranton School', 'Sunbeam', 'Walton School', 'Waverly Elementary School', 'Joseph M Gallagher School', 'Whitney Young School', 'Wilbur Wright School', 'William C Bryant Elementary School', 'Willow School']}]","1,374 sqft",44135,4 Beds,OH,1.0,,,4155825,"$75,000"
Active,,Single Family Home,222 Johnston Drive,2.5,"{'atAGlanceFacts': [{'factValue': '', 'factLabel': 'Year built'}, {'factValue': '', 'factLabel': 'Remodeled year'}, {'factValue': '', 'factLabel': 'Heating'}, {'factValue': '', 'factLabel': 'Cooling'}, {'factValue': '', 'factLabel': 'Parking'}, {'factValue': None, 'factLabel': 'lotsize'}, {'factValue': '$150', 'factLabel': 'Price/sqft'}]}",,Pineville,"[{'rating': ['8', '4', '7', '3', '6', '10', 'NR', 'NR'], 'data': {'Distance': ['0.3 mi', '2.9 mi', '2.5 mi', '1.6 mi', '4.9 mi', '3.1 mi', '1.0 mi', '2.0 mi'], 'Grades': ['K–5', '6–8', '9–12', 'PK–5', 'K–8', '11–12', 'K–12']}, 'name': ['Pineville Elementary School', 'Quail Hollow Middle School', 'South Mecklenburg High School', 'Sterling Elementary School', 'Waddell Language Academy School', 'Harper Middle College High School', 'South Charlotte Baptist Academy Private School', 'Faith Christian Academy Private School']}]","2,314",28134,3,NC,,,,161590033,"$347,990"
Active,,Single Family Home,81 Westchester Ln,2,"{'atAGlanceFacts': [{'factValue': '2004', 'factLabel': 'Year built'}, {'factValue': '', 'factLabel': 'Remodeled year'}, {'factValue': 'Central Electric', 'factLabel': 'Heating'}, {'factValue': 'Central Electric', 'factLabel': 'Cooling'}, {'factValue': '', 'factLabel': 'Parking'}, {'factValue': '2040', 'factLabel': 'lotsize'}, {'factValue': '$153', 'factLabel': 'Price/sqft'}]}",,Palm Coast,"[{'rating': ['5', '4', '6', 'NR', '6', '5', 'NR', 'NR'], 'data': {'Distance': ['2.8 mi', '1.8 mi', '5.1 mi', '0.9 mi', '2.5 mi', '4.2 mi', '1.1 mi', '1.4 mi'], 'Grades': ['PK–6', '7–8', '9–12', '7–8', '9–12', 'PK–8', 'PK–12']}, 'name': ['Rymfire Elementary School', 'Buddy Taylor Middle School', 'Flagler-Palm Coast High School', 'Flagler County Adult School', 'Indian Trails Middle School', 'Matanzas High School', 'St Elizabeth Ann Seton Catholic Private School', 'Palm Coast Christian Private School']}]",2040,32164,3,FL,One,,,250034,"$312,000"
,,Single Family,541 NE 159th St,1.0,"{'atAGlanceFacts': [{'factValue': '1950', 'factLabel': 'Year built'}, {'factValue': '1950', 'factLabel': 'Remodeled year'}, {'factValue': 'Forced air', 'factLabel': 'Heating'}, {'factValue': 'Central', 'factLabel': 'Cooling'}, {'factValue': '2 spaces', 'factLabel': 'Parking'}, {'factValue': '7,078 sqft', 'factLabel': 'lotsize'}, {'factValue': '$239', 'factLabel': 'Price/sqft'}]}",,Miami,"[{'rating': ['10/10', '2/10'], 'data': {'Distance': ['28.6 mi', '1 mi'], 'Grades': ['PK-8', '9-12']}, 'name': ['Air Base Elementary School', 'North Miami Beach Senior High School']}]","1,193",33162,3,FL,1.0,,,A10687748,"$285,000"
for sale,,single-family home,7222 Sienna Ridge Ln,3 Baths,"{'atAGlanceFacts': [{'factValue': '2001', 'factLabel': 'Year built'}, {'factValue': '2002', 'factLabel': 'Remodeled year'}, {'factValue': 'Forced Air', 'factLabel': 'Heating'}, {'factValue': 'Central', 'factLabel': 'Cooling'}, {'factValue': 'Off Street, Detached Garage', 'factLabel': 'Parking'}, {'factValue': '5,513 sqft', 'factLabel': 'lotsize'}, {'factValue': '$175/sqft', 'factLabel': 'Price/sqft'}]}",,Lauderhill,"[{'rating': ['3/10', '3/10', '2/10'], 'data': {'Distance': ['3.84mi', '0.83mi', '1.77mi'], 'Grades': ['6-8', '9-12', 'PK-5']}, 'name': ['Lauderdale Lakes Middle School', 'Piper High School', 'Village Elementary School']}]","1,800 sqft",33319,3 Beds,FL,2.0,,,A10788931,"$315,000"
,,Condo,720 NE 62nd St APT 312,2.0,"{'atAGlanceFacts': [{'factValue': '2008', 'factLabel': 'Year built'}, {'factValue': '2008', 'factLabel': 'Remodeled year'}, {'factValue': 'Forced air', 'factLabel': 'Heating'}, {'factValue': 'Central', 'factLabel': 'Cooling'}, {'factValue': '2 spaces', 'factLabel': 'Parking'}, {'factValue': None, 'factLabel': 'lotsize'}, {'factValue': '$463', 'factLabel': 'Price/sqft'}]}",,Miami,"[{'rating': ['10/10', '2/10'], 'data': {'Distance': ['24.1 mi', '1.5 mi'], 'Grades': ['PK-8', '9-12']}, 'name': ['Air Base Elementary School', 'Miami Edison Senior High School']}]","1,284",33138,2,FL,0.0,,,A10574827,"$595,000"
For sale,,Single Family,1918 W Briarcliff Ln,3.0,"{'atAGlanceFacts': [{'factValue': '2006', 'factLabel': 'Year built'}, {'factValue': '2006', 'factLabel': 'Remodeled year'}, {'factValue': 'Forced air', 'factLabel': 'Heating'}, {'factValue': 'Central', 'factLabel': 'Cooling'}, {'factValue': '3 spaces', 'factLabel': 'Parking'}, {'factValue': '0.28 acres', 'factLabel': 'lotsize'}, {'factValue': '$154', 'factLabel': 'Price/sqft'}]}",Yes,Spokane,"[{'rating': ['8/10', '7/10', '8/10'], 'data': {'Distance': ['0.6 mi', '3.9 mi', '2 mi'], 'Grades': ['K-6', '7-8', '9-12']}, 'name': ['Prairie View Elementary School', 'Northwood Middle School', 'Mead Senior High School']}]","4,220 sqft",99208,4,WA,1,,,201925658,"$649,000"
for sale,,single-family home,3634 Ernest St,,"{'atAGlanceFacts': [{'factValue': '1940', 'factLabel': 'Year built'}, {'factValue': '1940', 'factLabel': 'Remodeled year'}, {'factValue': 'Forced Air', 'factLabel': 'Heating'}, {'factValue': 'Central', 'factLabel': 'Cooling'}, {'factValue': 'Carport, Attached Garage', 'factLabel': 'Parking'}, {'factValue': '4,938 sqft', 'factLabel': 'lotsize'}, {'factValue': '$115/sqft', 'factLabel': 'Price/sqft'}]}",yes,Jacksonville,"[{'rating': ['3/10', '4/10', '4/10'], 'data': {'Distance': ['3.06mi', '0.52mi', '1.06mi'], 'Grades': ['6-8', 'PK-5', '9-12']}, 'name': ['Lake Shore Middle School', 'Pinedale Elementary School', 'Robert E. Lee High School']}]","1,113 sqft",32205,2 Beds,FL,1.0,,,1017350,"$127,775"
for sale,,townhouse,6377 W Washington Ave,2 Baths,"{'atAGlanceFacts': [{'factValue': '1974', 'factLabel': 'Year built'}, {'factValue': '1974', 'factLabel': 'Remodeled year'}, {'factValue': 'Forced Air', 'factLabel': 'Heating'}, {'factValue': 'Central', 'factLabel': 'Cooling'}, {'factValue': 'Carport', 'factLabel': 'Parking'}, {'factValue': '871 sqft', 'factLabel': 'lotsize'}, {'factValue': '$95/sqft', 'factLabel': 'Price/sqft'}]}",,Las Vegas,"[{'rating': ['None/10', '3/10', '2/10'], 'data': {'Distance': ['0.79mi', '0.11mi', '1.53mi'], 'Grades': ['6-8', 'PK-5', '9-12']}, 'name': ['Frank F Garside Junior High School', 'Vail Pittman Elementary School', 'Western High School']}]","1,258 sqft",89107,2 Beds,NV,2.0,,,2149822,"$120,000"
Pending   Continue To Show,,Multi-Family Home,2904 SE Midfield Cir,,"{'atAGlanceFacts': [{'factValue': '1987', 'factLabel': 'Year built'}, {'factValue': '', 'factLabel': 'Remodeled year'}, {'factValue': 'Heat Pump', 'factLabel': 'Heating'}, {'factValue': 'Central Cooling', 'factLabel': 'Cooling'}, {'factValue': 'Off-Street Parking', 'factLabel': 'Parking'}, {'factValue': None, 'factLabel': 'lotsize'}, {'factValue': '$121', 'factLabel': 'Price/sqft'}]}",,Cleveland,"[{'rating': ['3', '5', '5', '5', 'NR', 'NR'], 'data': {'Distance': ['1.1 mi', '5.6 mi', '5.0 mi', '2.9 mi', '1.7 mi', '2.2 mi'], 'Grades': ['PK–5', '6–8', '9–12', 'PK–5', '4–12', 'PK–12']}, 'name': ['Blythe- Bower Elementary School', 'Cleveland Middle School', 'Cleveland High School', 'Arnold School', 'Landmark Christian Day Private School', 'Cleveland Christian Private School']}]",1308,37323,,TN,,,,1089435,"$158,900"
Active,,Single Family Home,339 N Rampart Blvd,3,"{'atAGlanceFacts': [{'factValue': '1921', 'factLabel': 'Year built'}, {'factValue': '', 'factLabel': 'Remodeled year'}, {'factValue': 'Wall Gas, Wall Gas', 'factLabel': 'Heating'}, {'factValue': 'Wall Unit(s)', 'factLabel': 'Cooling'}, {'factValue': '0', 'factLabel': 'Parking'}, {'factValue': '4000', 'factLabel': 'lotsize'}, {'factValue': '$612', 'factLabel': 'Price/sqft'}]}",,Los Angeles,"[{'rating': ['4', '5', '3', 'NR', '4', '2', 'NR', 'NR'], 'data': {'Distance': ['0.3 mi', '0.9 mi', '1.1 mi', '0.4 mi', '0.3 mi', '0.3 mi', '0.3 mi', '0.3 mi'], 'Grades': ['K–5', '6–8', '9–12', 'K–1', '6–8', '9–12', '1–6', '9–12']}, 'name': ['Rosemont Avenue Elementary School', 'Virgil Middle School', 'Belmont Senior High School', 'Lake Street Primary School', 'Vista Charter Middle School', 'New Village Girls Academy School', 'Los Angeles Christian Academy Private School', 'DC Academy Private School']}]",1716,90026,4,CA,,,,19-517256,"$1,050,000"
for sale,,condo,21 W Goethe St #5A,,"{'atAGlanceFacts': [{'factValue': '1964', 'factLabel': 'Year built'}, {'factValue': '', 'factLabel': 'Remodeled year'}, {'factValue': 'Forced Air', 'factLabel': 'Heating'}, {'factValue': 'Central', 'factLabel': 'Cooling'}, {'factValue': 'Attached Garage', 'factLabel': 'Parking'}, {'factValue': '0.43 acres', 'factLabel': 'lotsize'}, {'factValue': '$248/sqft', 'factLabel': 'Price/sqft'}]}",,Chicago,"[{'rating': ['1/10', '9/10', '7/10'], 'data': {'Distance': ['7.75mi', '1.26mi', '0.37mi'], 'Grades': ['9-12', '9-12', 'PK-8']}, 'name': ['Hope College Prep High School', 'Lincoln Park High School', 'Ogden Elementary School']}]","1,090 sqft",60610,2 Beds,IL,9.0,,,10593273,"$269,900"
,,Single Family,4219 W Arch St,2.0,"{'atAGlanceFacts': [{'factValue': '1972', 'factLabel': 'Year built'}, {'factValue': '1994', 'factLabel': 'Remodeled year'}, {'factValue': 'Electric', 'factLabel': 'Heating'}, {'factValue': 'Central', 'factLabel': 'Cooling'}, {'factValue': '1 space', 'factLabel': 'Parking'}, {'factValue': '5,148 sqft', 'factLabel': 'lotsize'}, {'factValue': '$198', 'factLabel': 'Price/sqft'}]}",,Tampa,"[{'rating': ['2/10', '3/10', '3/10'], 'data': {'Distance': ['1.8 mi', '2.7 mi', '0.3 mi'], 'Grades': ['PK-5', '6-8', '9-12']}, 'name': ['Tampa Bay Boulevard Elementary School', 'Pierce Middle School', 'Jefferson High School']}]",960,33607,3,FL,0,,,T3213525,"$190,000"
Contingent,,Single Family Home,3055 Ginger Circle Dr SE,2,"{'atAGlanceFacts': [{'factValue': '1967', 'factLabel': 'Year built'}, {'factValue': '', 'factLabel': 'Remodeled year'}, {'factValue': 'Electric', 'factLabel': 'Heating'}, {'factValue': 'Central Electric', 'factLabel': 'Cooling'}, {'factValue': '', 'factLabel': 'Parking'}, {'factValue': '45738', 'factLabel': 'lotsize'}, {'factValue': '$107', 'factLabel': 'Price/sqft'}]}",,Cleveland,"[{'rating': ['3', '5', '5', '5', 'NR', 'NR'], 'data': {'Distance': ['1.2 mi', '5.6 mi', '5.0 mi', '2.9 mi', '1.8 mi', '2.2 mi'], 'Grades': ['PK–5', '6–8', '9–12', 'PK–5', '4–12', 'PK–12']}, 'name': ['Blythe- Bower Elementary School', 'Cleveland Middle School', 'Cleveland High School', 'Arnold School', 'Landmark Christian Day Private School', 'Cleveland Christian Private School']}]",1544,37323,2.0,TN,,,,20196078,"$165,000"
for sale,,single-family home,1204 Forsythia Ct,3 Baths,"{'atAGlanceFacts': [{'factValue': '2019', 'factLabel': 'Year built'}, {'factValue': '', 'factLabel': 'Remodeled year'}, {'factValue': 'Forced Air', 'factLabel': 'Heating'}, {'factValue': 'Central', 'factLabel': 'Cooling'}, {'factValue': 'Attached Garage', 'factLabel': 'Parking'}, {'factValue': '0.39 acres', 'factLabel': 'lotsize'}, {'factValue': '$118/sqft', 'factLabel': 'Price/sqft'}]}",yes,Clarksville,"[{'rating': ['5/10', '3/10', '5/10'], 'data': {'Distance': ['9.71mi', '8.92mi', '1.56mi'], 'Grades': ['5-8', '9-12', 'K-4']}, 'name': ['Cheatham Middle School', 'Cheatham Co Central', 'West Cheatham Elementary School']}]","3,220 sqft",37043,5 Beds,TN,2,,,2089368,"$379,900"
for sale,,single-family home,9400 Springwood Dr,4 Baths,"{'atAGlanceFacts': [{'factValue': '1976', 'factLabel': 'Year built'}, {'factValue': '', 'factLabel': 'Remodeled year'}, {'factValue': 'Forced Air', 'factLabel': 'Heating'}, {'factValue': 'Central', 'factLabel': 'Cooling'}, {'factValue': 'Attached Garage', 'factLabel': 'Parking'}, {'factValue': '0.33 acres', 'factLabel': 'lotsize'}, {'factValue': '$264/sqft', 'factLabel': 'Price/sqft'}]}",yes,Austin,"[{'rating': ['10/10', '8/10', '10/10'], 'data': {'Distance': ['0.67mi', '1.23mi', '0.98mi'], 'Grades': ['K-5', '9-12', '6-8']}, 'name': ['Spicewood Elementary School', 'Westwood High School', 'Canyon Vista Middle School']}]","2,935 sqft",78750,4 Beds,TX,1.0,,,8373399,"$774,900"
Pending,,Single Family Home,15368 Aldama Cir,2,"{'atAGlanceFacts': [{'factValue': '2019', 'factLabel': 'Year built'}, {'factValue': '', 'factLabel': 'Remodeled year'}, {'factValue': 'Electric', 'factLabel': 'Heating'}, {'factValue': 'Central Air', 'factLabel': 'Cooling'}, {'factValue': 'Garage Door Opener', 'factLabel': 'Parking'}, {'factValue': '9999', 'factLabel': 'lotsize'}, {'factValue': '$208', 'factLabel': 'Price/sqft'}]}",,Port Charlotte,"[{'rating': ['5', '6', '7', '6', '4', 'NR'], 'data': {'Distance': ['4.4 mi', '5.5 mi', '8.4 mi', '5.3 mi', '8.6 mi', '9.1 mi'], 'Grades': ['PK–5', '6–8', '9–12', 'PK–5', '6–8', '6–12']}, 'name': ['Myakka River Elementary School', 'L. A. Ainger Middle School', 'Lemon Bay High School', 'Vineland Elementary School', 'Murdock Middle School', 'The Academy School']}]",2116,33981,3,FL,1,,,D6107295,"$439,900"
Active,,,1602 NE 1st Ave ,"1,750","{'atAGlanceFacts': [{'factValue': '1951', 'factLabel': 'Year built'}, {'factValue': '1952', 'factLabel': 'Remodeled year'}, {'factValue': '', 'factLabel': 'Heating'}, {'factValue': '', 'factLabel': 'Cooling'}, {'factValue': '', 'factLabel': 'Parking'}, {'factValue': '4,322 Sq. Ft.', 'factLabel': 'lotsize'}, {'factValue': '$380 / Sq. Ft.', 'factLabel': 'Price/sqft'}]}",,Fort Lauderdale,"[{'rating': ['3', '5', '7'], 'data': {'Distance': ['1.3 mi', '1.3 mi', '0.3 mi'], 'Grades': ['Preschool to 5', '6 to 8', '9 to 12']}, 'name': ['Bennett Elementary School', 'Sunrise Middle School', 'Fort Lauderdale High School']}]",776,33305,Baths,FL,,,,F10188537,"295,000"
Active,,Land,NE 120th St,,"{'atAGlanceFacts': [{'factValue': '', 'factLabel': 'Year built'}, {'factValue': '', 'factLabel': 'Remodeled year'}, {'factValue': '', 'factLabel': 'Heating'}, {'factValue': '', 'factLabel': 'Cooling'}, {'factValue': '', 'factLabel': 'Parking'}, {'factValue': '828076', 'factLabel': 'lotsize'}, {'factValue': None, 'factLabel': 'Price/sqft'}]}",,Anthony,"[{'rating': ['3', '4', '3', '1', 'NR', '5'], 'data': {'Distance': ['1.0 mi', '3.6 mi', '2.4 mi', '2.5 mi', '8.4 mi', '7.7 mi'], 'Grades': ['PK–5', '6–8', '9–12', 'PK–5', 'K–12', '9–12']}, 'name': ['Sparr Elementary School', 'North Marion Middle School', 'North Marion High School', 'Anthony Elementary School', 'Kingsbury Academy School', 'Vanguard High School']}]",0,32617,,FL,,,,564425,"$285,000"
For sale,Yes,Single Family,1522 S Orange Ave,Bathrooms: 4,"{'atAGlanceFacts': [{'factValue': '1948', 'factLabel': 'Year built'}, {'factValue': '1948', 'factLabel': 'Remodeled year'}, {'factValue': 'Forced air, Other', 'factLabel': 'Heating'}, {'factValue': 'Central', 'factLabel': 'Cooling'}, {'factValue': '8 spaces', 'factLabel': 'Parking'}, {'factValue': '1 acre lot', 'factLabel': 'lotsize'}, {'factValue': '$353', 'factLabel': 'Price/sqft'}]}",Yes,El Cajon,"[{'rating': ['2/10', '1/10', '7/10'], 'data': {'Distance': ['0.5 mi', '0.3 mi', '1.3 mi'], 'Grades': ['K-5', '6-8', '9-12']}, 'name': ['Chase Avenue Elementary School', 'Emerald Middle School', 'Grossmont High School']}]","Total interior livable area: 4,500 sqft",92020,4 bd,CA,0.0,190060866,,,"$1,589,000"
For sale,,Single Family,205 Lonewood Dr,3 ba,"{'atAGlanceFacts': [{'factValue': '1973', 'factLabel': 'Year built'}, {'factValue': '', 'factLabel': 'Remodeled year'}, {'factValue': 'Forced air, Heat pump', 'factLabel': 'Heating'}, {'factValue': 'Central', 'factLabel': 'Cooling'}, {'factValue': '1 space', 'factLabel': 'Parking'}, {'factValue': '0.53 acres', 'factLabel': 'lotsize'}, {'factValue': '$63', 'factLabel': 'Price/sqft'}]}",,Kingsport,"[{'rating': ['5/10', '7/10', '6/10'], 'data': {'Distance': ['2.2 mi', '2.1 mi', '4.3 mi'], 'Grades': ['K-5', '6-8', '9-12']}, 'name': ['Miller Perry Elementary School', 'Colonial Heights Middle School', 'Sullivan South High School']}]","2,383 sqft",37663,3 bd,TN,,427020,,,"$149,900"
for sale,,single-family home,14290 Elgin St,2 Baths,"{'atAGlanceFacts': [{'factValue': '1965', 'factLabel': 'Year built'}, {'factValue': '', 'factLabel': 'Remodeled year'}, {'factValue': 'Forced Air', 'factLabel': 'Heating'}, {'factValue': 'Central', 'factLabel': 'Cooling'}, {'factValue': 'Attached Garage', 'factLabel': 'Parking'}, {'factValue': '6,273 sqft', 'factLabel': 'lotsize'}, {'factValue': '$125/sqft', 'factLabel': 'Price/sqft'}]}",yes,Oak Park,"[{'rating': ['8/10', '6/10'], 'data': {'Distance': ['0.97mi', '0.09mi'], 'Grades': ['9-12', 'K-12']}, 'name': ['Berkley High School', 'Norup International School']}]","1,475 sqft",48237,4 Beds,MI,2.0,,,219088916,"$184,900"
Active,,Single Family Home,5311 Boston Post Rd,3,"{'atAGlanceFacts': [{'factValue': '2009', 'factLabel': 'Year built'}, {'factValue': '', 'factLabel': 'Remodeled year'}, {'factValue': 'Radiant', 'factLabel': 'Heating'}, {'factValue': '', 'factLabel': 'Cooling'}, {'factValue': 'Garage Type', 'factLabel': 'Parking'}, {'factValue': '46174', 'factLabel': 'lotsize'}, {'factValue': '$94', 'factLabel': 'Price/sqft'}]}",,Enosburg,"[{'rating': ['7', '6', 'NR', '6'], 'data': {'Distance': ['4.4 mi', '4.6 mi', '4.6 mi', '4.6 mi'], 'Grades': ['PK–5', 'PK–8', '9–12', '6–12']}, 'name': ['Enosburg Falls Elementary School', 'Bakersfield School', 'Cold Hollow Career Center School', 'Enosburg Falls Junior/Senior High School']}]",2843,5450,3.0,VT,1,,,4736462,"$268,000"
Active,,Garden Home,15325 SW 106th Ter #602 ,,"{'atAGlanceFacts': [{'factValue': '1987', 'factLabel': 'Year built'}, {'factValue': '1987', 'factLabel': 'Remodeled year'}, {'factValue': 'Has Heating', 'factLabel': 'Heating'}, {'factValue': 'Ceiling Fan(s)', 'factLabel': 'Cooling'}, {'factValue': '', 'factLabel': 'Parking'}, {'factValue': '—', 'factLabel': 'lotsize'}, {'factValue': '$178 / Sq. Ft.', 'factLabel': 'Price/sqft'}]}",,Miami,"[{'rating': ['9', '10', 'NR', '7', '5'], 'data': {'Distance': ['0.5 mi', '10.8 mi', '5.7 mi', '0.5 mi', '0.8 mi'], 'Grades': ['Preschool to 5', 'Preschool to 8', 'K to 9', '6 to 8', '8 to 12']}, 'name': ['Dr. Gilbert L. Porter Elementary School', 'Air Base Elementary School', 'Robert Morgan Voc-Tech Institute', 'Hammocks Middle School', 'Felix Varela Senior High School']}]","1,093",33196,,FL,,,,A10774495,"195,000"
foreclosure,,multi-family,95 Steuben St,,"{'atAGlanceFacts': [{'factValue': '2004', 'factLabel': 'Year built'}, {'factValue': '', 'factLabel': 'Remodeled year'}, {'factValue': '', 'factLabel': 'Heating'}, {'factValue': '', 'factLabel': 'Cooling'}, {'factValue': '', 'factLabel': 'Parking'}, {'factValue': '1,200 sqft', 'factLabel': 'lotsize'}, {'factValue': '$255/sqft', 'factLabel': 'Price/sqft'}]}",,Staten Island,"[{'rating': ['4/10', '3/10', '4/10'], 'data': {'Distance': ['0.12mi', '3.05mi', '0.74mi'], 'Grades': ['PK-5', '9-12', '6-8']}, 'name': ['Ps 57 Hubert H Humphrey', 'New Dorp High School', 'Is 49 Bertha A Dreyfus']}]","1,440 sqft",10304,3 Beds,NY,2,,,10601262,"$367,300"
Active,,,9906 N 87TH Ave ,"2,000","{'atAGlanceFacts': [{'factValue': '1983', 'factLabel': 'Year built'}, {'factValue': '', 'factLabel': 'Remodeled year'}, {'factValue': 'Refrigeration, Ceiling Fan(s)', 'factLabel': 'Heating'}, {'factValue': 'Electric Heating', 'factLabel': 'Cooling'}, {'factValue': '', 'factLabel': 'Parking'}, {'factValue': '8,572 Sq. Ft.', 'factLabel': 'lotsize'}, {'factValue': '$193 / Sq. Ft.', 'factLabel': 'Price/sqft'}]}",,Peoria,"[{'rating': ['4', '5', '4', '4'], 'data': {'Distance': ['0.2 mi', '1.0 mi', '1.0 mi', '2.0 mi'], 'Grades': ['Preschool to 8', 'Preschool to 8', '7 to 12', '7 to 12']}, 'name': ['Alta Loma School', 'Cotton Boll School', 'Peoria High School', 'Raymond S. Kellis']}]","1,270",85345,Baths,AZ,,,,6015890,"245,000"
Active,,,12468 Filefish Ct ,,"{'atAGlanceFacts': [{'factValue': '', 'factLabel': 'Year built'}, {'factValue': '', 'factLabel': 'Remodeled year'}, {'factValue': '', 'factLabel': 'Heating'}, {'factValue': '', 'factLabel': 'Cooling'}, {'factValue': '', 'factLabel': 'Parking'}, {'factValue': '8,000 Sq. Ft.', 'factLabel': 'lotsize'}, {'factValue': None, 'factLabel': 'Price/sqft'}]}",,PLACIDA,"[{'rating': ['5', '6', '7'], 'data': {'Distance': ['6.7 mi', '6.0 mi', '8.5 mi'], 'Grades': ['Preschool to 5', '6 to 8', '9 to 12']}, 'name': ['Myakka River Elementary School', 'L. A. Ainger Middle School', 'Lemon Bay High School']}]",,33946,,FL,,,,C7416760,"4,900"
for sale,,single-family home,1420 Big Woods Rd,2 Baths,"{'atAGlanceFacts': [{'factValue': '2002', 'factLabel': 'Year built'}, {'factValue': '', 'factLabel': 'Remodeled year'}, {'factValue': 'Other', 'factLabel': 'Heating'}, {'factValue': 'Central', 'factLabel': 'Cooling'}, {'factValue': 'Attached Garage', 'factLabel': 'Parking'}, {'factValue': '6.0 acres', 'factLabel': 'lotsize'}, {'factValue': '$141/sqft', 'factLabel': 'Price/sqft'}]}",yes,Longview,"[{'rating': ['5/10', '4/10', '4/10'], 'data': {'Distance': ['11.21mi', '11.21mi', '11.21mi'], 'Grades': ['6-8', 'PK-5', 'PK-5']}, 'name': ['Judson Middle School', 'Johnston-Mcqueen Elementary School', 'Johnston-Mcqueen Elementary School']}]","2,381 sqft",75605,4 Beds,TX,1.0,,yes,20196371,"$335,800"
For sale,,Townhouse,614 NE 84th Cir,4.0,"{'atAGlanceFacts': [{'factValue': '2006', 'factLabel': 'Year built'}, {'factValue': '2006', 'factLabel': 'Remodeled year'}, {'factValue': 'Forced air', 'factLabel': 'Heating'}, {'factValue': 'Central', 'factLabel': 'Cooling'}, {'factValue': '1 space', 'factLabel': 'Parking'}, {'factValue': '1,742 sqft', 'factLabel': 'lotsize'}, {'factValue': '$125', 'factLabel': 'Price/sqft'}]}",,Vancouver,"[{'rating': ['6/10', '5/10', '6/10'], 'data': {'Distance': ['0.8 mi', '2.7 mi', '1.1 mi'], 'Grades': ['K-5', '6-8', '9-12']}, 'name': ['Dwight D Eisenhower Elementary School', 'Jefferson Middle School', 'Columbia River High School']}]","2,239",98665,3,WA,3,,,19208723,"$279,900"
for sale,,single-family home,15755 SW 23rd Avenue Rd,2 Baths,"{'atAGlanceFacts': [{'factValue': '', 'factLabel': 'Year built'}, {'factValue': '', 'factLabel': 'Remodeled year'}, {'factValue': 'Forced Air', 'factLabel': 'Heating'}, {'factValue': 'Central', 'factLabel': 'Cooling'}, {'factValue': 'Attached Garage', 'factLabel': 'Parking'}, {'factValue': '0.29 acres', 'factLabel': 'lotsize'}, {'factValue': '$114/sqft', 'factLabel': 'Price/sqft'}]}",,Ocala,"[{'rating': ['4/10', '3/10', '2/10'], 'data': {'Distance': ['1.91mi', '16.44mi', '2.32mi'], 'Grades': ['5-8', '9-12', 'K-4']}, 'name': ['Horizon Academy At Marion Oaks', 'Dunnellon High School', 'Sunrise Elementary School']}]","1,327 sqft",34473,3 Beds,FL,1.0,,,567490,"$151,900"
Active,,Single Family Home,10 Lang Dr,2.5,"{'atAGlanceFacts': [{'factValue': '1989', 'factLabel': 'Year built'}, {'factValue': '', 'factLabel': 'Remodeled year'}, {'factValue': 'Baseboard, Hot Water', 'factLabel': 'Heating'}, {'factValue': '', 'factLabel': 'Cooling'}, {'factValue': 'Garage Type', 'factLabel': 'Parking'}, {'factValue': '20038', 'factLabel': 'lotsize'}, {'factValue': '$140', 'factLabel': 'Price/sqft'}]}",,Essex,"[{'rating': ['8', '8', 'NR', 'NR', '9', '8', 'NR', 'NR'], 'data': {'Distance': ['1.2 mi', '1.0 mi', '1.4 mi', '1.4 mi', '1.3 mi', '1.6 mi', '1.3 mi', '1.8 mi'], 'Grades': ['3–5', '6–8', '9–12', 'PK–2', '6–8', '9–12', 'PK–8', '7–12']}, 'name': ['Founders Memorial School', 'Essex Middle School', 'The Center For Technology - Essex School', 'Essex Elementary School', 'Albert D. Lawton School', 'Essex Community Education Center Uhsd #46 School', 'North Country Christian Academ Private School', 'Bellcate Private School']}]",3083,5452,4.0,VT,2,,,4787145,"$432,000"
Active,,High Rise,244 Biscayne Blvd #2905 ,,"{'atAGlanceFacts': [{'factValue': '2008', 'factLabel': 'Year built'}, {'factValue': '2008', 'factLabel': 'Remodeled year'}, {'factValue': 'Central Air', 'factLabel': 'Heating'}, {'factValue': 'Has Cooling', 'factLabel': 'Cooling'}, {'factValue': '', 'factLabel': 'Parking'}, {'factValue': '—', 'factLabel': 'lotsize'}, {'factValue': None, 'factLabel': 'Price/sqft'}]}",,Miami,"[{'rating': ['4', '10', 'NR', '2', '2'], 'data': {'Distance': ['0.9 mi', '22.3 mi', '17.5 mi', '2.2 mi', '1.1 mi'], 'Grades': ['Preschool to 5', 'Preschool to 8', 'K to 9', '6 to 8', '9 to 12']}, 'name': ['Frederick R. Douglass Elementary School', 'Air Base Elementary School', 'Robert Morgan Voc-Tech Institute', 'Jose de Diego Middle School', 'Booker T. Washington Senior High School']}]",,33132,,FL,,,,A10775415,"260,000"
for sale,,townhouse,2802 Botany Pl,2 Baths,"{'atAGlanceFacts': [{'factValue': '1995', 'factLabel': 'Year built'}, {'factValue': '1995', 'factLabel': 'Remodeled year'}, {'factValue': 'Forced Air', 'factLabel': 'Heating'}, {'factValue': 'Central', 'factLabel': 'Cooling'}, {'factValue': 'Off Street', 'factLabel': 'Parking'}, {'factValue': '3,049 sqft', 'factLabel': 'lotsize'}, {'factValue': '$59/sqft', 'factLabel': 'Price/sqft'}]}",,Tallahassee,"[{'rating': ['4/10', '5/10', '2/10'], 'data': {'Distance': ['0.86mi', '0.25mi', '2.03mi'], 'Grades': ['6-8', '9-12', 'PK-5']}, 'name': ['Fairview Middle School', 'James Rickards High School', 'Bond Elementary School']}]","1,184 sqft",32301,3 Beds,FL,2.0,,,313267,"$70,000"
for sale,,single-family home,1650 32nd Ave,,"{'atAGlanceFacts': [{'factValue': '1935', 'factLabel': 'Year built'}, {'factValue': '', 'factLabel': 'Remodeled year'}, {'factValue': '', 'factLabel': 'Heating'}, {'factValue': '', 'factLabel': 'Cooling'}, {'factValue': '2', 'factLabel': 'Parking'}, {'factValue': '2,996 sqft', 'factLabel': 'lotsize'}, {'factValue': '$1,004/sqft', 'factLabel': 'Price/sqft'}]}",,San Francisco,"[{'rating': [], 'data': {'Distance': [], 'Grades': []}, 'name': []}]","1,525 sqft",94122,2 Beds,CA,1.0,,,492469,"$1,531,400"
Active,,,MLS #: SOTH2807259,,"{'atAGlanceFacts': [{'factValue': '', 'factLabel': 'Year built'}, {'factValue': '', 'factLabel': 'Remodeled year'}, {'factValue': '', 'factLabel': 'Heating'}, {'factValue': '', 'factLabel': 'Cooling'}, {'factValue': '', 'factLabel': 'Parking'}, {'factValue': '—', 'factLabel': 'lotsize'}, {'factValue': None, 'factLabel': 'Price/sqft'}]}",,New York,"[{'rating': ['10', 'NR', '8', '9', '8', '2'], 'data': {'Distance': ['0.4 mi', '0.2 mi', '1.9 mi', '2.4 mi', '2.3 mi', '1.9 mi'], 'Grades': ['K to 5', 'Preschool to 8', '6 to 8', '6 to 8', '6 to 11', '6 to 12']}, 'name': ['East Side Elementary School, PS 267', 'The Montessori School of New York - Manhattan', 'Junior High School 104 Simon Baruch', 'Nyc Lab Middle School For Collaborative Studies', 'Middle School 260 Clinton School Writers And Artists', 'Life Sciences Secondary School']}]",,10022,,NY,,,,SOTH2807259,"2,475,000"
,,Condo,20120 NE 2nd Ave APT W19,2.0,"{'atAGlanceFacts': [{'factValue': '1974', 'factLabel': 'Year built'}, {'factValue': '1974', 'factLabel': 'Remodeled year'}, {'factValue': 'Forced air', 'factLabel': 'Heating'}, {'factValue': 'Central', 'factLabel': 'Cooling'}, {'factValue': 'No Data', 'factLabel': 'Parking'}, {'factValue': None, 'factLabel': 'lotsize'}, {'factValue': '$89', 'factLabel': 'Price/sqft'}]}",,Miami Gardens,"[{'rating': ['10/10', '4/10'], 'data': {'Distance': ['30.4 mi', '1.2 mi'], 'Grades': ['PK-8', '9-12']}, 'name': ['Air Base Elementary School', 'Miami Norland Senior High School']}]","1,012",33179,2,FL,0.0,,,A10739377,"$89,900"
Active,,Single Family Home,3353 Keefer Loop,4,"{'atAGlanceFacts': [{'factValue': '2011', 'factLabel': 'Year built'}, {'factValue': '', 'factLabel': 'Remodeled year'}, {'factValue': 'Central Electric', 'factLabel': 'Heating'}, {'factValue': '', 'factLabel': 'Cooling'}, {'factValue': '', 'factLabel': 'Parking'}, {'factValue': '5793', 'factLabel': 'lotsize'}, {'factValue': '$128', 'factLabel': 'Price/sqft'}]}",,College Station,"[{'rating': ['5', '6', '7', '5', '7', '6', 'NR', 'NR'], 'data': {'Distance': ['0.8 mi', '1.1 mi', '1.9 mi', '1.6 mi', '1.5 mi', '1.6 mi', '1.2 mi', '2.0 mi'], 'Grades': ['PK–4', '7–8', '9–12', 'PK–4', '5–6', '9–12', 'PK–6', 'K–12']}, 'name': ['Rock Prairie Elementary School', 'College Station Middle School', 'College Station High School', 'Creek View Elementary School', 'Cypress Grove Intermediate School', 'A & M Cons High School', 'Aggieland Country Private School', 'Athena Learning Center of College Station Private School']}]",1762,77845,4,TX,Two Story or More,,,19018930,"$225,000"
For sale,,Single Family,340 W Sample Ave,2.0,"{'atAGlanceFacts': [{'factValue': '1969', 'factLabel': 'Year built'}, {'factValue': '1969', 'factLabel': 'Remodeled year'}, {'factValue': 'Forced air', 'factLabel': 'Heating'}, {'factValue': 'Central', 'factLabel': 'Cooling'}, {'factValue': 'Attached Garage', 'factLabel': 'Parking'}, {'factValue': '8,799 sqft', 'factLabel': 'lotsize'}, {'factValue': '$143', 'factLabel': 'Price/sqft'}]}",Yes,Fresno,"[{'rating': ['5/10', '5/10', '5/10'], 'data': {'Distance': ['0.5 mi', '1 mi', '0.9 mi'], 'Grades': ['K-6', '7-8', '9-12']}, 'name': ['Kratt Elementary School', 'Tenaya Middle School', 'Bullard High School']}]","2,205 sqft",93704,3,CA,0,,,532516,"$314,900"
For sale,,Single Family,3420 Detonte St,2,"{'atAGlanceFacts': [{'factValue': '2005', 'factLabel': 'Year built'}, {'factValue': '2005', 'factLabel': 'Remodeled year'}, {'factValue': 'Forced air', 'factLabel': 'Heating'}, {'factValue': 'Central', 'factLabel': 'Cooling'}, {'factValue': '1 space', 'factLabel': 'Parking'}, {'factValue': '5,924 sqft', 'factLabel': 'lotsize'}, {'factValue': '$148', 'factLabel': 'Price/sqft'}]}",,Dallas,"[{'rating': ['1/10', '2/10', '2/10'], 'data': {'Distance': ['0.9 mi', '2.4 mi', '1.9 mi'], 'Grades': ['PK-5', '6-8', '9-12']}, 'name': ['Paul L Dunbar Learning Center', 'Billy Earl Dade Middle School', 'James Madison High School']}]","1,348",75223,3,TX,1.0,,,14095233,"$199,900"
,,Townhouse,13415 SW 62nd St # 63,3.0,"{'atAGlanceFacts': [{'factValue': '1989', 'factLabel': 'Year built'}, {'factValue': '1989', 'factLabel': 'Remodeled year'}, {'factValue': 'Electric', 'factLabel': 'Heating'}, {'factValue': 'Other', 'factLabel': 'Cooling'}, {'factValue': 'No Data', 'factLabel': 'Parking'}, {'factValue': 'No Data', 'factLabel': 'lotsize'}, {'factValue': '$220', 'factLabel': 'Price/sqft'}]}",,Miami,"[{'rating': ['10/10', '3/10'], 'data': {'Distance': ['12.2 mi', '0.6 mi'], 'Grades': ['PK-8', '9-12']}, 'name': ['Air Base Elementary School', 'Miami Sunset Senior High School']}]","1,340",33183,3,FL,,,," 63, Miami, FL 33183","$294,500"
Active,,Traditional,4804 Cayview Ave #20312 ,,"{'atAGlanceFacts': [{'factValue': '2007', 'factLabel': 'Year built'}, {'factValue': '2007', 'factLabel': 'Remodeled year'}, {'factValue': 'Central', 'factLabel': 'Heating'}, {'factValue': 'Central Air', 'factLabel': 'Cooling'}, {'factValue': '', 'factLabel': 'Parking'}, {'factValue': '—', 'factLabel': 'lotsize'}, {'factValue': '$171 / Sq. Ft.', 'factLabel': 'Price/sqft'}]}",,ORLANDO,"[{'rating': ['2', '7', '1', '6', '7'], 'data': {'Distance': ['2.0 mi', '5.8 mi', '3.3 mi', '2.2 mi', '5.8 mi'], 'Grades': ['Preschool to 5', 'K to 8', '6 to 8', '9 to 12', '9 to 12']}, 'name': ['Tangelo Park Elementary School', 'Cornerstone Academy Charter', 'Westridge Middle School', 'Freedom High School', 'Cornerstone Charter Academy High School']}]","2,097",32819,,FL,One,,,S5021150,"359,000"
for sale,,lot/land,1113 Croquet St E,,"{'atAGlanceFacts': [{'factValue': '', 'factLabel': 'Year built'}, {'factValue': '', 'factLabel': 'Remodeled year'}, {'factValue': '', 'factLabel': 'Heating'}, {'factValue': '', 'factLabel': 'Cooling'}, {'factValue': '', 'factLabel': 'Parking'}, {'factValue': '10,411 sqft', 'factLabel': 'lotsize'}, {'factValue': None, 'factLabel': 'Price/sqft'}]}",,Lehigh Acres,"[{'rating': ['4/10', '2/10', '3/10', '2/10', '3/10', '6/10', '2/10', '2/10', '5/10', '5/10', '5/10', '4/10', '3/10', '5/10', '4/10', '2/10', '5/10', '5/10', '3/10', '3/10', '3/10', '5/10'], 'data': {'Distance': ['8.32mi', '1.8mi', '11.93mi', '14.76mi', '12.81mi', '18.85mi', '17.43mi', '3.81mi', '15.69mi', '12.8mi', '16.32mi', '3.7mi', '7.52mi', '9.74mi', '9.38mi', '2.28mi', '3.83mi', '9.07mi', '4.94mi', '16.35mi', '14.76mi', '9.39mi'], 'Grades': ['PK-5', '9-12', 'PK-5', 'PK-5', 'PK-5', 'PK-5', 'PK-5', 'PK-5', 'PK-5', '9-12', 'PK-5', '6-8', 'PK-5', 'PK-5', '9-12', 'PK-5', 'PK-8', '6-8', 'PK-5', 'PK-5', '6-8', 'PK-5']}, 'name': ['Harns Marsh Elementary School', 'East Lee County High School', 'River Hall Elementary School', 'Manatee Elementary School', 'Treeline Elementary School', 'Bayshore Elementary School', 'Edgewood Academy', 'Lehigh Elementary School', 'Orange River Elementary School', 'Riverdale High School', 'Tice Elementary School', 'Lehigh Acres Middle School', 'Sunshine Elementary School', 'Gateway Elementary School', 'Lehigh Senior High School', 'Mirror Lakes Elementary School', 'Veterans Park Academy For The Arts', 'Varsity Lakes Middle School', 'G. Weaver Hipps Elementary School', 'James Stephens International Academy', 'Oak Hammock Middle School', 'Tortuga Preserve Elementary School']}]",,33974,,FL,,,,219082889,"$5,500"
for sale,,lot/land,22314 Iso Grifo,,"{'atAGlanceFacts': [{'factValue': '', 'factLabel': 'Year built'}, {'factValue': '', 'factLabel': 'Remodeled year'}, {'factValue': 'Gas', 'factLabel': 'Heating'}, {'factValue': '', 'factLabel': 'Cooling'}, {'factValue': '', 'factLabel': 'Parking'}, {'factValue': '0.33 acres', 'factLabel': 'lotsize'}, {'factValue': None, 'factLabel': 'Price/sqft'}]}",,San Antonio,"[{'rating': ['9/10', '9/10', '9/10'], 'data': {'Distance': ['10.71mi', '4.5mi', '9.51mi'], 'Grades': ['9-12', 'PK-5', '6-8']}, 'name': ['Boerne - Samuel V Champion High School', 'Fair Oaks Ranch Elementary School', 'Boerne Middle South']}]",,78257,,TX,,,,1330689,"$179,000"
for sale,,lot/land,3903 Federal Ave,,"{'atAGlanceFacts': [{'factValue': '1918', 'factLabel': 'Year built'}, {'factValue': '', 'factLabel': 'Remodeled year'}, {'factValue': 'Wall', 'factLabel': 'Heating'}, {'factValue': '', 'factLabel': 'Cooling'}, {'factValue': '', 'factLabel': 'Parking'}, {'factValue': '10,454 sqft', 'factLabel': 'lotsize'}, {'factValue': '$323/sqft', 'factLabel': 'Price/sqft'}]}",,Everett,"[{'rating': ['6/10', '6/10', '6/10'], 'data': {'Distance': ['1.37mi', '0.13mi', '1.48mi'], 'Grades': ['9-12', 'K-5', '6-8']}, 'name': ['Everett High School', 'Jackson Elementary School', 'North Middle School']}]",680 sqft,98201,,WA,1.0,,,1530048,"$219,950"
Active,,,118 Valleybrook Rd ,,"{'atAGlanceFacts': [{'factValue': '1965', 'factLabel': 'Year built'}, {'factValue': '1980', 'factLabel': 'Remodeled year'}, {'factValue': 'Central, Gas', 'factLabel': 'Heating'}, {'factValue': 'Central, Electric', 'factLabel': 'Cooling'}, {'factValue': '', 'factLabel': 'Parking'}, {'factValue': '0.96 Acres', 'factLabel': 'lotsize'}, {'factValue': '$98 / Sq. Ft.', 'factLabel': 'Price/sqft'}]}",1,Hixson,"[{'rating': ['7', '5', '3'], 'data': {'Distance': ['1.4 mi', '0.8 mi', '0.7 mi'], 'Grades': ['K to 5', '6 to 8', '9 to 12']}, 'name': ['Big Ridge Elementary School', 'Hixson Middle School', 'Hixson High School']}]","2,600",37343,,TN,"Site Built, Tri-Level",,,1310584,"255,000"
For sale,,Single Family,4805 Michigan Ave,Bathrooms: 3,"{'atAGlanceFacts': [{'factValue': '2015', 'factLabel': 'Year built'}, {'factValue': '', 'factLabel': 'Remodeled year'}, {'factValue': 'Forced air', 'factLabel': 'Heating'}, {'factValue': 'Central', 'factLabel': 'Cooling'}, {'factValue': '', 'factLabel': 'Parking'}, {'factValue': '3,920 sqft lot', 'factLabel': 'lotsize'}, {'factValue': '$237', 'factLabel': 'Price/sqft'}]}",Yes,Nashville,"[{'rating': ['3/10', '2/10', '3/10'], 'data': {'Distance': ['0.2 mi', '0.9 mi', '2 mi'], 'Grades': ['PK-4', '5-8', '9-12']}, 'name': ['Cockrill Elementary School', 'Mckissack Middle School', 'Pearl Cohn Magnet High School']}]","Total interior livable area: 2,280 sqft",37209,4 bd,TN,2.0,2101794,,,"$539,900"
Active,,Single Family Home,416 Balsam St,2,"{'atAGlanceFacts': [{'factValue': '1959', 'factLabel': 'Year built'}, {'factValue': '', 'factLabel': 'Remodeled year'}, {'factValue': 'Forced Air', 'factLabel': 'Heating'}, {'factValue': 'Evaporative Cooler (Swamp)', 'factLabel': 'Cooling'}, {'factValue': '', 'factLabel': 'Parking'}, {'factValue': '10478', 'factLabel': 'lotsize'}, {'factValue': '$208', 'factLabel': 'Price/sqft'}]}","Insert, Wood",Lakewood,"[{'rating': ['6', '3', '7', '6', '5', '1', 'NR', 'NR'], 'data': {'Distance': ['0.4 mi', '1.1 mi', '1.0 mi', '0.8 mi', '0.8 mi', '1.1 mi', '1.0 mi', '1.0 mi'], 'Grades': ['K–6', '7–8', '9–12', 'PK–6', '7–12', 'PK–12', 'PK–8', '9–12']}, 'name': ['South Lakewood Elementary School', 'Creighton Middle School', 'Lakewood High School', 'Jefferson County Open Elementary School', 'Jefferson County Open Secondary School', 'Miller Special Education School', 'St Bernadette Catholic Private School', 'Denver Street Private School']}]",1922,80226,3.0,CO,Ranch/1 Story,,,9054001,"$399,000"
Active,,Condo/Townhome/Row Home/Co-Op,2923 Bissonnet St,2.5,"{'atAGlanceFacts': [{'factValue': '1970', 'factLabel': 'Year built'}, {'factValue': '', 'factLabel': 'Remodeled year'}, {'factValue': '', 'factLabel': 'Heating'}, {'factValue': 'Central Electric', 'factLabel': 'Cooling'}, {'factValue': '', 'factLabel': 'Parking'}, {'factValue': '1471', 'factLabel': 'lotsize'}, {'factValue': '$203', 'factLabel': 'Price/sqft'}]}",,Houston,"[{'rating': ['10', '7', '5', '7', '1', '10', 'NR', 'NR'], 'data': {'Distance': ['0.9 mi', '1.8 mi', '1.1 mi', '1.0 mi', '0.5 mi', '1.7 mi', '0.5 mi', '0.5 mi'], 'Grades': ['PK–5', '6–8', '9–12', 'PK–5', '6–8', '9–12', '6–8', 'K–K']}, 'name': ['West University Elementary School', 'Pershing Middle School', 'Lamar High School', 'Poe Elementary School', 'A+Up University School', 'Debakey High School For Health Prof', 'A+ Unlimited Potential Private School', 'River Oaks Montessori Private School']}]",2060,77005,2.0,TX,2,,,91086803,"$419,000"
for sale,,single-family home,6 Madeira Ct,2 Baths,"{'atAGlanceFacts': [{'factValue': '1993', 'factLabel': 'Year built'}, {'factValue': '1993', 'factLabel': 'Remodeled year'}, {'factValue': 'Forced Air', 'factLabel': 'Heating'}, {'factValue': 'Central', 'factLabel': 'Cooling'}, {'factValue': '', 'factLabel': 'Parking'}, {'factValue': '9,815 sqft', 'factLabel': 'lotsize'}, {'factValue': '$176/sqft', 'factLabel': 'Price/sqft'}]}",yes,Palm Coast,"[{'rating': ['5/10', '7/10', '6/10'], 'data': {'Distance': ['4.31mi', '6.57mi', '4.96mi'], 'Grades': ['9-12', 'PK-6', '7-8']}, 'name': ['Matanzas High School', 'Old Kings Elementary School', 'Indian Trails Middle School']}]","2,020 sqft",32137,2 Beds,FL,,,,239472,"$354,900"
for sale,,lot/land,750 Deacon Dr W,,"{'atAGlanceFacts': [{'factValue': '', 'factLabel': 'Year built'}, {'factValue': '', 'factLabel': 'Remodeled year'}, {'factValue': '', 'factLabel': 'Heating'}, {'factValue': '', 'factLabel': 'Cooling'}, {'factValue': '', 'factLabel': 'Parking'}, {'factValue': '3.41 acres', 'factLabel': 'lotsize'}, {'factValue': None, 'factLabel': 'Price/sqft'}]}",,College Station,"[{'rating': ['7/10', '7/10', '8/10'], 'data': {'Distance': ['1.55mi', '1.93mi', '1.58mi'], 'Grades': ['7-8', '5-6', '9-12']}, 'name': ['College Station Middle School', 'Cypress Grove Intermediate School', 'College Station High School']}]",,77845,,TX,,,,19007765,"$1,633,456"
Active,,Single Family Home,9418 Easton Ave,1.5,"{'atAGlanceFacts': [{'factValue': '1890', 'factLabel': 'Year built'}, {'factValue': '', 'factLabel': 'Remodeled year'}, {'factValue': 'Forced Air', 'factLabel': 'Heating'}, {'factValue': '', 'factLabel': 'Cooling'}, {'factValue': '', 'factLabel': 'Parking'}, {'factValue': '4970', 'factLabel': 'lotsize'}, {'factValue': '$42', 'factLabel': 'Price/sqft'}]}",,Cleveland,"[{'rating': ['5', '3', 'NR', '6', '1', '1', 'NR', 'NR'], 'data': {'Distance': ['3.7 mi', '0.4 mi', '1.3 mi', '7.2 mi', '0.8 mi', '1.3 mi', '1.0 mi', '1.4 mi'], 'Grades': ['3–12', '5–8', '9–12', 'K–5', 'PK–8', '9–11', '9–12', '9–12']}, 'name': ['Whitney Young School', 'Entrepreneurship Preparatory School:Woodland Hills Campus', 'George V. Voinovich Reclamation Academy School', 'Louisa May Alcott Elementary School', 'Nathan Hale School', 'E3agle Academy School', 'Benedictine Private School', 'Cleveland Central Catholic Private School']}]",1316,44104,4.0,OH,2.00,,,4148962,"$55,000"
Active,,,MLS #: VERU35233,,"{'atAGlanceFacts': [{'factValue': '', 'factLabel': 'Year built'}, {'factValue': '', 'factLabel': 'Remodeled year'}, {'factValue': '', 'factLabel': 'Heating'}, {'factValue': '', 'factLabel': 'Cooling'}, {'factValue': '', 'factLabel': 'Parking'}, {'factValue': '—', 'factLabel': 'lotsize'}, {'factValue': None, 'factLabel': 'Price/sqft'}]}",,New York,"[{'rating': ['7', '8', '9', '8', '8'], 'data': {'Distance': ['0.5 mi', '1.1 mi', '1.2 mi', '1.2 mi', '1.2 mi'], 'Grades': ['Preschool to 6', '6 to 8', '6 to 8', '6 to 11', '9 to 12']}, 'name': ['PS 116 Mary Lindley Murray', 'Junior High School 104 Simon Baruch', 'Nyc Lab Middle School For Collaborative Studies', 'Middle School 260 Clinton School Writers And Artists', 'Nyc Lab High School For Collaborative Studies']}]",,10016,,NY,,,,VERU35233,"840,000"
for sale,,condo,60 SW 13th St #3816,2 Baths,"{'atAGlanceFacts': [{'factValue': '2008', 'factLabel': 'Year built'}, {'factValue': '2008', 'factLabel': 'Remodeled year'}, {'factValue': 'Forced Air', 'factLabel': 'Heating'}, {'factValue': 'Central', 'factLabel': 'Cooling'}, {'factValue': 'Attached Garage', 'factLabel': 'Parking'}, {'factValue': '993 sqft', 'factLabel': 'lotsize'}, {'factValue': '$332/sqft', 'factLabel': 'Price/sqft'}]}",,Miami,"[{'rating': ['4/10', '8/10', '10/10', '2/10', 'None/10'], 'data': {'Distance': ['2.11mi', '0.05mi', '21.19mi', '1.83mi', '16.52mi'], 'Grades': ['6-8', 'PK-5', 'PK-8', '9-12', 'K-9']}, 'name': ['Shenandoah Middle School', 'Southside Elementary School', 'Air Base Elementary School', 'Booker T. Washington Senior High School', 'Robert Morgan Voc-Tech Institute']}]",992 sqft,33130,,FL,,,,A10685356,"$329,000"
,,Multi Family,163 NW 68th Ter,4.0,"{'atAGlanceFacts': [{'factValue': '2019', 'factLabel': 'Year built'}, {'factValue': None, 'factLabel': 'Remodeled year'}, {'factValue': 'Forced air', 'factLabel': 'Heating'}, {'factValue': 'Central', 'factLabel': 'Cooling'}, {'factValue': 'No Data', 'factLabel': 'Parking'}, {'factValue': None, 'factLabel': 'lotsize'}, {'factValue': 'No Data', 'factLabel': 'Price/sqft'}]}",,Miami,"[{'rating': ['10/10', '2/10'], 'data': {'Distance': ['23.7 mi', '0.5 mi'], 'Grades': ['PK-8', '9-12']}, 'name': ['Air Base Elementary School', 'Miami Edison Senior High School']}]",--,33150,6,FL,2.0,,,A10741015,"$599,000"
for sale,,single-family home,24163 US Highway 281 S,2 Baths,"{'atAGlanceFacts': [{'factValue': '1950', 'factLabel': 'Year built'}, {'factValue': '', 'factLabel': 'Remodeled year'}, {'factValue': 'Forced Air', 'factLabel': 'Heating'}, {'factValue': 'Central', 'factLabel': 'Cooling'}, {'factValue': 'Attached Garage', 'factLabel': 'Parking'}, {'factValue': '0.96 acres', 'factLabel': 'lotsize'}, {'factValue': '$118/sqft', 'factLabel': 'Price/sqft'}]}",,San Antonio,"[{'rating': ['3/10'], 'data': {'Distance': ['4.96mi'], 'Grades': ['9-12']}, 'name': ['Southside High School']}]","1,106 sqft",78264,3 Beds,TX,1.0,,,1413688,"$130,000"
for sale,,townhouse,2334 S Carlisle St,,"{'atAGlanceFacts': [{'factValue': '1920', 'factLabel': 'Year built'}, {'factValue': '', 'factLabel': 'Remodeled year'}, {'factValue': 'Baseboard', 'factLabel': 'Heating'}, {'factValue': 'Wall', 'factLabel': 'Cooling'}, {'factValue': '', 'factLabel': 'Parking'}, {'factValue': '690 sqft', 'factLabel': 'lotsize'}, {'factValue': '$216/sqft', 'factLabel': 'Price/sqft'}]}",,Philadelphia,"[{'rating': ['1/10'], 'data': {'Distance': ['0.36mi'], 'Grades': ['K-4']}, 'name': ['Girard Stephen School']}]","1,056 sqft",19145,3 Beds,PA,2.0,,,PAPH842898,"$227,900"
Active,,Single Family Home,6905 W Dartmouth Ave,2.5,"{'atAGlanceFacts': [{'factValue': '1969', 'factLabel': 'Year built'}, {'factValue': '', 'factLabel': 'Remodeled year'}, {'factValue': 'Forced Air', 'factLabel': 'Heating'}, {'factValue': 'Air Conditioning-Central', 'factLabel': 'Cooling'}, {'factValue': '2', 'factLabel': 'Parking'}, {'factValue': '12000', 'factLabel': 'lotsize'}, {'factValue': '$172', 'factLabel': 'Price/sqft'}]}",Wood,Denver,"[{'rating': ['4', '6', '2', '6', '5', 'NR', 'NR', 'NR'], 'data': {'Distance': ['0.6 mi', '0.8 mi', '0.3 mi', '1.5 mi', '0.8 mi', '1.5 mi', '0.3 mi', '0.5 mi'], 'Grades': ['PK–5', '8–8', '9–12', 'PK–5', '6–7', '6–12', 'PK–12', '3–10']}, 'name': ['Traylor Elementary School', 'Henry World School Grades 6-8', 'John F Kennedy High School', 'Sabin World School', 'Dsst: Henry Middle School', 'Summit Academy School', 'Christian Fellowship Private School', 'Tetra Academy Private School']}]",2762,80227,4.0,CO,2 Story,,,1782041,"$475,000"
Active,,Land,Murphy Rd,,"{'atAGlanceFacts': [{'factValue': '', 'factLabel': 'Year built'}, {'factValue': '', 'factLabel': 'Remodeled year'}, {'factValue': '', 'factLabel': 'Heating'}, {'factValue': '', 'factLabel': 'Cooling'}, {'factValue': '', 'factLabel': 'Parking'}, {'factValue': '130680', 'factLabel': 'lotsize'}, {'factValue': None, 'factLabel': 'Price/sqft'}]}",,Little Falls,"[{'rating': [], 'data': {'Distance': [], 'Grades': []}, 'name': []}]",0,13365,,NY,,,,201930153,"$19,500"
for sale,,single-family home,3568 Philwood Ave,,"{'atAGlanceFacts': [{'factValue': '1947', 'factLabel': 'Year built'}, {'factValue': '', 'factLabel': 'Remodeled year'}, {'factValue': 'Forced Air', 'factLabel': 'Heating'}, {'factValue': 'Central', 'factLabel': 'Cooling'}, {'factValue': '', 'factLabel': 'Parking'}, {'factValue': '7,275 sqft', 'factLabel': 'lotsize'}, {'factValue': '$151/sqft', 'factLabel': 'Price/sqft'}]}",yes,Memphis,"[{'rating': ['8/10', '3/10', '6/10', '8/10', '6/10', '3/10'], 'data': {'Distance': ['3.53mi', '1.17mi', '0.78mi', '3.53mi', '0.78mi', '1.17mi'], 'Grades': ['6-8', '9-12', 'PK-5', '6-8', 'PK-5', '9-12']}, 'name': ['White Station Middle School', 'East High School', 'Grahamwood Elementary School', 'White Station Middle School', 'Grahamwood Elementary School', 'East High School']}]","1,988 sqft",38122,3 Beds,TN,2.0,,,10062083,"$299,900"
Active,,,6295 Bahia Del Mar Cir #403 ,,"{'atAGlanceFacts': [{'factValue': '1982', 'factLabel': 'Year built'}, {'factValue': '1989', 'factLabel': 'Remodeled year'}, {'factValue': 'Central', 'factLabel': 'Heating'}, {'factValue': 'Central Air', 'factLabel': 'Cooling'}, {'factValue': '', 'factLabel': 'Parking'}, {'factValue': '—', 'factLabel': 'lotsize'}, {'factValue': '$269 / Sq. Ft.', 'factLabel': 'Price/sqft'}]}",,ST PETERSBURG,"[{'rating': ['2', '4', '4'], 'data': {'Distance': ['3.2 mi', '3.5 mi', '4.0 mi'], 'Grades': ['Preschool to 5', '6 to 8', '9 to 12']}, 'name': ['Gulfport Montessori Elementary School', 'Bay Point Middle School', 'Lakewood High School']}]",765,33715,,FL,One,,,U8061019,"205,900"
Active,,,2425 L St NW #210 ,"1,250","{'atAGlanceFacts': [{'factValue': '2006', 'factLabel': 'Year built'}, {'factValue': '2006', 'factLabel': 'Remodeled year'}, {'factValue': '', 'factLabel': 'Heating'}, {'factValue': '', 'factLabel': 'Cooling'}, {'factValue': '', 'factLabel': 'Parking'}, {'factValue': '—', 'factLabel': 'lotsize'}, {'factValue': '$582 / Sq. Ft.', 'factLabel': 'Price/sqft'}]}",,Washington,"[{'rating': ['8', 'NR', '3', 'NR'], 'data': {'Distance': ['0.2 mi', '0.1 mi', '1.8 mi', '0.6 mi'], 'Grades': ['Preschool to 8', '1 to 4', '6 to 12', 'Preschool to 8']}, 'name': ['School Without Walls @ Francis-Stevens', 'Acton Academy of Washington, Dc', 'Cardozo Education Campus', 'Owl School']}]","1,375",20037,Baths,DC,,,,DCDC448052,"800,000"
P,,Single Family Home,209 13th Ave E Unit B,3,"{'atAGlanceFacts': [{'factValue': '2015', 'factLabel': 'Year built'}, {'factValue': '', 'factLabel': 'Remodeled year'}, {'factValue': '', 'factLabel': 'Heating'}, {'factValue': '', 'factLabel': 'Cooling'}, {'factValue': '', 'factLabel': 'Parking'}, {'factValue': '871', 'factLabel': 'lotsize'}, {'factValue': '$673', 'factLabel': 'Price/sqft'}]}",,Seattle,"[{'rating': ['2', '1', '6', 'NR', '5', 'NR', 'NR', 'NR'], 'data': {'Distance': ['0.3 mi', '0.6 mi', '1.2 mi', '0.9 mi', '1.3 mi', '0.3 mi', '0.1 mi', '0.5 mi'], 'Grades': ['PK–5', '6–12', '9–12', 'PK–12', 'K–5', '9–12', '6–12']}, 'name': ['Lowell Elementary School', 'Secondary Bilingual Orientation Center School', 'Garfield High School', 'Hutch School', 'Madrona School', 'SCCC High School Completion', 'Puget Sound Primary Private School', 'Seattle Academy Private School']}]",1620,98102,3,WA,,,,1540962,"$1,090,000"
for sale,,single-family home,5611 Conecrest Ct,2 Baths,"{'atAGlanceFacts': [{'factValue': '1968', 'factLabel': 'Year built'}, {'factValue': '1968', 'factLabel': 'Remodeled year'}, {'factValue': 'Other', 'factLabel': 'Heating'}, {'factValue': 'Central', 'factLabel': 'Cooling'}, {'factValue': 'Attached Garage', 'factLabel': 'Parking'}, {'factValue': '9,300 sqft', 'factLabel': 'lotsize'}, {'factValue': '$97/sqft', 'factLabel': 'Price/sqft'}]}",yes,Houston,"[{'rating': ['2/10', '3/10', '3/10', '3/10', '2/10'], 'data': {'Distance': ['0.71mi', '0.66mi', '0.76mi', '1.02mi', '1.13mi'], 'Grades': ['9-12', 'K-4', '6-8', '5-6', '9']}, 'name': ['Eisenhower High School', 'Smith Academy', 'Hoffman Middle School', 'Caraway Intermediate School', 'Eisenhower Ninth Grade School']}]","1,946 sqft",77088,3 Beds,TX,1.0,,,2725557,"$189,000"
,,Single Family,563 W 49th St,2.0,"{'atAGlanceFacts': [{'factValue': '1947', 'factLabel': 'Year built'}, {'factValue': '1977', 'factLabel': 'Remodeled year'}, {'factValue': 'Forced air', 'factLabel': 'Heating'}, {'factValue': 'Other', 'factLabel': 'Cooling'}, {'factValue': 'No Data', 'factLabel': 'Parking'}, {'factValue': '6,499 sqft', 'factLabel': 'lotsize'}, {'factValue': '$824', 'factLabel': 'Price/sqft'}]}",,Miami Beach,"[{'rating': ['10/10', '4/10', '5/10'], 'data': {'Distance': ['25.8 mi', '0.8 mi', '1.7 mi'], 'Grades': ['PK-8', '6-8', '9-12']}, 'name': ['Air Base Elementary School', 'Nautilus Middle School', 'Miami Beach Senior High School']}]","1,700",33140,3,FL,1.0,,,A10389969,"$1,400,000"
,,Single Family,10230 Lombardy Dr,2.0,"{'atAGlanceFacts': [{'factValue': '1995', 'factLabel': 'Year built'}, {'factValue': '1996', 'factLabel': 'Remodeled year'}, {'factValue': 'Forced air', 'factLabel': 'Heating'}, {'factValue': 'Central', 'factLabel': 'Cooling'}, {'factValue': '1 space', 'factLabel': 'Parking'}, {'factValue': '4,255 sqft', 'factLabel': 'lotsize'}, {'factValue': '$164', 'factLabel': 'Price/sqft'}]}",,Tamarac,"[{'rating': ['7/10', '5/10', '5/10'], 'data': {'Distance': ['2 mi', '1.9 mi', '1.2 mi'], 'Grades': ['PK-5', '6-9', '9-12']}, 'name': ['Challenger Elementary School', 'Millennium Middle School', 'J. P. Taravella High School']}]","1,580",33321,2,FL,1.0,,,F10190944,"$259,000"
Active,,Single Family Home,17712 29th Avenue Ct E,2.5,"{'atAGlanceFacts': [{'factValue': '2017', 'factLabel': 'Year built'}, {'factValue': '', 'factLabel': 'Remodeled year'}, {'factValue': '', 'factLabel': 'Heating'}, {'factValue': '', 'factLabel': 'Cooling'}, {'factValue': '', 'factLabel': 'Parking'}, {'factValue': '4792', 'factLabel': 'lotsize'}, {'factValue': '$180', 'factLabel': 'Price/sqft'}]}",1,Tacoma,"[{'rating': ['9', '3', '4', '5', 'NR', 'NR', 'NR', 'NR'], 'data': {'Distance': ['1.1 mi', '1.4 mi', '1.3 mi', '0.7 mi', '1.9 mi', '1.9 mi', '0.4 mi', '0.5 mi'], 'Grades': ['K–5', '6–12', '9–12', 'PK–5', '7–12', '9–12', 'PK–6', 'PK–6']}, 'name': ['Evergreen Elementary School', 'Cedarcrest Jr High School', 'Spanaway Lake High School', 'Clover Creek Elementary School', 'Pierce County Skills Center School', 'Challenger Secondary School', 'Cascade Christian Private Schools - Fredrickson Elementary', 'Cascade Christian Private Schools-Spanaway Elementary']}]",2245,98445,3.0,WA,,,,1547729,"$405,000"
For sale,Yes,Single Family,47 Hammock Dunes Pl,Bathrooms: 6,"{'atAGlanceFacts': [{'factValue': '2007', 'factLabel': 'Year built'}, {'factValue': '2007', 'factLabel': 'Remodeled year'}, {'factValue': 'Other', 'factLabel': 'Heating'}, {'factValue': 'Central', 'factLabel': 'Cooling'}, {'factValue': '3 spaces', 'factLabel': 'Parking'}, {'factValue': '0.91 acres lot', 'factLabel': 'lotsize'}, {'factValue': '$190', 'factLabel': 'Price/sqft'}]}",,Spring,"[{'rating': ['5/10', '7/10', '8/10'], 'data': {'Distance': ['6.7 mi', '6.6 mi', '6.5 mi'], 'Grades': ['PK-4', '7-8', '9-12']}, 'name': ['Tomball Elementary School', 'Tomball J High School', 'Tomball High School']}]","Total interior livable area: 7,325 sqft",77389,5 bd,TX,2.0,1025267,,,"$1,395,000"
For sale,,Single Family,222 University Blvd N,3,"{'atAGlanceFacts': [{'factValue': '1985', 'factLabel': 'Year built'}, {'factValue': '1985', 'factLabel': 'Remodeled year'}, {'factValue': 'Forced air', 'factLabel': 'Heating'}, {'factValue': 'Central', 'factLabel': 'Cooling'}, {'factValue': '2 spaces', 'factLabel': 'Parking'}, {'factValue': '2,937 sqft', 'factLabel': 'lotsize'}, {'factValue': '$108', 'factLabel': 'Price/sqft'}]}",,Jacksonville,"[{'rating': ['2/10', '3/10', '4/10'], 'data': {'Distance': ['1.1 mi', '2.3 mi', '2.7 mi'], 'Grades': ['PK-5', '6-8', '9-12']}, 'name': ['Love Grove Elementary School', 'Arlington Middle School', 'Englewood High School']}]","3,700",32211,4,FL,2.0,,,958463,"$399,632"
Active,,Multi-Family Home,235 54th St SE,,"{'atAGlanceFacts': [{'factValue': '1952', 'factLabel': 'Year built'}, {'factValue': '', 'factLabel': 'Remodeled year'}, {'factValue': 'Forced Air Heating', 'factLabel': 'Heating'}, {'factValue': '', 'factLabel': 'Cooling'}, {'factValue': '', 'factLabel': 'Parking'}, {'factValue': '1920', 'factLabel': 'lotsize'}, {'factValue': '$236', 'factLabel': 'Price/sqft'}]}",,Washington,"[{'rating': ['2', '4', '3', '5', 'NR', 'NR', 'NR', 'NR'], 'data': {'Distance': ['0.1 mi', '0.8 mi', '0.8 mi', '0.4 mi', '0.4 mi', '0.4 mi', '0.9 mi', '0.9 mi'], 'Grades': ['PK–5', '6–8', '9–12', 'PK–7', '9–12', 'PK–6', 'K–8']}, 'name': ['C.W. Harris Elementary School', 'Kelly Miller Middle School', 'H.D. Woodson High School', 'DC Scholars PCS School', 'Maya Angelou PCS - Young Adult Learning Center School', 'Maya Angelou PCS - Evans High School', 'Nannie Helen Burroughs Private School', 'Free Gospel Christian Academy Private School']}]",1184,20019,0,DC,,,,DCDC452608,"$279,000"
for sale,,single-family home,539 E 42nd Pl,4 Baths,"{'atAGlanceFacts': [{'factValue': '2019', 'factLabel': 'Year built'}, {'factValue': '', 'factLabel': 'Remodeled year'}, {'factValue': 'Gas', 'factLabel': 'Heating'}, {'factValue': 'Central', 'factLabel': 'Cooling'}, {'factValue': 'Detached Garage', 'factLabel': 'Parking'}, {'factValue': '3079 sqft', 'factLabel': 'lotsize'}, {'factValue': None, 'factLabel': 'Price/sqft'}]}",yes,Chicago,"[{'rating': ['2/10', '1/10', '6/10'], 'data': {'Distance': ['0.06mi', '2.21mi', '0.62mi'], 'Grades': ['PK-8', '9-12', '9-12']}, 'name': ['Fuller Elementary School', 'Hope College Prep High School', 'Phillips Academy High School']}]",,60653,5 Beds,IL,,,,10586862,"$599,900"
for sale,,single-family home,6575 Mahogany Ridge Dr,3 Baths,"{'atAGlanceFacts': [{'factValue': '2003', 'factLabel': 'Year built'}, {'factValue': '2003', 'factLabel': 'Remodeled year'}, {'factValue': 'Baseboard', 'factLabel': 'Heating'}, {'factValue': 'Central', 'factLabel': 'Cooling'}, {'factValue': 'Attached Garage', 'factLabel': 'Parking'}, {'factValue': '0.27 acres', 'factLabel': 'lotsize'}, {'factValue': '$268/sqft', 'factLabel': 'Price/sqft'}]}",yes,Reno,"[{'rating': ['10/10', 'None/10', '9/10'], 'data': {'Distance': ['1.2mi', '1.88mi', '0.33mi'], 'Grades': ['9-12', '6-8', 'PK-5']}, 'name': ['Robert Mc Queen High School', 'B D Billinghurst Middle School', 'Rollan D. Melton Ellementary School']}]","2,331 sqft",89523,4 Beds,NV,1.0,,yes,190017754,"$625,000"
for sale,,lot/land,13119 N Bellaire Estates Dr,,"{'atAGlanceFacts': [{'factValue': '', 'factLabel': 'Year built'}, {'factValue': '', 'factLabel': 'Remodeled year'}, {'factValue': 'Gas', 'factLabel': 'Heating'}, {'factValue': '', 'factLabel': 'Cooling'}, {'factValue': '', 'factLabel': 'Parking'}, {'factValue': '2,679 sqft', 'factLabel': 'lotsize'}, {'factValue': None, 'factLabel': 'Price/sqft'}]}",,Houston,"[{'rating': ['4/10', '5/10', '4/10', '6/10'], 'data': {'Distance': ['1.04mi', '0.53mi', '0.59mi', '1.31mi'], 'Grades': ['9-12', 'PK-4', '7-8', '5-6']}, 'name': ['Hastings High School', 'Mahanay Elementary School', 'Killough Middle School', 'Youngblood Intermediate School']}]",,77072,,TX,,,,70437930,"$69,000"
for sale,,single-family home,4445 Arlington Park Dr #105,2 Baths,"{'atAGlanceFacts': [{'factValue': '', 'factLabel': 'Year built'}, {'factValue': '', 'factLabel': 'Remodeled year'}, {'factValue': '', 'factLabel': 'Heating'}, {'factValue': '', 'factLabel': 'Cooling'}, {'factValue': '', 'factLabel': 'Parking'}, {'factValue': '', 'factLabel': 'lotsize'}, {'factValue': '$31/sqft', 'factLabel': 'Price/sqft'}]}",,Lakeland,"[{'rating': ['2/10', '2/10', '2/10'], 'data': {'Distance': ['1.27mi', '3.3mi', '5.12mi'], 'Grades': ['9-12', 'PK-5', '6-8']}, 'name': ['Tenoroc High School', 'Lena Vista Elementary School', 'Jere L. Stambaugh Middle School']}]","1,232 sqft",33801,2 Beds,FL,1.0,,,,"$38,500"
,,,6031 Richmond Ave LOT 17,,"{'atAGlanceFacts': [{'factValue': None, 'factLabel': 'Year built'}, {'factValue': None, 'factLabel': 'Remodeled year'}, {'factValue': None, 'factLabel': 'Heating'}, {'factValue': None, 'factLabel': 'Cooling'}, {'factValue': None, 'factLabel': 'Parking'}, {'factValue': None, 'factLabel': 'lotsize'}, {'factValue': None, 'factLabel': 'Price/sqft'}]}",,Dallas,"[{'rating': ['5/10', '5/10', '5/10'], 'data': {'Distance': ['0.6 mi', '1 mi', '1 mi'], 'Grades': ['PK-5', '6-8', '9-12']}, 'name': ['Geneva Heights Elementary', 'J L Long Middle School', 'Woodrow Wilson High School']}]",,75206,"8,637 sqft",TX,,,,13806376,"$350,000"
Active,,Colonial,19 Chippewa Dr ,,"{'atAGlanceFacts': [{'factValue': '1962', 'factLabel': 'Year built'}, {'factValue': '', 'factLabel': 'Remodeled year'}, {'factValue': 'Central Air Conditioning', 'factLabel': 'Heating'}, {'factValue': 'Gas Heating', 'factLabel': 'Cooling'}, {'factValue': '', 'factLabel': 'Parking'}, {'factValue': '8,210 Sq. Ft.', 'factLabel': 'lotsize'}, {'factValue': '$182 / Sq. Ft.', 'factLabel': 'Price/sqft'}]}",,Thornton,"[{'rating': ['6', '6', '5', 'NR', '1'], 'data': {'Distance': ['0.9 mi', '0.7 mi', '0.7 mi', '0.9 mi', '0.5 mi'], 'Grades': ['K to 8', '4 to 5', '6 to 8', 'Pk to 5', '9 to 12']}, 'name': ['Wolcott School', 'McKinley Elementary School', 'McKinley Junior High School', 'MacArthur/echo Elementary School', 'Thornwood High School']}]",925,60476,,IL,,,,10582232,"167,900"
For sale,,Condo,154 Clearbrook # 24,2.0,"{'atAGlanceFacts': [{'factValue': '1980', 'factLabel': 'Year built'}, {'factValue': None, 'factLabel': 'Remodeled year'}, {'factValue': 'Forced air', 'factLabel': 'Heating'}, {'factValue': 'Central', 'factLabel': 'Cooling'}, {'factValue': '1 space', 'factLabel': 'Parking'}, {'factValue': None, 'factLabel': 'lotsize'}, {'factValue': '$490', 'factLabel': 'Price/sqft'}]}",,Irvine,"[{'rating': ['9/10', '8/10', '10/10'], 'data': {'Distance': ['0.3 mi', '0.1 mi', '0.7 mi'], 'Grades': ['K-6', '7-8', '9-12']}, 'name': ['Meadow Park School', 'South Lake Middle School', 'Woodbridge High School']}]",917,92614,2,CA,1,,Yes," 24, Irvine, CA 92614","$449,000"
Active,,1 Story,4142 Hunters Sun Dr ,,"{'atAGlanceFacts': [{'factValue': '1985', 'factLabel': 'Year built'}, {'factValue': '', 'factLabel': 'Remodeled year'}, {'factValue': 'Electric Heat', 'factLabel': 'Heating'}, {'factValue': 'Central Heating', 'factLabel': 'Cooling'}, {'factValue': '', 'factLabel': 'Parking'}, {'factValue': '4,840 Sq. Ft.', 'factLabel': 'lotsize'}, {'factValue': '$96 / Sq. Ft.', 'factLabel': 'Price/sqft'}]}",1,San Antonio,"[{'rating': ['3', '3', '2'], 'data': {'Distance': ['0.6 mi', '1.6 mi', '0.9 mi'], 'Grades': ['Preschool to 5', '6 to 8', '9 to 12']}, 'name': ['Candlewood Elementary School', 'Henry Metzger Middle School', 'Karen Wagner High School']}]",940,78244,,TX,,,,1411328,"89,900"
,,Single Family,3534 King George Dr,4.0,"{'atAGlanceFacts': [{'factValue': '2003', 'factLabel': 'Year built'}, {'factValue': '2017', 'factLabel': 'Remodeled year'}, {'factValue': 'Forced air', 'factLabel': 'Heating'}, {'factValue': 'Central', 'factLabel': 'Cooling'}, {'factValue': '4 spaces', 'factLabel': 'Parking'}, {'factValue': '0.39 acres', 'factLabel': 'lotsize'}, {'factValue': '$158', 'factLabel': 'Price/sqft'}]}",,Orlando,"[{'rating': ['9/10', '3/10', '7/10'], 'data': {'Distance': ['0.5 mi', '0.7 mi', '0.3 mi'], 'Grades': ['PK-8', '6-8', '9-12']}, 'name': ['Windy Ridge K-8', 'Chain Of Lakes Middle School', 'Olympia High School']}]","3,958",32835,4,FL,0,,,S5010591,"$625,000"
Active,,Single Family Home,5630 N 188th Ln,2,"{'atAGlanceFacts': [{'factValue': '2017', 'factLabel': 'Year built'}, {'factValue': '', 'factLabel': 'Remodeled year'}, {'factValue': 'Gas Heat', 'factLabel': 'Heating'}, {'factValue': 'Refrigeration', 'factLabel': 'Cooling'}, {'factValue': 'Electric Door Opener, Dir Entry frm Garage, Slab Parking Spaces', 'factLabel': 'Parking'}, {'factValue': '7768', 'factLabel': 'lotsize'}, {'factValue': '$173', 'factLabel': 'Price/sqft'}]}",,Litchfield Park,"[{'rating': ['9', '9', '6', 'NR', '8', 'NR', 'NR', 'NR'], 'data': {'Distance': ['2.7 mi', '2.9 mi', '2.2 mi', '2.8 mi', '2.8 mi', '2.2 mi', '0.6 mi', '3.7 mi'], 'Grades': ['PK–6', '5–8', '9–12', 'K–8', 'K–6', '9–12', '3–8', 'K–9']}, 'name': ['Scott L Libby Elementary School', 'Verrado Middle School', 'Verrado High School', 'White Tanks Learning Center School', 'Verrado Elementary School', 'West-Mec - Verrado High School', 'West Valley Adventist Private School', 'Vision Christian Academy Private School']}]",2200,85340,3,AZ,1,,,6004312,"$380,000"
for sale,,condo,480 NE 31st St #605,3 Baths,"{'atAGlanceFacts': [{'factValue': '2018', 'factLabel': 'Year built'}, {'factValue': '', 'factLabel': 'Remodeled year'}, {'factValue': 'Forced Air', 'factLabel': 'Heating'}, {'factValue': 'Central', 'factLabel': 'Cooling'}, {'factValue': 'Attached Garage', 'factLabel': 'Parking'}, {'factValue': '', 'factLabel': 'lotsize'}, {'factValue': '$756/sqft', 'factLabel': 'Price/sqft'}]}",,Miami,"[{'rating': ['2/10', '4/10', '10/10', '2/10', 'None/10'], 'data': {'Distance': ['1.04mi', '1.0mi', '24.0mi', '1.75mi', '19.05mi'], 'Grades': ['6-8', 'PK-5', 'PK-8', '9-12', 'K-9']}, 'name': ['Jose De Diego Middle School', 'Eneida M. Hartner Elementary School', 'Air Base Elementary School', 'Booker T. Washington Senior High School', 'Robert Morgan Voc-Tech Institute']}]","1,322 sqft",33137,2 Beds,FL,54.0,,yes,A10671072,"$999,000"
For sale,,Condo,6191 SW 37th St APT 104,Bathrooms: 2,"{'atAGlanceFacts': [{'factValue': '1971', 'factLabel': 'Year built'}, {'factValue': '1972', 'factLabel': 'Remodeled year'}, {'factValue': '', 'factLabel': 'Heating'}, {'factValue': '', 'factLabel': 'Cooling'}, {'factValue': '', 'factLabel': 'Parking'}, {'factValue': '-- sqft lot', 'factLabel': 'lotsize'}, {'factValue': '$198', 'factLabel': 'Price/sqft'}]}",,Davie,"[{'rating': ['5/10', '6/10', '4/10'], 'data': {'Distance': ['0.8 mi', '2.6 mi', '2.7 mi'], 'Grades': ['PK-5', '6-8', '9-12']}, 'name': ['Davie Elementary School', 'Driftwood Middle School', 'Hollywood Hills High School']}]",Total interior livable area: 730 sqft,33314,2 bd,FL,,F10179168,,,"$144,900"
Pending,,Single Family Home,8 Juniper Lp Dr,2,"{'atAGlanceFacts': [{'factValue': '2019', 'factLabel': 'Year built'}, {'factValue': '', 'factLabel': 'Remodeled year'}, {'factValue': 'Central Electric', 'factLabel': 'Heating'}, {'factValue': 'Ceiling Fan, Central Electric', 'factLabel': 'Cooling'}, {'factValue': '', 'factLabel': 'Parking'}, {'factValue': '10890', 'factLabel': 'lotsize'}, {'factValue': '$109', 'factLabel': 'Price/sqft'}]}",,Ocala,"[{'rating': ['3', '5', '4', '2', 'NR', '6', 'NR', 'NR'], 'data': {'Distance': ['0.8 mi', '2.8 mi', '2.6 mi', '1.8 mi', '3.9 mi', '2.5 mi', '1.5 mi', '3.3 mi'], 'Grades': ['K–5', '6–8', '9–12', 'PK–5', '6–12', '9–12', 'K–12']}, 'name': ['Legacy Elementary School', 'Belleview Middle School', 'Belleview High School', 'Belleview-Santos Elementary School', 'Silver River Mentoring And Instruction School', 'Forest High School', 'Kingsbury Academy Private School', 'Christian Learning Center Private School']}]",1232,34480,3,FL,1,,,563552,"$134,900"
Active,,Townhouse,7116 27th Ave SW ,~,"{'atAGlanceFacts': [{'factValue': '2010', 'factLabel': 'Year built'}, {'factValue': '', 'factLabel': 'Remodeled year'}, {'factValue': '', 'factLabel': 'Heating'}, {'factValue': 'Forced Air Heating', 'factLabel': 'Cooling'}, {'factValue': '', 'factLabel': 'Parking'}, {'factValue': '1,600 Sq. Ft.', 'factLabel': 'lotsize'}, {'factValue': '$302 / Sq. Ft.', 'factLabel': 'Price/sqft'}]}",1,Seattle,"[{'rating': ['3', '5', '6', '4'], 'data': {'Distance': ['1.4 mi', '0.8 mi', '0.6 mi', '0.6 mi'], 'Grades': ['Preschool to 5', 'K to 8', '6 to 8', '9 to 12']}, 'name': ['Roxhill Elementary School', 'Louisa Boren Stem K-8', 'Denny Middle School', 'Chief Sealth High School']}]","1,720",98106,Baths,WA,,,,1546133,"519,000"
Active,,Single Family Home,SE 192nd St and  124th Ave SE,3.5,"{'atAGlanceFacts': [{'factValue': '', 'factLabel': 'Year built'}, {'factValue': '', 'factLabel': 'Remodeled year'}, {'factValue': '', 'factLabel': 'Heating'}, {'factValue': '', 'factLabel': 'Cooling'}, {'factValue': '', 'factLabel': 'Parking'}, {'factValue': None, 'factLabel': 'lotsize'}, {'factValue': '$233', 'factLabel': 'Price/sqft'}]}",,Renton,"[{'rating': ['4', '5', '5', '3', '4', 'NR', 'NR', 'NR'], 'data': {'Distance': ['0.6 mi', '2.1 mi', '1.7 mi', '1.5 mi', '0.9 mi', '2.0 mi', '0.8 mi', '1.2 mi'], 'Grades': ['K–5', '6–8', '9–12', 'K–5', '6–8', 'K–12', 'PK–4', 'PK–12']}, 'name': ['Benson Hill Elementary School', 'Nelsen Middle School', 'Lindbergh Senior High School', 'Renton Park Elementary School', 'Excel Public Charter School', 'Renton Academy School', 'Dancing Pines Montessori Private School', 'Cascade Vista Baptist Private School']}]","2,733",98059,4,WA,,,,161455073,"$635,990"
Active,,Traditional,4414 W 43rd St W ,,"{'atAGlanceFacts': [{'factValue': '1955', 'factLabel': 'Year built'}, {'factValue': '1955', 'factLabel': 'Remodeled year'}, {'factValue': 'Window Units', 'factLabel': 'Heating'}, {'factValue': 'Other Heating', 'factLabel': 'Cooling'}, {'factValue': '', 'factLabel': 'Parking'}, {'factValue': '7,200 Sq. Ft.', 'factLabel': 'lotsize'}, {'factValue': '$107 / Sq. Ft.', 'factLabel': 'Price/sqft'}]}",,Houston,"[{'rating': ['2', '3', '2'], 'data': {'Distance': ['0.5 mi', '1.4 mi', '0.9 mi'], 'Grades': ['Preschool to 5', '6 to 8', '9 to 12']}, 'name': ['Smith Elementary School', 'Clifton Middle School', 'Scarborough High School']}]","1,956",77092,,TX,1,,,81889562,"210,000"
Active,,Bungalow,1701 Club Rd ,"3,000","{'atAGlanceFacts': [{'factValue': '1951', 'factLabel': 'Year built'}, {'factValue': '', 'factLabel': 'Remodeled year'}, {'factValue': '', 'factLabel': 'Heating'}, {'factValue': 'Central Air, Gas (Hot Air), Gas (Water Heater), Natural Gas', 'factLabel': 'Cooling'}, {'factValue': '', 'factLabel': 'Parking'}, {'factValue': '6,534 Sq. Ft.', 'factLabel': 'lotsize'}, {'factValue': '$252 / Sq. Ft.', 'factLabel': 'Price/sqft'}]}",,Charlotte,"[{'rating': ['6', '2', '4'], 'data': {'Distance': ['1.1 mi', '1.5 mi', '1.7 mi'], 'Grades': ['Preschool to 5', '6 to 8', '9 to 12']}, 'name': ['Shamrock Gardens Elementary', 'Eastway Middle', 'Garinger High School']}]","1,927",28205,Baths,NC,,,,3488245,"485,000"
for sale,,single-family home,4829 Star Ridge Dr,3 Baths,"{'atAGlanceFacts': [{'factValue': '2003', 'factLabel': 'Year built'}, {'factValue': '', 'factLabel': 'Remodeled year'}, {'factValue': 'Forced Air', 'factLabel': 'Heating'}, {'factValue': 'Central', 'factLabel': 'Cooling'}, {'factValue': 'Attached Garage', 'factLabel': 'Parking'}, {'factValue': '6,098 sqft', 'factLabel': 'lotsize'}, {'factValue': '$100/sqft', 'factLabel': 'Price/sqft'}]}",yes,Fort Worth,"[{'rating': ['3/10', '4/10', '3/10', '5/10'], 'data': {'Distance': ['1.56mi', '2.05mi', '3.06mi', '0.24mi'], 'Grades': ['9-12', '6-8', '6', 'PK-5']}, 'name': ['Southwest High School', 'Wedgwood Middle School', 'Wedgwood 6th Gr School', 'Hazel Harvey Peace Elementary School']}]","2,710 sqft",76133,4 Beds,TX,2,,,14244705,"$269,995"
Active,,Single Family Home,24411 Sunny Glen Ct,3,"{'atAGlanceFacts': [{'factValue': '1968', 'factLabel': 'Year built'}, {'factValue': '', 'factLabel': 'Remodeled year'}, {'factValue': '', 'factLabel': 'Heating'}, {'factValue': 'Central Electric', 'factLabel': 'Cooling'}, {'factValue': 'Parking Desc', 'factLabel': 'Parking'}, {'factValue': '11000', 'factLabel': 'lotsize'}, {'factValue': '$83', 'factLabel': 'Price/sqft'}]}",1,Houston,"[{'rating': ['NR', '4', '6', '4', 'NR', 'NR'], 'data': {'Distance': ['0.3 mi', '3.7 mi', '3.7 mi', '0.4 mi', '2.9 mi', '4.5 mi'], 'Grades': ['2–3', '6–8', '9–12', '2–5', 'PK–5', 'PK–6']}, 'name': ['Copeland Elementary School', 'Huffman Middle School', 'Hargrave High School', 'Huffman Intermediate School', 'Atascocita Christian Academy Private School', 'Kingwood Montessori Private School']}]",2522,77336,3.0,TX,1,,,95386914,"$209,000"
for sale,,single-family home,1100 Rosedale Dr NE,5 Baths,"{'atAGlanceFacts': [{'factValue': '2006', 'factLabel': 'Year built'}, {'factValue': '2006', 'factLabel': 'Remodeled year'}, {'factValue': 'Forced Air', 'factLabel': 'Heating'}, {'factValue': 'Central', 'factLabel': 'Cooling'}, {'factValue': 'Off Street', 'factLabel': 'Parking'}, {'factValue': '7,301 sqft', 'factLabel': 'lotsize'}, {'factValue': '$279/sqft', 'factLabel': 'Price/sqft'}]}",yes,Atlanta,"[{'rating': ['6/10', '8/10', '8/10'], 'data': {'Distance': ['1.13mi', '0.68mi', '0.42mi'], 'Grades': ['9-12', '6-8', 'K-5']}, 'name': ['Grady High School', 'Inman Middle School', 'Springdale Park Elementary School']}]","4,652 sqft",30306,5 Beds,GA,2.0,,,8642490,"$1,299,000"
for sale,,lot/land,Dekle Ave,,"{'atAGlanceFacts': [{'factValue': '', 'factLabel': 'Year built'}, {'factValue': '', 'factLabel': 'Remodeled year'}, {'factValue': 'Electric', 'factLabel': 'Heating'}, {'factValue': '', 'factLabel': 'Cooling'}, {'factValue': '', 'factLabel': 'Parking'}, {'factValue': '10001 sqft', 'factLabel': 'lotsize'}, {'factValue': None, 'factLabel': 'Price/sqft'}]}",,Jacksonville,"[{'rating': ['7/10', '3/10', '3/10'], 'data': {'Distance': ['2.4mi', '7.56mi', '6.41mi'], 'Grades': ['K-5', '6-8', '9-12']}, 'name': ['Dinsmore Elementary School', 'Highlands Middle School', 'Jean Ribault High School']}]",,32219,,FL,,,,F10207099,"$13,900"
,,Condo,2910 W Barcelona St # 1004,4.0,"{'atAGlanceFacts': [{'factValue': '2019', 'factLabel': 'Year built'}, {'factValue': None, 'factLabel': 'Remodeled year'}, {'factValue': 'Forced air', 'factLabel': 'Heating'}, {'factValue': 'Central', 'factLabel': 'Cooling'}, {'factValue': '2 spaces', 'factLabel': 'Parking'}, {'factValue': None, 'factLabel': 'lotsize'}, {'factValue': '$624', 'factLabel': 'Price/sqft'}]}",,Tampa,"[{'rating': ['9/10', '9/10', '8/10'], 'data': {'Distance': ['0.5 mi', '1.7 mi', '0.9 mi'], 'Grades': ['PK-5', '6-8', '9-12']}, 'name': ['Roosevelt Elementary School', 'Coleman Middle School', 'Plant High School']}]","2,538",33629,3,FL,23,,Yes," 1004, Tampa, FL 33629","$1,583,000"
for sale,,townhouse,48 E Earlham St,,"{'atAGlanceFacts': [{'factValue': '1900', 'factLabel': 'Year built'}, {'factValue': '', 'factLabel': 'Remodeled year'}, {'factValue': 'Forced Air', 'factLabel': 'Heating'}, {'factValue': 'Central', 'factLabel': 'Cooling'}, {'factValue': '', 'factLabel': 'Parking'}, {'factValue': '729 sqft', 'factLabel': 'lotsize'}, {'factValue': '$67/sqft', 'factLabel': 'Price/sqft'}]}",,Philadelphia,"[{'rating': ['1/10'], 'data': {'Distance': ['1.58mi'], 'Grades': ['9-12']}, 'name': ['King Martin Luther High School']}]",747 sqft,19144,2 Beds,PA,2.0,,,PAPH857332,"$50,000"
,,Condo,21150 Point Pl APT 705,3.0,"{'atAGlanceFacts': [{'factValue': '1996', 'factLabel': 'Year built'}, {'factValue': None, 'factLabel': 'Remodeled year'}, {'factValue': 'Forced air', 'factLabel': 'Heating'}, {'factValue': 'Central', 'factLabel': 'Cooling'}, {'factValue': '1 space', 'factLabel': 'Parking'}, {'factValue': None, 'factLabel': 'lotsize'}, {'factValue': '$264', 'factLabel': 'Price/sqft'}]}",,Aventura,"[{'rating': ['10/10', '5/10'], 'data': {'Distance': ['33.1 mi', '2.7 mi'], 'Grades': ['PK-8', '9-12']}, 'name': ['Air Base Elementary School', 'Dr Michael M. Krop Senior High School']}]","2,190",33180,3,FL,,,Yes,A10533506,"$579,000"
for sale,,condo,8730 62nd Ave #6C,2 Baths,"{'atAGlanceFacts': [{'factValue': '1987', 'factLabel': 'Year built'}, {'factValue': '', 'factLabel': 'Remodeled year'}, {'factValue': '', 'factLabel': 'Heating'}, {'factValue': 'Central', 'factLabel': 'Cooling'}, {'factValue': 'Attached Garage', 'factLabel': 'Parking'}, {'factValue': '0.77 acres', 'factLabel': 'lotsize'}, {'factValue': '$598/sqft', 'factLabel': 'Price/sqft'}]}",,Flushing,"[{'rating': ['5/10', '8/10', '6/10'], 'data': {'Distance': ['1.22mi', '0.91mi', '0.28mi'], 'Grades': ['9-12', '6-8', 'K-5']}, 'name': ['Forest Hills High School', 'Jhs 190 Russell Sage', 'Ps 139 Rego Park']}]",861 sqft,11374,2 Beds,NY,1,,,,"$515,000"
For sale,,Single Family,16879 Silica Dr,Bathrooms: 2,"{'atAGlanceFacts': [{'factValue': '2007', 'factLabel': 'Year built'}, {'factValue': '2007', 'factLabel': 'Remodeled year'}, {'factValue': 'Other', 'factLabel': 'Heating'}, {'factValue': 'Central', 'factLabel': 'Cooling'}, {'factValue': '2 spaces', 'factLabel': 'Parking'}, {'factValue': '4,273 sqft lot', 'factLabel': 'lotsize'}, {'factValue': '$167', 'factLabel': 'Price/sqft'}]}",Living Room,Victorville,"[{'rating': ['2/10', '1/10', '3/10'], 'data': {'Distance': ['0.2 mi', '1.5 mi', '3.2 mi'], 'Grades': ['K-6', '7-12', '9-12']}, 'name': ['Lomitas Elementary School', 'Lakeview Leadership Academy', 'Victor Valley High School']}]","Total interior livable area: 1,365 sqft",92395,3 bd,CA,0.0,516292,,,"$228,000"
for sale,,single-family home,2464 Winged Elm Dr E,3 Baths,"{'atAGlanceFacts': [{'factValue': '1995', 'factLabel': 'Year built'}, {'factValue': '1995', 'factLabel': 'Remodeled year'}, {'factValue': 'Forced Air', 'factLabel': 'Heating'}, {'factValue': 'Central', 'factLabel': 'Cooling'}, {'factValue': 'Attached Garage', 'factLabel': 'Parking'}, {'factValue': '0.28 acres', 'factLabel': 'lotsize'}, {'factValue': '$160/sqft', 'factLabel': 'Price/sqft'}]}",yes,Jacksonville,"[{'rating': ['7/10', '7/10', '8/10'], 'data': {'Distance': ['3.96mi', '3.24mi', '1.21mi'], 'Grades': ['6-8', '9-12', 'PK-5']}, 'name': ['Duncan U. Fletcher Middle School', 'Sandalwood High School', 'Alimacani Elementary School']}]","2,463 sqft",32246,4 Beds,FL,1.0,,,1029189,"$395,000"
for sale,,single-family home,534 Campus Oaks Ct,3 Baths,"{'atAGlanceFacts': [{'factValue': '2002', 'factLabel': 'Year built'}, {'factValue': '2002', 'factLabel': 'Remodeled year'}, {'factValue': 'Forced Air', 'factLabel': 'Heating'}, {'factValue': 'Central', 'factLabel': 'Cooling'}, {'factValue': 'Attached Garage', 'factLabel': 'Parking'}, {'factValue': '6,098 sqft', 'factLabel': 'lotsize'}, {'factValue': '$184/sqft', 'factLabel': 'Price/sqft'}]}",yes,Las Vegas,"[{'rating': ['None/10', '6/10', '5/10'], 'data': {'Distance': ['1.24mi', '0.88mi', '0.65mi'], 'Grades': ['6-8', 'PK-5', '9-12']}, 'name': ['Charles Silvestri Junior High School', 'John C. Bass Elementary School', 'Liberty High School']}]","3,254 sqft",89183,5 Beds,NV,2.0,,,1528367,"$599,000"
Active,,Farms/Ranches,19544 26 Mile Rd,2.5,"{'atAGlanceFacts': [{'factValue': '1900', 'factLabel': 'Year built'}, {'factValue': '', 'factLabel': 'Remodeled year'}, {'factValue': 'Forced Air', 'factLabel': 'Heating'}, {'factValue': 'Central', 'factLabel': 'Cooling'}, {'factValue': '', 'factLabel': 'Parking'}, {'factValue': '6882480', 'factLabel': 'lotsize'}, {'factValue': '$317', 'factLabel': 'Price/sqft'}]}",Fireplace Features,Albion,"[{'rating': ['5', '5', '5'], 'data': {'Distance': ['4.7 mi', '4.4 mi', '4.7 mi'], 'Grades': ['K–5', '6–8', '9–12']}, 'name': ['Springport Elementary School', 'Springport Middle School', 'Springport High School']}]",2364,49224,4.0,MI,Farm House,,,19049309,"$749,000"
P,,Single Family Home,11010 SE 290th St,2.5,"{'atAGlanceFacts': [{'factValue': '1981', 'factLabel': 'Year built'}, {'factValue': '', 'factLabel': 'Remodeled year'}, {'factValue': '', 'factLabel': 'Heating'}, {'factValue': '', 'factLabel': 'Cooling'}, {'factValue': 'Garage-Attached', 'factLabel': 'Parking'}, {'factValue': '66646', 'factLabel': 'lotsize'}, {'factValue': '$282', 'factLabel': 'Price/sqft'}]}",1,Auburn,"[{'rating': ['8', '4', '5', '6', '2', 'NR', 'NR', 'NR'], 'data': {'Distance': ['1.1 mi', '1.1 mi', '1.1 mi', '1.3 mi', '1.3 mi', '2.2 mi', '1.7 mi', '1.7 mi'], 'Grades': ['K–5', '6–8', '9–12', 'K–5', '6–8', '9–12', 'PK–8', 'PK–6']}, 'name': ['Hazelwood Elementary School', 'Rainier Middle School', 'Auburn Mountainview High School', 'Arthur Jacobsen Elementary School', 'Cascade Middle School', 'Green River Community College School', 'Thomas Academy Private School', 'Rcs-Kent View Elementary Private School']}]",2160,98092,4,WA,,,,1536717,"$608,500"
For sale,Yes,Single Family,1743 Vestal Way,Bathrooms: 5,"{'atAGlanceFacts': [{'factValue': '1985', 'factLabel': 'Year built'}, {'factValue': '1986', 'factLabel': 'Remodeled year'}, {'factValue': 'Forced air', 'factLabel': 'Heating'}, {'factValue': 'Central', 'factLabel': 'Cooling'}, {'factValue': '2 spaces', 'factLabel': 'Parking'}, {'factValue': '0.41 acres lot', 'factLabel': 'lotsize'}, {'factValue': '$205', 'factLabel': 'Price/sqft'}]}",,Coral Springs,"[{'rating': ['6/10', '6/10', '5/10'], 'data': {'Distance': ['0.7 mi', '1.8 mi', '1.5 mi'], 'Grades': ['PK-5', '6-8', '9-12']}, 'name': ['Maplewood Elementary School', 'Ramblewood Middle School', 'J. P. Taravella High School']}]","Total interior livable area: 3,898 sqft",33071,6 bd,FL,1.0,RX-10559665,,,"$798,900"
Active,,Bungalow,3566 Sykora Rd ,,"{'atAGlanceFacts': [{'factValue': '1900', 'factLabel': 'Year built'}, {'factValue': '1972', 'factLabel': 'Remodeled year'}, {'factValue': 'Forced Air, Gas', 'factLabel': 'Heating'}, {'factValue': 'Has Heating', 'factLabel': 'Cooling'}, {'factValue': '', 'factLabel': 'Parking'}, {'factValue': '5,998 Sq. Ft.', 'factLabel': 'lotsize'}, {'factValue': '$39 / Sq. Ft.', 'factLabel': 'Price/sqft'}]}",,Cleveland,"[{'rating': ['2', '2', '1', '3', '3', '2', '2', '3', '2', '1'], 'data': {'Distance': ['1.0 mi', '1.6 mi', '1.9 mi', '2.1 mi', '1.5 mi', '3.6 mi', '4.2 mi', '5.4 mi', '2.2 mi', '2.3 mi'], 'Grades': ['Preschool to 8', 'Preschool to 8', 'Preschool to 8', 'Preschool to 8', 'K to 8', 'Preschool to 9', 'Preschool to 9', 'Preschool to 8', '9 to 12', '9 to 12']}, 'name': ['Willow School', 'Anton Grdina', 'Luis Munoz Marin School', 'Scranton School', 'Fullerton School', 'Mary B Martin School', 'Andrew J Rickoff', 'Louis Agassiz School', 'New Technology Hs@east Tech', 'Jane Addams Business Careers High School']}]","1,288",44105,,OH,,,,4134497,"49,900"
Active,,Land,9270 Griggs Rd,0,"{'atAGlanceFacts': [{'factValue': '', 'factLabel': 'Year built'}, {'factValue': '', 'factLabel': 'Remodeled year'}, {'factValue': '', 'factLabel': 'Heating'}, {'factValue': '', 'factLabel': 'Cooling'}, {'factValue': '', 'factLabel': 'Parking'}, {'factValue': '12300', 'factLabel': 'lotsize'}, {'factValue': None, 'factLabel': 'Price/sqft'}]}",,Englewood,"[{'rating': ['6', '6', '7', '5', '4', '6', 'NR', 'NR'], 'data': {'Distance': ['2.5 mi', '2.3 mi', '2.5 mi', '6.0 mi', '12.1 mi', '12.9 mi', '2.9 mi', '3.6 mi'], 'Grades': ['PK–5', '6–8', '9–12', 'PK–5', '6–8', '9–12', 'PK–1', '5–12']}, 'name': ['Vineland Elementary School', 'L. A. Ainger Middle School', 'Lemon Bay High School', 'Myakka River Elementary School', 'Murdock Middle School', 'Port Charlotte High School', 'Redeemer Lutheran Private School', 'Faith Christian Academy Private School']}]",0,34224,,FL,,,,D6100859,"$299,000"
